{"type":"Feature","properties":{"Name":"Roman Empire","FromYear":6,"ToYear":8,"Area":3650360.249361282,"Type":"POLITY","Wikipedia":"Roman Empire","Wikidata":"Q12544","SeshatID":"it_roman_principate","Components":"","MemberOf":"","presentation_only":true,"method":"coastal-strip-fit","distance_m":25000},"geometry":{"type":"MultiPolygon","coordinates":[[[[22.509014129638672,44.38538360595703],[22.97541618347168,44.12431716918945],[22.875843048095703,43.86341094970703],[23.526037216186523,43.92862319946289],[23.92439079284668,43.86341094970703],[24.075435638427734,43.73301696777344],[24.156030654907227,43.73301696777344],[24.14060401916504,43.53750228881836],[23.974531173706055,43.472347259521484],[23.949365615844727,43.146724700927734],[23.703481674194336,43.08163070678711],[23.688810348510742,42.88639831542969],[23.5187931060791,42.75628662109375],[23.57497215270996,42.43117141723633],[23.32564926147461,42.30118942260742],[23.21365737915039,41.84651184082031],[23.44826316833496,41.781593322753906],[23.743696212768555,41.45711898803711],[25.680164337158203,41.781593322753906],[26.2325496673584,41.71668243408203],[26.574190139770508,41.97637939453125],[27.46413230895996,42.10627746582031],[27.316564560440384,42.23620986894112],[27.316564559936523,42.23620986357489],[27.34916911299286,42.207501775421115],[27.349167969634575,42.207502043791884],[27.34916795380715,42.20750205772772],[27.328095739677778,42.21244814916421],[27.30250700752142,42.220833636619595],[27.27847871511901,42.23120961270106],[27.256241276773068,42.24347701035327],[27.236008186032162,42.25751866858071],[27.217973965825745,42.27320043431307],[27.202312290486383,42.29037242581434],[27.18917429805424,42.30887044642113],[27.17868710979994,42.328517535982854],[27.170952572257963,42.3491256460483],[27.16636140924193,42.364373735705705],[27.16570302554968,42.367166690075564],[27.15886315227285,42.385123528025076],[27.153876072883723,42.40621327157683],[27.15169594770431,42.4278601123604],[27.151174031534822,42.44274707208419],[27.151951720913146,42.466061435677226],[27.155896630304497,42.48952864093955],[27.162968776431857,42.51290199723281],[27.173095141647735,42.53593564431907],[27.18617038521279,42.558387142377576],[27.18692724659828,42.55941770606781],[27.193193435668945,42.62621307373047],[27.4521484375,42.82133865356445],[27.601113991393536,43.15257197347983],[27.60047626822438,43.16225075719263],[27.60046085711279,43.169084635980575],[27.601955230626768,43.192220330177705],[27.606526859696313,43.21546400040312],[27.61413066553076,43.238579110524405],[27.624690549495593,43.261330280161815],[27.6381001150689,43.28348568595249],[27.654223706732637,43.30481943261352],[27.672897757064817,43.325113869216],[27.693932429747544,43.34416182640769],[27.717113542715417,43.36176875092193],[27.7422047522938,43.37775471458535],[27.768949975973655,43.39195627618748],[27.797076028493297,43.40422817599456],[27.803397922798947,43.40643870345987],[27.80648861882383,43.41232842211487],[27.810899742671634,43.42078472038877],[27.823933344821665,43.44280335154705],[27.83963916018037,43.4640412740866],[27.85786137829789,43.48428655314314],[27.88512158861496,43.51190588725186],[27.90496952517219,43.530348433071325],[27.92681528773439,43.54750184484948],[27.950455297816156,43.56320587807733],[27.97566902648814,43.577313759143685],[28.002221068106284,43.58969357611913],[28.010481757228142,43.59318637798637],[28.018028259277344,43.6678352355957],[28.3001708984375,44.05907440185547],[28.463375091552734,44.842647552490234],[28.80190250426893,44.97335261662716],[28.556316477821525,44.878543276423734],[28.555781758328646,44.88783055872761],[28.557622047556425,44.9115375471468],[28.562629901818745,44.93536157482996],[28.568445886224914,44.956400332116075],[28.575563317059753,44.977587112035486],[28.58511195854045,44.998495640688276],[28.597013850292168,45.01895309821575],[28.61117142409825,45.03879028739643],[28.62746828646225,45.057843040939865],[28.63812611666445,45.06929023058746],[28.655871667847926,45.08688979281527],[28.675369130089884,45.10346368172675],[28.69646661207982,45.11888239258179],[28.733285834935863,45.14382665217658],[28.760112792492247,45.16042466967019],[28.788656871447092,45.175053295348626],[28.791218616697464,45.17612246035232],[28.804920024886076,45.185178178844865],[28.830192461569826,45.19931134454441],[28.848762074091336,45.20800680464259],[28.85059815238478,45.20807649982088],[28.880678236270366,45.20690317045906],[28.909973071937515,45.20340803101671],[28.9381904795696,45.19762603831041],[28.965049234467994,45.189615012980035],[28.990281899257024,45.17945504927049],[29.01363750728096,45.167247698149765],[29.03488406945158,45.15311493275562],[29.05381087909435,45.13719790750958],[29.070230591904355,45.11965552442649],[29.083981060910137,45.10066282215057],[29.094926909303737,45.080409205044894],[29.102960827076366,45.05909653122885],[29.108004580552343,45.03693707978561],[29.110009727089793,45.01415141843758],[29.10895803037343,44.99096619380967],[29.10709296351277,44.974099181075545],[29.101736,44.980292],[29.058279,45.000963],[29.045177,45.004828],[29.014415,45.004828],[28.983246,45.012274],[28.97283,45.010972],[28.969249,45.005845],[28.966075,44.996568],[28.960216,44.987698],[28.949229,44.98371],[28.927013,44.982611],[28.91684,44.979682],[28.880056,44.954779],[28.869395,44.943345],[28.863536,44.922309],[28.863536000645077,44.92230899760579],[28.863536,44.92230899528972],[28.865082000000005,44.916570995287536],[28.874360000000006,44.91156599528563],[28.87663799919847,44.90485299764507],[28.874685,44.899115],[28.870128,44.89643],[28.865489,44.89468],[28.863536,44.891547],[28.863536001016463,44.89154699690864],[28.863536,44.891546995278034],[28.866466,44.88263599527468],[28.873545999999997,44.87498599527178],[28.881521000000006,44.869695995269765],[28.904062999999994,44.86273799526709],[28.952402996868628,44.82664599759134],[28.939708,44.816881],[28.934093,44.814195],[28.924978,44.813056],[28.924978006681496,44.813055996083115],[28.924977999999996,44.813055995248206],[28.934418,44.80752199524606],[28.938731,44.806219995245584],[28.938731,44.798774],[28.92628,44.792955],[28.925466,44.783677],[28.92546600037337,44.783676999492734],[28.925465999999993,44.78367699523698],[28.932952999999998,44.77350499523308],[28.946136995912887,44.76520399780327],[28.936371,44.759955],[28.923839,44.757799],[28.879405,44.756578],[28.868826,44.753567],[28.868190157844886,44.75328592331335],[28.81962959260936,44.731819886788514],[28.819629640729353,44.73181954342191],[28.808442,44.726874],[28.79835,44.720201],[28.788829,44.706244],[28.78712,44.693305],[28.793712,44.687893],[28.80836,44.696357],[28.80421,44.684231],[28.785411,44.679674],[28.781016,44.665269],[28.784028,44.649237],[28.792491,44.644721],[28.831138002879268,44.649700097468575],[28.831138003541998,44.649700092739586],[28.845550999999997,44.65155699518634],[28.869476999999993,44.6618109951903],[28.891368000000007,44.67719099519618],[28.911956999999997,44.696356995203544],[28.911956997972066,44.69635699811222],[28.911957,44.696357],[28.89771600396427,44.71678299431401],[28.967459,44.700994995205356],[28.983409000000005,44.69261299520209],[28.98755899927235,44.67527899823483],[28.97934,44.655341],[28.962087,44.63939],[28.938731006563742,44.634263001440836],[28.956391000000004,44.65110899518613],[28.972666999999998,44.670232995193494],[28.975351999999997,44.686834995199874],[28.975351999272505,44.68683499550173],[28.975352,44.686835],[28.952403,44.696357],[28.952402999999997,44.696356995203544],[28.952403,44.69263349520211],[28.952403,44.68891],[28.952403000000004,44.68890999520067],[28.959971997968136,44.68195199706591],[28.957774,44.678778],[28.938731,44.675238],[28.924164,44.682074],[28.918224,44.682685],[28.913829,44.679918],[28.909434,44.675198],[28.904552,44.668402],[28.885427,44.658108],[28.854177,44.634345],[28.836274,44.627427],[28.836036973455187,44.627339760995376],[28.834358205414517,44.62672191476911],[28.834358209966826,44.6267218822855],[28.787852,44.609605],[28.774181,44.600775],[28.791515,44.623847],[28.794688,44.634263],[28.779796,44.63581],[28.766938,44.633734],[28.757823,44.626776],[28.753673,44.613756],[28.766775,44.613756],[28.76059,44.603705],[28.764415,44.595893],[28.774425,44.590155],[28.787852,44.586493],[28.748057,44.577786],[28.732677,44.567857],[28.732677,44.552314],[28.737153,44.557074],[28.743907,44.561998],[28.746918,44.565985],[28.761078,44.560207],[28.774181,44.552314],[28.765636,44.538886],[28.75565085252347,44.518116533335245],[28.755650258745117,44.5181160924049],[28.753442530278395,44.513523143466756],[28.753429,44.513495],[28.745616,44.486151],[28.745616000634094,44.486150997341554],[28.74561599999999,44.486150995122316],[28.750254999999996,44.46670199511478],[28.758473999999996,44.46527699511421],[28.766368,44.47260199511706],[28.771983000000002,44.48370999512134],[28.778330999999994,44.50739199513054],[28.788097000000004,44.515366995133625],[28.808359999999993,44.52505099513742],[28.838145,44.554022995148635],[28.855642000000007,44.56769399515396],[28.873545999999997,44.573431995156184],[28.89242599999999,44.577052995157565],[28.906261,44.58771399516167],[28.914887000000007,44.60138599516695],[28.924977995616796,44.620550986849715],[28.918468,44.60102],[28.909679,44.584215],[28.844005,44.49372],[28.796723,44.467922],[28.706554,44.381049],[28.6963,44.358344],[28.693126,44.346137],[28.680186,44.353339],[28.664399,44.348375],[28.651215,44.340033],[28.64088,44.328559],[28.635102,44.316392],[28.632335,44.302436],[28.631033,44.26435],[28.631033000154343,44.264349999550355],[28.631033,44.26434999503551],[28.635265,44.25202099503066],[28.651215,44.23077999502226],[28.665211999999997,44.19928599500982],[28.668141999358276,44.18431199828341],[28.664887,44.175605],[28.664887001356014,44.17560499862772],[28.66488700000001,44.17560499500046],[28.671722991361797,44.16868700373953],[28.658376,44.174465],[28.645844,44.172024],[28.636241,44.164293],[28.63087,44.154486],[28.63087000107773,44.15448599695989],[28.630869999999998,44.15448599499204],[28.637462000000003,44.13589099498472],[28.654145000000003,44.05491799495249],[28.671235000000003,44.00332299493183],[28.67172299966924,43.99738199895602],[28.669119,43.989163],[28.660004,43.979804],[28.654959,43.961371],[28.64088,43.932196],[28.637706,43.918647],[28.61378,43.884182],[28.609386,43.874498],[28.593516,43.819525],[28.587657,43.810248],[28.584483,43.800849],[28.584483001034346,43.800848997913334],[28.584483000000002,43.80084899485038],[28.589202998726083,43.791326997416505],[28.584809,43.782416],[28.58253,43.772366],[28.581879,43.761705],[28.581879000200704,43.76170499812142],[28.581878999999994,43.76170499483451],[28.583017999549096,43.75104399905056],[28.57838,43.741278],[28.576182,43.727525],[28.57309,43.606147],[28.573090000117485,43.606146999383064],[28.57309,43.6061469947711],[28.575530999999998,43.593328994765926],[28.585704000000003,43.57583199475873],[28.595875999999997,43.56370699475375],[28.602711999999997,43.552719994749225],[28.603525999746772,43.538152999274885],[28.594574,43.512519],[28.578461,43.48078],[28.560313,43.453843],[28.545177,43.442532],[28.535004,43.438625],[28.488617,43.40644],[28.479259,43.396796],[28.473888,43.384263],[28.473155,43.366848],[28.459483,43.380683],[28.414561,43.398871],[28.404959,43.40469],[28.393809,43.414293],[28.368663,43.42178],[28.321625,43.42829],[28.299164,43.425035],[28.261567,43.410956],[28.243175,43.407782],[28.19158838654169,43.409521443690075],[28.191580761752228,43.40952170078956],[28.177989,43.40998],[28.157237,43.407782],[28.118826,43.391547],[28.091563,43.363959],[28.087006,43.355251],[28.063021293137034,43.30965568958272],[28.063008992665594,43.30965324854829],[28.031106190260857,43.248984569816564],[28.031098,43.248969],[28.017589,43.232733],[28.000173,43.223212],[27.931977,43.209784],[27.920584,43.204047],[27.913829,43.202338],[27.903982,43.202338],[27.903982,43.20233799460408],[27.90398199999999,43.195501994601244],[27.938730999999997,43.17649999459327],[27.945566999495572,43.16884999515461],[27.944347,43.157131],[27.925141,43.113593],[27.911388,43.065172],[27.904307,43.055854],[27.895518,43.049262],[27.887706,43.042141],[27.883556,43.030992],[27.883556000373282,43.03099199553497],[27.883555999999995,43.03099199453213],[27.885427000000004,43.00861199452267],[27.900400999999995,42.96287699450335],[27.90398199969363,42.94228799625608],[27.898448,42.874661],[27.898448000370767,42.874660998996774],[27.898448,42.8746609944659],[27.903981998306115,42.8596869990429],[27.883962,42.848375],[27.883556,42.831936],[27.88355600012862,42.83193599965568],[27.883556,42.83193599444771],[27.891612000000002,42.81036999443854],[27.897146,42.784002994427304],[27.897146,42.736233],[27.894705,42.717475],[27.892263,42.710517],[27.841075,42.708319],[27.787364,42.715155],[27.743571673487537,42.7160429568344],[27.74354319605465,42.71604353425819],[27.743175,42.716051],[27.732677,42.714504],[27.726774464052284,42.709483509678364],[27.72677442703544,42.70948349522298],[27.725888562713973,42.70872999303157],[27.725597,42.708482],[27.719005,42.694566],[27.715831,42.683743],[27.715831000487487,42.68374299604661],[27.715831000000005,42.683742994384346],[27.716970000000003,42.674505994380425],[27.724131999999997,42.66697799437711],[27.739512988996694,42.66107799859536],[27.712738,42.65766],[27.6692,42.643704],[27.646739,42.64057],[27.628429,42.628974],[27.628429000400747,42.62897399461464],[27.628429000000004,42.62897399436084],[27.630382000000008,42.602728994349505],[27.641449000000005,42.57477399433745],[27.6501569963873,42.55805100126813],[27.634044,42.563707],[27.540863,42.565497],[27.511485,42.553046],[27.511436617929583,42.55296901271753],[27.50565602117322,42.54377139789284],[27.5056559447538,42.54377059861937],[27.498546,42.532457],[27.491466,42.507758],[27.480154,42.482896],[27.46225,42.489569],[27.452891,42.480129],[27.45338,42.465237],[27.465668,42.455634],[27.462087,42.448717],[27.461111,42.443549],[27.465668,42.42829],[27.468435,42.435777],[27.4699,42.437079],[27.469412,42.437201],[27.465668,42.441352],[27.472667,42.461859],[27.496067619688468,42.44348595665036],[27.496067619048134,42.44348594995309],[27.503916999999998,42.43732299427792],[27.514170999999997,42.43512599427699],[27.526377999999994,42.443670994280694],[27.534434,42.45526799428575],[27.544444,42.460027994287785],[27.56202199999999,42.448187994282655],[27.571055999999995,42.45848199428709],[27.579600000000003,42.457220994286615],[27.587738,42.4514829942841],[27.595550999999997,42.448187994282655],[27.609630000000003,42.4511579942839],[27.619476999999996,42.455877994285984],[27.629405,42.45864499428721],[27.643320999467093,42.455633994401204],[27.642833,42.450507],[27.641775,42.44953],[27.639822,42.449774],[27.636485,42.448188],[27.636485001688406,42.44818799508512],[27.636484999999993,42.448187994282655],[27.642426000000004,42.430893994275166],[27.652192,42.41852399426973],[27.667734999999993,42.4160829942687],[27.691660999999996,42.428289994273975],[27.693533,42.41889099426998],[27.699067,42.41388599426772],[27.707856000000003,42.41274599426725],[27.719005,42.41469999426811],[27.71900499999999,42.407213],[27.713227,42.405951],[27.698009,42.400377],[27.69800900340519,42.400376995509106],[27.698009000000003,42.40037699426186],[27.705414,42.39061099425762],[27.70964599999999,42.38812899425655],[27.719004995192822,42.38670499498735],[27.709483,42.376776],[27.708344,42.363105],[27.708344000402022,42.363104999070984],[27.708343999999997,42.36310499424564],[27.714365999999995,42.349188994239604],[27.725840999999996,42.33893499423505],[27.74040799999999,42.33429599423309],[27.752126000000004,42.33539499423353],[27.76449600000001,42.33832399423482],[27.780446999999995,42.33893499423505],[27.780446999999995,42.332709],[27.774587,42.327216],[27.774425,42.321723],[27.77442500016467,42.321722999811186],[27.774424999999997,42.32172299422754],[27.779144999999993,42.31631099422522],[27.787851995302404,42.310980997098476],[27.76295,42.2956],[27.75115,42.277045],[27.751150001052395,42.27704499586288],[27.751150000000003,42.27704499420803],[27.754736170386476,42.26294669215655],[27.49581282663857,42.430574109864615],[27.754736828786832,42.26294465929245],[27.75587,42.25849],[27.780447,42.243354],[27.776052,42.240668],[27.775645,42.239651],[27.773692,42.235907],[27.795008772749632,42.225561991234116],[27.795008772215795,42.22556198567863],[27.809743999999995,42.218410994182314],[27.815278,42.21198199417947],[27.819998,42.2046569941763],[27.831390999999993,42.19501399417202],[27.844899999999996,42.18610299416813],[27.856211997200536,42.181300995354405],[27.854177,42.177924],[27.85141,42.170111],[27.849376,42.16706],[27.84937600302364,42.16705999869522],[27.849375999999996,42.16705999415976],[27.879080000000002,42.154241994154106],[27.886729,42.14736599415109],[27.903981999999996,42.119817994138906],[27.957773999999993,42.0943059941277],[27.964366,42.0846209941234],[27.97266699999999,42.07538499411932],[27.986582997960024,42.072088994601025],[27.982432,42.061103],[27.982432001290093,42.06110299752735],[27.982432000000003,42.06110299411301],[27.987314999999995,42.05174399410888],[27.996918000000004,42.044012994105444],[28.007008999999993,42.037908994102736],[28.0075789993916,42.03290399944268],[28.006114,42.031562],[28.003429,42.03148],[28.000173,42.030463],[28.000173005321912,42.03046299576171],[28.000172999999997,42.03046299409943],[28.011567,42.0213889940954],[28.019053999999997,42.0084499940897],[28.02035599952624,41.99457399913253],[28.013845,41.982652],[28.013845001122583,41.9826519961338],[28.013844999999996,41.98265199407828],[28.016775,41.972560994073746],[28.030609999999996,41.92454699405241],[28.030934999999996,41.913763994047656],[28.03589900000001,41.91119999404653],[28.042327999999998,41.904852994043644],[28.04655999901909,41.897120995832346],[28.044932,41.890204],[28.035818,41.885891],[28.025645,41.887356],[28.007009,41.893297],[28.002500546806697,41.8931519110756],[28.00248734585753,41.89315148624885],[27.990571,41.892768],[27.97755,41.887356],[27.969086,41.873765],[27.966075,41.848944],[27.972016,41.822252],[27.986827,41.804023],[27.99341808253683,41.79838157913943],[27.99341808091365,41.79838156220245],[28.004893000000003,41.788559993991754],[28.021250999999992,41.77041299398363],[28.040211999999997,41.72540899396346],[28.051768000000003,41.71206299395744],[28.070078999999996,41.69940799395177],[28.078461,41.69196199394841],[28.083262999999995,41.68154499394371],[28.085784999999998,41.67975499394291],[28.08839,41.676906993941635],[28.089609999065626,41.67080299861381],[28.087087,41.66706],[28.081554,41.667385],[28.076671,41.666815],[28.075938,41.660549],[28.075938000569106,41.66054899879932],[28.075937999999997,41.66054899393433],[28.08009464837609,41.65177917480469],[28.08009475682538,41.65177917480469],[28.083344,41.644924],[28.097179,41.626695],[28.113292,41.611558],[28.141856,41.598944],[28.156505,41.584377],[28.177745,41.558173],[28.232758,41.518988],[28.3044788846044,41.485130611770565],[28.304478888806496,41.48513060364189],[28.384287999999994,41.44745499383793],[28.600840999999996,41.377508993806074],[28.84276468278588,41.29024354455739],[28.353182617790807,41.39210321853891],[28.84279359007465,41.29023312350468],[28.908458,41.266547],[28.975208220521964,41.25517560318466],[28.97520821991469,41.25517559703835],[29.007578999999996,41.24966099374772],[29.01286899999999,41.24811399374699],[29.015146999999992,41.245794993745925],[29.017832999999996,41.243719993744996],[29.024261999999997,41.24282499374457],[29.031993,41.24493999374557],[29.038259000000007,41.25433999374987],[29.045177,41.256414993750774],[29.068695999999996,41.25372999374958],[29.093922999999986,41.24640499374621],[29.10922299815195,41.23529699508279],[29.099864,41.210395],[29.086762,41.191881],[29.069347,41.174709],[29.052257,41.167141],[29.040782,41.164293],[29.040782002186653,41.16429299425126],[29.040782,41.16429299370855],[29.043305000000004,41.15765999370548],[29.051442999999992,41.14984799370194],[29.057383999999992,41.141546993698064],[29.061417564129123,41.137047590862785],[28.96419178697567,41.132888796052114],[29.061418074403115,41.137047039896956],[29.063731,41.134467],[29.065684,41.132961],[29.070649,41.130194],[29.068696,41.124457],[29.064464,41.119574],[29.062266,41.11933],[29.058604,41.099595],[29.051524,41.081773],[29.043173489980024,41.06801223754883],[28.570191801278572,41.06801223754883],[28.551931,41.080512],[28.527843,41.08515],[28.532888,41.070624],[28.536219967337374,41.06801223754883],[28.321060688768195,41.06801223754883],[28.298106,41.070868],[28.264008,41.070868],[28.25587,41.073188],[28.244965,41.082953],[28.236664,41.08515],[28.199474,41.078559],[28.181651,41.077704],[28.174734,41.080837],[28.165294,41.08515],[28.117442,41.071234],[28.110542881737725,41.06801223754883],[27.527481079101562,41.06801223754883],[27.017187118530273,40.6791877746582],[27.017181411169783,40.67917620065782],[27.017187118530273,40.6791877681417],[27.527481079101562,41.06801223121303],[28.11054286817018,41.06801223121303],[28.110037,41.067776],[28.100271,41.067816],[28.044932,41.050442],[28.030121,41.047593],[28.013031,41.040717],[27.997325,41.03205],[27.986583,41.023668],[27.964366,40.996283],[27.957774,40.983303],[27.957774000856755,40.983302995312116],[27.957773999999997,40.98330299362511],[27.959238998881872,40.975286999739446],[27.941254,40.971096],[27.860688,40.978461],[27.845714,40.98607],[27.831554,40.995103],[27.815278,41.002631],[27.776134,41.010972],[27.737804,41.012641],[27.524181,40.989203],[27.493175,40.975287],[27.47169,40.94184],[27.446544,40.861721],[27.424815,40.831285],[27.330821,40.760972],[27.287934,40.703559],[27.198253,40.653144],[27.192719,40.648342],[27.182302,40.636379],[27.177745,40.632636],[27.167003,40.629869],[27.142833,40.627387],[27.115245,40.613715],[27.068614,40.614407],[27.047537,40.612209],[27.03061,40.601549],[27.001475,40.570299],[26.989757,40.563788],[26.963552,40.561021],[26.95865824377057,40.560496617841125],[26.958623434622712,40.560492887925854],[26.94988,40.559556],[26.911632,40.550727],[26.869333750522806,40.53058782690616],[26.813953546738425,40.57924074617844],[26.816661,40.580959],[26.828949,40.601996],[26.79835,40.651557],[26.790375,40.66059],[26.780528,40.659369],[26.729764328975783,40.653203117847404],[26.62644386291504,40.74397277832031],[26.140260696411133,40.614410400390625],[26.082168579101562,40.873565673828125],[25.849451065063477,40.93837356567383],[25.847313952949616,40.93846573371075],[25.849451065063473,40.93837355927806],[26.08216857910156,40.87356566740232],[26.140260696411136,40.614410393843784],[26.626443862915036,40.7439727718341],[26.72976217874909,40.65320287881526],[26.717746667464183,40.651743422692675],[26.714203,40.651313],[26.690766,40.642564],[26.677501,40.639472],[26.609223,40.639472],[26.582042,40.633002],[26.505626,40.598578],[26.477061,40.613105],[26.461192,40.617621],[26.444672,40.619045],[26.431,40.61518],[26.415294,40.608222],[26.39975,40.604153],[26.373057,40.614447],[26.35613,40.613023],[26.302582,40.601142],[26.117361,40.601996],[26.091319,40.605414],[26.076915,40.611802],[26.068533,40.627102],[26.062266,40.645413],[26.05372200167005,40.66058999703343],[26.06088299999999,40.67584899348192],[26.06088299934997,40.67584899861489],[26.060883,40.675849],[26.058116,40.697699],[26.048106,40.719631],[26.033214005221268,40.73505299459291],[26.040862999999998,40.73663999351039],[26.043956,40.73847099351123],[26.046886,40.742498993513124],[26.04688599766155,40.74249899678524],[26.046886,40.742499],[26.035981,40.757758],[26.033539,40.778266],[26.027354,40.796129],[26.00587,40.803941],[26.00587,40.81077699354495],[26.019705,40.81053299354486],[26.037851999999994,40.812566993545815],[26.053721999999997,40.81622999354748],[26.06055699999999,40.82074599354962],[26.060556997081605,40.820745998071764],[26.060557,40.820746],[26.053966,40.830959],[26.03891,40.832506],[26.022634,40.829169],[26.012218,40.824449],[26.008311,40.831204],[26.00587,40.838772],[25.998383,40.838772],[25.998383000000004,40.83877199355797],[25.998383,40.83502849355624],[25.998382999999997,40.83128499355451],[26.002777999999992,40.826076993552064],[26.005869997791688,40.817043],[25.998383,40.817043],[25.982921,40.830878],[25.951671,40.845526],[25.91863,40.852973],[25.896658,40.844916],[25.879893,40.848334],[25.825694,40.849677],[25.81422,40.85517],[25.803233,40.856513],[25.732188,40.851752],[25.691173,40.85814],[25.647146,40.870022],[25.604503,40.876166],[25.567149,40.865424],[25.558849,40.867092],[25.537771,40.870429],[25.516856,40.879096],[25.502208,40.889635],[25.486827,40.897121],[25.436778,40.905422],[25.419688,40.906399],[25.382986,40.919013],[25.340831,40.941718],[25.299653,40.95185],[25.266124,40.926907],[25.259288,40.926907],[25.2588,40.931952],[25.180675,40.942694],[25.159679,40.951728],[25.146983,40.95897],[25.138031,40.96011],[25.1340440008025,40.96287699944306],[25.1349133328041,40.96918970286315],[25.134913331930502,40.96918970290082],[25.135753,40.975287],[25.140147,40.983588],[25.148204,40.990058],[25.158458,40.994289],[25.169932,40.995795],[25.151378,41.005316],[25.138438,41.010077],[25.057302,41.009467],[25.039073,41.006049],[25.039561,40.989569],[25.018809,40.975084],[25.016961885998622,40.97427663921701],[25.016961874675413,40.97427663970535],[25.01215823218786,40.97217699528654],[25.006521,40.969713],[24.99171,40.968451],[24.991710002442275,40.96845099382629],[24.991709999999998,40.96845099361819],[24.999033998103716,40.94993699840317],[24.989757,40.942125],[24.972179,40.940741],[24.953868,40.941148],[24.940684,40.937934],[24.908051,40.923896],[24.8921,40.92064],[24.863536,40.905219],[24.833995,40.874742],[24.802013,40.853461],[24.765798,40.865424],[24.728363,40.852729],[24.708751,40.851752],[24.690115006937912,40.858587997455054],[24.694835,40.86123299356843],[24.695322999999988,40.86212799356882],[24.697519999999997,40.865423993570374],[24.697519996635876,40.86542399495304],[24.69752,40.865424],[24.662771,40.879706],[24.641368,40.864569],[24.635427,40.858588],[24.628673,40.858588],[24.61964,40.874661],[24.60906,40.888495],[24.596202001707685,40.90118999831397],[24.600758999999996,40.91380399359286],[24.600758997955115,40.91380399433966],[24.600759,40.913804],[24.586274,40.919094],[24.575531,40.926703],[24.568858,40.937405],[24.566661,40.951728],[24.517751,40.958157],[24.505138,40.961615],[24.495616,40.955878],[24.48406,40.954576],[24.472911,40.951728],[24.464122,40.941148],[24.443126,40.948065],[24.415538,40.945543],[24.391775,40.936469],[24.372244,40.91413],[24.327647,40.886217],[24.312673,40.879706],[24.31267300600311,40.87970599618731],[24.312673,40.87970599357704],[24.324718000000008,40.87205599357347],[24.33236699925101,40.862859994469645],[24.331309,40.855048],[24.309825,40.850531],[24.306,40.847073],[24.305675,40.841742],[24.305675000355407,40.8417419993891],[24.305675000000004,40.84174199355942],[24.309580999999998,40.83502799355623],[24.315277999999992,40.83222099355491],[24.331878999999997,40.833196993555376],[24.340667990323922,40.83128499565949],[24.211191,40.773204],[24.110118,40.727851],[24.07309,40.721422],[24.03004,40.723334],[23.986339,40.732164],[23.98512743364825,40.73265476501409],[23.901204417955373,40.76664962193984],[23.90120214449465,40.766650093173006],[23.874034,40.777655],[23.85434,40.781155],[23.842052,40.783352],[23.82708357327905,40.78201475908491],[23.827077885248055,40.78201425093078],[23.809255,40.780422],[23.75408,40.763007],[23.7317,40.751858],[23.710704,40.737616],[23.697032,40.721422],[23.691742,40.69538],[23.691742000869002,40.69537999776908],[23.691742,40.69537999349111],[23.700205999999994,40.673650993480926],[23.718028,40.65867699347391],[23.740976999999997,40.65314399347129],[23.755625999999992,40.64565699346774],[23.772472000000004,40.627630993459306],[23.786632000000004,40.60614699344922],[23.792653999999995,40.5879579934407],[23.799000999999997,40.58661499344005],[23.833507000000008,40.563787993429365],[23.846689999999995,40.5602889934277],[23.862477999999992,40.55914899342716],[23.877614999999995,40.56024799342768],[23.888845,40.563787993429365],[23.895273999999993,40.553045993424284],[23.914886999999993,40.53888599341761],[23.91553799955379,40.52960799977257],[23.907237,40.525377],[23.838227,40.518744],[23.837257270839327,40.51799468700221],[23.825952283449816,40.509259361909535],[23.825952251777455,40.5092592605895],[23.823009,40.506985],[23.819021,40.487738],[23.819119086051316,40.487399930076464],[23.819119079187818,40.487399908120096],[23.826671,40.461370993381095],[23.868174999999997,40.413519993358456],[23.877939999999995,40.40615499335501],[23.909679,40.394231993349365],[23.915537999999994,40.38934999334709],[23.953624,40.38263599334388],[23.963877999999998,40.3794619933424],[23.975352000000004,40.38336799334423],[24.00245199999999,40.38637899334565],[24.011729,40.39248299334852],[24.011728999886163,40.3924829999251],[24.011729,40.392483],[24.011567,40.401842],[24.005544,40.414618],[23.99122200292712,40.43406799602482],[23.998708999999998,40.440862993371425],[23.99870899635917,40.44086299669568],[23.998709,40.440863],[23.991222006721898,40.44769899386257],[24.011404,40.44916399337535],[24.02881899999999,40.43207399336724],[24.053232999999995,40.39248299334852],[24.065195999999997,40.38100799334313],[24.079646106859222,40.37049869710666],[24.05745069346567,40.29984711712853],[24.050569058375707,40.30079939260702],[24.047862,40.301174],[24.019216,40.310492],[23.993826,40.32392],[23.957367,40.352607],[23.936534,40.36518],[23.922618,40.36933],[23.88502,40.36518],[23.848318,40.372707],[23.833507,40.372016],[23.782237,40.352688],[23.77674289514176,40.35183828850341],[23.776665160855014,40.351826266214275],[23.759613,40.349189],[23.730479,40.358954],[23.72755,40.353461],[23.720714,40.344794],[23.716807,40.345282],[23.699718,40.326361],[23.693614,40.309231],[23.695649,40.292914],[23.711436,40.261135],[23.716319,40.255316],[23.723643,40.249091],[23.74172986418332,40.239831431556205],[23.74172986237142,40.23983142575993],[23.757659999999998,40.23167599327221],[23.764333999999995,40.21539899326451],[23.778575,40.202703993258446],[23.792817000000003,40.19598999325527],[23.799489999999995,40.19757699325604],[23.867685999999996,40.172755993244195],[23.880219,40.17633699324592],[23.896739000000004,40.17133199324351],[23.913341000000003,40.16136299323878],[23.926036,40.149806993233256],[23.940683999999997,40.14154699322934],[23.980235000000004,40.13068299322414],[23.985214521464762,40.12526111630751],[23.978879023986224,40.11730441897054],[23.9613981229566,40.099095535721105],[23.941884370288776,40.08204305356967],[23.920515306141315,40.066301708752654],[23.89748514846263,40.05201428309889],[23.873003037249383,40.039310323395945],[23.847291150140197,40.02830498113534],[23.83843158698611,40.02525094643405],[23.831228,40.026516],[23.824067,40.021918],[23.824028809685917,40.0217366644145],[23.823699351179805,40.020172385538125],[23.820582705773173,40.019097982516065],[23.819004812618775,40.018677114267504],[23.789887,40.055976],[23.785167001362723,40.067205996757764],[23.791515,40.083807993201766],[23.793305000000004,40.09381699320654],[23.79330499896938,40.09381699423716],[23.793305,40.093817],[23.788829,40.098293],[23.778331,40.10163],[23.772472,40.109565],[23.768728,40.118842],[23.764496,40.126166],[23.675466,40.217922],[23.641775,40.235419],[23.622732,40.239651],[23.540294,40.244778],[23.539252261809892,40.24523847377017],[23.513169355663578,40.25676792479924],[23.51316880265635,40.2567680009486],[23.484141,40.269599],[23.438487,40.279202],[23.398285,40.277737],[23.389971040678066,40.27373239130365],[23.389970800513794,40.27373242437439],[23.36607927623885,40.26222437641693],[23.365001,40.261705],[23.340099,40.227973],[23.337657,40.208441],[23.337657000661803,40.208440998554494],[23.337657,40.20844099326116],[23.345388000000007,40.19155499325313],[23.355479,40.17503499324527],[23.360606,40.156642993236524],[23.363617,40.15045799323358],[23.371349000000002,40.14740599323213],[23.391612,40.146063993231486],[23.400644999999997,40.143987993230496],[23.406505,40.13890199322807],[23.415782,40.126165993221946],[23.46924900000001,40.06708399319374],[23.498871,40.04230399318185],[23.555058780661003,40.018591614515586],[23.35633031656366,40.04593944895307],[23.352712,40.057074],[23.335134,40.074449],[23.31658,40.088853],[23.305919001773024,40.10447799740142],[23.319590999999996,40.13678599322703],[23.324555000000004,40.17495399324523],[23.324554999506052,40.17495399620205],[23.324555,40.174954],[23.318614,40.210517],[23.299083,40.235419],[23.258637,40.253119],[23.236664,40.259589],[23.199555,40.266262],[23.182384,40.274319],[23.166189,40.279853],[23.148936,40.276435],[23.096934,40.306098],[23.086762,40.307074],[23.076182,40.314439],[23.052745,40.318671],[23.029145,40.325751],[23.010916,40.351223],[22.963878,40.379462],[22.944835,40.386298],[22.927501,40.388495],[22.88819400416455,40.38629800023277],[22.897715999999992,40.40204499335308],[22.89771599819325,40.40204499701209],[22.897716,40.402045],[22.889659,40.418362],[22.860199005207573,40.44769899481417],[22.863291999999998,40.44855399337505],[22.865976999999994,40.448471993375],[22.867442,40.44944899337545],[22.867441999651543,40.44944899976762],[22.867442,40.449449],[22.867198,40.453925],[22.830903,40.485785],[22.82162500316585,40.50214299441831],[22.843515999999997,40.50918199340364],[22.88585878240156,40.51106966863275],[22.884185902106342,40.484876458142644],[22.885865180444853,40.51106996045813],[22.9074,40.51203],[22.94158,40.517157],[22.956391,40.526272],[22.962901,40.535142],[22.975108,40.542426],[22.983165,40.55268],[22.976899,40.570624],[22.952485,40.582424],[22.946137,40.584296],[22.941742,40.587348],[22.943614,40.594184],[22.949555,40.605414],[22.933767,40.630927],[22.910492,40.644599],[22.883067,40.647284],[22.854015,40.639472],[22.861095,40.620551],[22.860112278704626,40.614410400390625],[22.654850006103516,40.614410400390625],[22.654847640787988,40.61440397344081],[22.65485000610352,40.614410393843784],[22.86011213520755,40.614410393843784],[22.858663660795717,40.60535861469363],[22.858653,40.605292],[22.850597,40.593411],[22.840343,40.584296],[22.824474,40.57807],[22.815115,40.572943],[22.81511500193314,40.57294299449268],[22.815114999999988,40.57294299343367],[22.81592899768822,40.5706240000186],[22.795665,40.570787],[22.78712,40.572943],[22.778331,40.57807],[22.758556,40.567776],[22.745942,40.555243],[22.742524,40.540351],[22.742524000996152,40.54035099775853],[22.742523999999996,40.540350993418336],[22.7503359970713,40.522773],[22.744151,40.522773],[22.736664,40.529608],[22.736663999999998,40.529607993413286],[22.736664,40.515326],[22.730479,40.515326],[22.730478999999992,40.52277299341005],[22.730479,40.522773],[22.723155,40.522773],[22.719005,40.510972],[22.710948,40.511623],[22.700369,40.517808],[22.688975,40.522773],[22.688487,40.527493],[22.673513,40.526842],[22.657725,40.516669],[22.656261,40.504543],[22.656261000756462,40.50454299966703],[22.656261,40.50454299340143],[22.67530398749279,40.49616099890269],[22.666026,40.495347],[22.659679,40.492906],[22.656016,40.487616],[22.654959,40.478095],[22.650727,40.472805],[22.641612,40.474677],[22.626801,40.481879],[22.605878046763884,40.4813455635094],[22.60582763926974,40.48134427835637],[22.602875,40.481269],[22.590505,40.477444],[22.579112,40.468207],[22.593435,40.458197],[22.596040873187118,40.45461635122107],[22.596040863634258,40.45461632526438],[22.60377000000001,40.443995993372916],[22.608734999308734,40.42816799556911],[22.606456,40.41356],[22.60645600093378,40.41355999934386],[22.606456,40.41355999335851],[22.6185,40.405096993354505],[22.628266,40.39362199334907],[22.63998499999999,40.38369399334435],[22.658375999999993,40.3794619933424],[22.661142998783884,40.3690449979158],[22.647634,40.345893],[22.620616,40.310492],[22.590343,40.241645],[22.5903430002607,40.24164499386987],[22.590342999999997,40.241644993276985],[22.590830999732724,40.230169999556516],[22.552501,40.166571],[22.549653,40.143866],[22.54965300066673,40.14386599854582],[22.549652999999996,40.14386599323044],[22.557301999999993,40.127182993222455],[22.567719000000004,40.11049999321448],[22.570930767180062,40.0964469909668],[22.57093097538159,40.0964469909668],[22.572927,40.087714],[22.568858,40.064846],[22.5713,40.054267],[22.583181,40.049872],[22.587657,40.044908],[22.600271,40.016303],[22.649190786766827,39.984260661391346],[22.649190784315707,39.984260656150916],[22.652516999999992,39.98208199315305],[22.661632000000004,39.97821699315115],[22.667166000000005,39.97435099314932],[22.690928999999993,39.96816599314636],[22.696462,39.9645449931446],[22.698578,39.960882993142825],[22.707856000000003,39.9613709931431],[22.710133999615632,39.95734299382077],[22.708995,39.939032],[22.70899500032743,39.939031998396246],[22.708994999999998,39.93903199313234],[22.709809000000003,39.93504499313045],[22.710133999999993,39.9337829931298],[22.722991999999994,39.89777299311252],[22.730478999999995,39.885402993106545],[22.740896000000003,39.8747009931014],[22.778656,39.84983999308944],[22.801117000000005,39.8403179930848],[22.815277999999996,39.82904699307944],[22.840343000000004,39.80341199306705],[22.850271000000006,39.79051299306081],[22.858653000000007,39.773260993052496],[22.864757,39.75315999304279],[22.867198000000002,39.73175699303247],[22.871755,39.71580599302478],[22.901865999999995,39.65883999299719],[22.90646912644705,39.647105090001624],[22.611032961959253,39.902186447148786],[22.90647760864402,39.647085400884414],[22.925141,39.599514],[22.939464,39.580634],[22.952891,39.570014],[23.004893,39.543402],[23.03910047605219,39.53257247058074],[23.113594745210435,39.46825055371337],[23.114106,39.466986],[23.125662,39.454413],[23.131864469654875,39.44895327619538],[23.13186446309456,39.448953274865225],[23.21094799999999,39.37933999286114],[23.22380599999999,39.358587992851],[23.271332,39.32294299283358],[23.290362497988745,39.273848640718214],[23.26544563285052,39.26141381863113],[23.257790185878356,39.25830355205723],[23.318508771694344,39.228910593489786],[23.342295999999997,39.192612992769625],[23.343760999226852,39.17963299961343],[23.333263,39.174384],[23.30128,39.151353],[23.281749,39.146145],[23.243663,39.141669],[23.22462,39.137112],[23.209727,39.131822],[23.209727009137964,39.131821995985554],[23.209726999999997,39.131821992739745],[23.215099,39.1294619927386],[23.219248999999987,39.12710199273744],[23.223481,39.12518999273649],[23.230235,39.124415992736125],[23.230235,39.11815],[23.221528,39.116034],[23.214203,39.112616],[23.208263,39.10871],[23.203624,39.10456],[23.191417,39.107815],[23.1692,39.106594],[23.146251,39.101752],[23.131602,39.094306],[23.115489,39.088284],[23.092133,39.089342],[23.052013004257976,39.09772399911041],[23.061370999999998,39.11176199272991],[23.07309,39.124415992736125],[23.073089997987974,39.12441599782744],[23.07309,39.124416],[23.067719002254147,39.13800699429601],[23.081065,39.147202992747324],[23.114105999907412,39.1591249927198],[23.113943,39.146308],[23.100597,39.10456],[23.100597002693153,39.104560001150894],[23.100596999999993,39.104559992726344],[23.171723000000004,39.134954992741285],[23.182384000000003,39.14614499274681],[23.182383996993746,39.146144996844576],[23.182384,39.146145],[23.175548003776633,39.15546299485215],[23.181326000000002,39.158676992752966],[23.190929,39.15810799275271],[23.196055999999995,39.15574799275151],[23.199228999999995,39.151434992749415],[23.206309,39.157049992752164],[23.213552,39.168117992757644],[23.217133,39.17963299276325],[23.217132998669825,39.17963299572271],[23.217133,39.179633],[23.21225,39.190497],[23.186371,39.224433],[23.17554800152104,39.234279998616124],[23.179860999999995,39.25079999279819],[23.17986099868624,39.250799994967934],[23.179861,39.2508],[23.169119,39.268541],[23.151378,39.284857],[23.134613,39.296942],[23.115489,39.30744],[23.098155,39.312201],[23.020518,39.317532],[23.01978600084424,39.320989996011775],[23.021007000000004,39.32558799283486],[23.02100699875721,39.32558799531994],[23.021007,39.325588],[23.018565,39.330471],[23.013682,39.336371],[23.003429,39.352444],[22.998057,39.357123],[22.990733,39.3581],[22.963878,39.357123],[22.941173,39.361762],[22.935883,39.360582],[22.935883004481223,39.360581993851525],[22.935882999999997,39.360581992851934],[22.94288199999999,39.350978992847246],[22.942881999999997,39.344143],[22.932791,39.336005],[22.929047,39.324205],[22.92904700101893,39.324204996045516],[22.929047,39.324204992834154],[22.93214,39.312200992828345],[22.942881993048367,39.30316799866952],[22.919281,39.298651],[22.879893,39.295559],[22.84254,39.288479],[22.826182,39.272162],[22.824229,39.233466],[22.824229000276635,39.23346599827092],[22.824228999999995,39.2334659927897],[22.826182,39.221258992783696],[22.85401499999999,39.159124992753206],[22.86019899999999,39.159124992753206],[22.868012,39.1697449927584],[22.88087000000001,39.17963299276325],[22.880869997943613,39.179632998418604],[22.88087,39.179633],[22.87696400252046,39.19037499306842],[22.882091,39.190984992768854],[22.890147,39.18427199276554],[22.89502999999999,39.172796992759935],[22.901866,39.17963299276325],[22.910899000000008,39.16331599275527],[22.914560999999996,39.14378499274565],[22.920584000000005,39.125148992736456],[22.931299206244233,39.11561812793572],[22.79784685723937,39.06206472159843],[22.93130055898593,39.11561693197947],[22.936046,39.111396],[22.935883,39.116116],[22.937185,39.117255],[22.939464,39.117133],[22.942882,39.11815],[22.941844668442773,39.11984806502803],[22.951743352002882,39.123820202013135],[22.961111,39.119045],[22.973318,39.101955],[22.982432,39.084418],[22.998057,39.06977],[22.991954,39.057318],[22.993419,39.054633],[22.998057,39.049262],[22.966482,39.034654],[22.958832,39.025133],[22.963878,39.008979],[23.01531,39.033189],[23.042491,39.040107],[23.07309,39.042467],[23.07309,39.036282],[23.064708,39.028754],[23.032237,39.015123],[23.023285,39.00845],[23.019054,39.001288],[23.011729,38.981024],[23.007172,38.973944],[23.000255,38.966457],[22.996674,38.963406],[22.992198,38.959621],[22.984548,38.954332],[22.978689,38.953274],[22.964122,38.955268],[22.956391,38.954332],[22.949718,38.949612],[22.944347,38.947333],[22.936046,38.946845],[22.940603,38.936469],[22.942882,38.932603],[22.928559,38.931586],[22.908458,38.921942],[22.898448,38.919623],[22.886404,38.921698],[22.873302,38.92593],[22.859874,38.928534],[22.846528,38.926418],[22.841807,38.919176],[22.836681,38.89647],[22.8296,38.891669],[22.804698,38.891018],[22.79656,38.887112],[22.792003,38.877997],[22.77768,38.878485],[22.754568,38.873969],[22.732677,38.872382],[22.723155,38.881741],[22.718272,38.889797],[22.707774,38.887397],[22.688975,38.877997],[22.680431,38.88052],[22.663585,38.889594],[22.658376,38.891669],[22.656423,38.894355],[22.621593,38.914496],[22.613292,38.913072],[22.594981,38.902818],[22.588878,38.898017],[22.580821,38.893622],[22.569835,38.891669],[22.559906,38.891099],[22.552094,38.889228],[22.545258,38.885077],[22.538829,38.877997],[22.534923,38.880683],[22.525076,38.885443],[22.525076,38.85814],[22.572927,38.864325],[22.572927,38.85814],[22.553884,38.84809],[22.563324,38.836249],[22.582774,38.831977],[22.593435,38.844468],[22.600271,38.844468],[22.593435,38.830227],[22.608165,38.830756],[22.62143,38.833889],[22.63266,38.83515],[22.641124,38.830227],[22.690278,38.850002],[22.702647,38.850653],[22.726817,38.819648],[22.748057,38.799221],[22.758962,38.794094],[22.769542,38.784817],[22.778331,38.781724],[22.786388,38.782416],[22.805837,38.787909],[22.815929,38.789252],[22.829275,38.786078],[22.845551,38.778022],[22.859874,38.767035],[22.867198,38.755072],[22.887543,38.771145],[22.898204,38.775295],[22.914887,38.77558],[22.925629,38.771715],[22.944712897602184,38.75854503694977],[22.94471289498719,38.75854503130962],[22.94532299999999,38.75812399255502],[22.960215999999996,38.75507199255348],[23.01628699999999,38.75446199255317],[23.042002999999994,38.74673099254934],[23.059417999999994,38.72772899253992],[23.06981633731422,38.70142863925402],[22.936233239208388,38.738672189565946],[23.069819082860825,38.70142634203941],[23.090505,38.649115],[23.104503,38.638414],[23.123546,38.636908],[23.133311,38.639716],[23.145193,38.648993],[23.156423,38.653469],[23.168956,38.652289],[23.182465,38.653754],[23.182549679683873,38.65383233696309],[23.182549683005426,38.653832332539004],[23.196056000000002,38.66632699250935],[23.196055994857876,38.66632699524303],[23.196056,38.666327],[23.176768,38.676581],[23.168142011018194,38.67938899641327],[23.186778,38.68598099251915],[23.204925999999997,38.68268499251752],[23.23764099999999,38.66632699250935],[23.253754,38.66181099250713],[23.286956999999994,38.65814899250528],[23.305919,38.65265499250256],[23.320973999999996,38.64325599249784],[23.331227999999996,38.6302759924914],[23.335703999070333,38.616399995366514],[23.333263,38.604234],[23.321137,38.594428],[23.306488,38.588853],[23.293305,38.579088],[23.285411,38.556464],[23.285411004429537,38.5564640051495],[23.285411000000003,38.556463992454574],[23.295421,38.56810099246038],[23.307384,38.56854899246062],[23.319591,38.561997992457385],[23.329845,38.55271999245274],[23.340586999999996,38.54555899244916],[23.367441999999993,38.54047299244657],[23.381601999999994,38.53534599244403],[23.381601999999997,38.528551],[23.372813,38.525946],[23.349864,38.52558],[23.340099,38.522366],[23.331798,38.514879],[23.329275,38.508368],[23.329275002215635,38.50836799814839],[23.329274999999996,38.50836799243058],[23.334972000000008,38.5036069924282],[23.350596999999993,38.5018579924273],[23.418467999999994,38.50433999242858],[23.519378999999997,38.4906679924217],[23.531912,38.49811399242543],[23.542978999999995,38.51170499243223],[23.567231,38.50112499242698],[23.593014619739737,38.48057174682617],[23.593014629252835,38.48057174682617],[23.601329,38.473944],[23.580821,38.463568],[23.573497,38.460883],[23.573497,38.453437],[23.585948,38.451158],[23.596202,38.446763],[23.600108,38.440619],[23.594005,38.432929],[23.594005,38.426093],[23.625011,38.414008],[23.672862,38.356431],[23.709972,38.336737],[23.724864,38.336127],[23.781993,38.343573],[23.805024,38.332506],[23.816173,38.330512],[23.912446,38.298245],[23.932872,38.295803],[23.95102,38.29092],[23.96697,38.279283],[23.991222,38.254218],[24.038585,38.223944],[24.040333404300924,38.22237777709961],[24.002099990844727,38.22237777709961],[24.00209994909435,38.2223770883745],[24.002099990844727,38.22237776938682],[24.04033340430098,38.22237776938682],[24.046397,38.21694599228446],[24.050628999999994,38.21067899228134],[24.069020999999992,38.204738992278344],[24.073089998676554,38.19647899496076],[24.070974,38.188422],[24.068044,38.180894],[24.06804400101805,38.18089399488197],[24.068044,38.18089399226632],[24.069508999999996,38.173528992262625],[24.0805769921328,38.16600199760912],[24.069998,38.162787],[24.064138,38.155097],[24.061046,38.144192],[24.059418,38.131293],[24.053233,38.14525],[24.037771,38.143744],[24.035894827192134,38.14293121116466],[23.99624264065484,38.125753397382354],[23.99624263045485,38.125753229120676],[23.989024,38.122626],[23.990001,38.102118],[23.99409570893458,38.09033705056332],[23.994095628141775,38.090335717784086],[24.004892999999992,38.059271992205076],[24.009125000000004,38.040594992195615],[24.018565,38.02667899218861],[24.028168,38.016180992183315],[24.03272499852956,38.007757994897],[24.03004,37.99844],[24.016612,37.976955],[24.011729,37.966864],[24.01172900014391,37.96686399245579],[24.011728999999995,37.96686399215839],[24.011891999999996,37.958318992154084],[24.014495999999998,37.94847199214914],[24.01587999927977,37.93744499788199],[24.011729,37.925238],[24.011729002714464,37.925238000119926],[24.011728999999992,37.92523799213738],[24.022796999999997,37.92572699213762],[24.034434,37.92291899213617],[24.043305,37.91644899213288],[24.046396998309433,37.905991997845035],[24.042247,37.900702],[24.011729,37.89175],[24.011729006492704,37.891749994024934],[24.011728999999992,37.891749992120396],[24.018891000000004,37.88515899211708],[24.027843,37.880315992114625],[24.038909999999998,37.877874992113426],[24.053232992704373,37.878078992009605],[24.046397,37.870592],[24.046397006276383,37.870591998983805],[24.046396999999995,37.87059199210971],[24.051930999999993,37.86969599210922],[24.066904995598428,37.86440699366125],[24.060802,37.855618],[24.059337,37.848538],[24.05933700108236,37.84853799732935],[24.059337,37.84853799209857],[24.061777999999997,37.8425149920955],[24.066904994810475,37.83710399756972],[24.061778,37.834703],[24.057628,37.83218],[24.054942,37.828518],[24.053233,37.822821],[24.053233002068247,37.822820998980106],[24.05323299999999,37.82282099208552],[24.076996,37.8111029920796],[24.08464599999999,37.801743992074826],[24.087412999663353,37.78522399407628],[24.086192,37.763739],[24.081879,37.752509],[24.059418,37.733466],[24.05941800610782,37.7334659972186],[24.059417999999983,37.73346599204022],[24.07309,37.72723999203704],[24.07309,37.719794],[24.059418,37.719794],[24.059418,37.71979399203328],[24.059418,37.713568],[24.059418000000004,37.71356799203012],[24.065765999999996,37.71279499202968],[24.066741998998772,37.70970299520004],[24.065766,37.705024],[24.065766000811063,37.70502399591406],[24.065766000000004,37.70502399202579],[24.066904997254053,37.69928600585622],[24.065684,37.70189],[24.065278,37.70482],[24.063975,37.705024],[24.059418,37.699286],[24.059418003932816,37.69928599697488],[24.059417999999997,37.69928599202282],[24.072112996180152,37.689520994956084],[24.063731,37.678453],[24.046397,37.665839],[24.032725,37.651516],[24.021332,37.657782],[23.983084,37.670315],[23.967296,37.672593],[23.949718,37.677436],[23.943044000068614,37.68992699987158],[23.94337,37.72723999203704],[23.94336999993043,37.72723999203704],[23.94337,37.72724],[23.936534,37.72724],[23.922699,37.721177],[23.913341,37.739691],[23.902517,37.781887],[23.898692,37.779283],[23.888845,37.7744],[23.881602,37.791083],[23.865571,37.807685],[23.847504,37.818101],[23.833507,37.815985],[23.829112,37.819403],[23.825369,37.821357],[23.822113,37.824164],[23.819184,37.829657],[23.812999,37.829657],[23.807302,37.80858],[23.797211,37.808498],[23.786632,37.812161],[23.778982,37.802314],[23.777354,37.809068],[23.776622,37.814276],[23.773611,37.816881],[23.764496004293807,37.815985000422074],[23.770843999999997,37.828314992088295],[23.770843998184855,37.82831499647437],[23.770844,37.828315],[23.766449,37.838935],[23.744802,37.857611],[23.742198,37.876654],[23.700531,37.925198],[23.697718828524877,37.93670949815324],[23.697715554480656,37.93672290030682],[23.697032,37.939521],[23.680186,37.945868],[23.674927760870567,37.9449537000647],[23.674905274265566,37.944949790105305],[23.663341,37.942939],[23.646007,37.936672],[23.628103,37.932685],[23.62769600046775,37.93764899429506],[23.628102999999996,37.939520992144566],[23.637706,37.94293899214632],[23.640798000000004,37.94578699214775],[23.641775000000003,37.95254099215115],[23.64177499880711,37.95254099175357],[23.641775,37.952541],[23.626638,37.947496],[23.618012,37.953274],[23.610362,37.962144],[23.597667,37.966864],[23.583344,37.967108],[23.571056,37.968695],[23.560802,37.972805],[23.552989004608047,37.98045499548809],[23.560871527442522,37.986138960171864],[23.56087152020613,37.98613896278566],[23.588878,38.006334],[23.597911,38.021145],[23.590587,38.038804],[23.581309,38.046291],[23.574555,38.04678],[23.568207,38.044257],[23.559825,38.042548],[23.521821,38.042548],[23.511485,38.040432],[23.504893,38.035712],[23.499848,38.030992],[23.49464,38.028876],[23.470876,38.027777],[23.46046,38.025458],[23.456365137979216,38.02388683366168],[23.456365133213087,38.02388683538321],[23.45436476042398,38.02311930453303],[23.449962,38.02143],[23.411876,37.994371],[23.395274,37.987942],[23.395274012916225,37.98794199717074],[23.395273999999997,37.987941992169034],[23.429453984893662,37.98045499547428],[23.408946,37.974311],[23.329845,37.980455],[23.226817,37.973619],[23.225700305178165,37.97317908811857],[23.204529696234765,37.96483926573323],[23.20452968760011,37.96483911373368],[23.18922,37.958808],[23.159434,37.940538],[23.142345,37.93008],[23.094086,37.911038],[23.052013,37.925238],[23.042735,37.921942],[23.034841,37.922309],[23.026134,37.92414],[23.015147,37.925238],[23.011485,37.919989],[23.011729,37.908515],[23.010265,37.896959],[23.001475,37.89175],[22.995128,37.882148],[22.999522,37.862698],[23.012543,37.847561],[23.032237,37.850775],[23.049653,37.843573],[23.058609243617184,37.84265611564043],[23.058609245621355,37.84265610753083],[23.073496999999996,37.84113199209481],[23.097179,37.84357299209603],[23.114105999999992,37.85077499209968],[23.146251000000007,37.82583199208707],[23.163829000000003,37.81525299208167],[23.182383996917093,37.80914899309275],[23.177989,37.799302],[23.176443,37.789984],[23.17644300069118,37.78998399623472],[23.176443,37.78998399206886],[23.177989000000007,37.781561992064574],[23.182383995535723,37.77439999933584],[23.168712,37.772366],[23.150401,37.763373],[23.128184,37.760484],[23.125011,37.75727],[23.124034,37.750963],[23.120942,37.740912],[23.12094200206283,37.74091199874948],[23.120942000000003,37.740911992043955],[23.145844,37.725815992036324],[23.159353000000003,37.72077099203373],[23.175547996833885,37.71979399222428],[23.16627,37.697008],[23.163829,37.681586],[23.16382900074313,37.681585996708954],[23.163828999999996,37.681585992013886],[23.167247000000003,37.66644899200617],[23.175547996947543,37.64468],[23.161876,37.64468],[23.161876000992894,37.64467999199508],[23.161876,37.64467999199508],[23.162239751611526,37.641746520996094],[23.162239856013557,37.641746520996094],[23.164561,37.623033],[23.16863,37.614163],[23.190115,37.607327],[23.230235,37.582587],[23.237641,37.590033],[23.274669,37.561225],[23.279063,37.559963],[23.28419,37.559231],[23.292247,37.555894],[23.312348,37.542548],[23.323009,37.537421],[23.336681,37.535468],[23.36000158413024,37.547489214073636],[23.36000158549603,37.54748920672331],[23.360362,37.54767499194573],[23.360361999638982,37.5476749998139],[23.360362,37.547675],[23.359141,37.574286],[23.35357235268348,37.58208972959345],[23.353534873391325,37.58214225191076],[23.340587,37.600287],[23.312185,37.610541],[23.312185,37.617377],[23.329112,37.628241],[23.344077953880248,37.63318620914357],[23.344077955282646,37.63318620159622],[23.34783,37.63442599198987],[23.398692000000004,37.63788499199163],[23.40902799882189,37.62592199334909],[23.404307,37.59927],[23.390798,37.571357],[23.374278,37.555894],[23.37427800451878,37.55589399617958],[23.374277999999997,37.55589399194992],[23.384288000000005,37.54743099194564],[23.395030000000006,37.54140899194258],[23.407399999999996,37.537501991940594],[23.422048,37.53546799193957],[23.422048,37.528022],[23.40268,37.522528],[23.395274,37.521796],[23.395274000000004,37.52179599193256],[23.395274,37.51496],[23.395274,37.5149599919291],[23.40211,37.5149599919291],[23.410654999999995,37.511907991927515],[23.43629,37.50812399192563],[23.458832,37.49616099191953],[23.479176999999996,37.49066799191672],[23.52564499484527,37.4597029953359],[23.520518,37.455064],[23.518891,37.45303],[23.51889100330015,37.453029996023226],[23.518891,37.45302999189753],[23.520681,37.450872991896475],[23.525645,37.44603099189397],[23.525645,37.439195],[23.505382,37.430487],[23.446544,37.414618],[23.441824,37.414415],[23.40313557161028,37.41288796687331],[23.385144217247923,37.41217785149462],[23.38514421794464,37.41217784774507],[23.323253,37.409735],[23.305919,37.411933],[23.307384,37.408393],[23.308116,37.40526],[23.309418,37.402045],[23.312185,37.398261],[23.276052,37.402248],[23.262706,37.401028],[23.264415,37.390815],[23.230235,37.384589],[23.229991,37.374945],[23.237071,37.370307],[23.247406,37.369452],[23.257579,37.370917],[23.251313,37.363511],[23.251313,37.357327],[23.258962,37.356391],[23.278005,37.34984],[23.26238,37.34398],[23.243988,37.342434],[23.206716,37.343695],[23.186046,37.340644],[23.185395,37.33218],[23.1944340667109,37.3193473815918],[23.16850662276406,37.3193473815918],[23.168506622314457,37.31934737342108],[23.194434065805684,37.31934737342108],[23.194509000000004,37.31924099182928],[23.20362399587245,37.30267999932017],[23.182872,37.299262],[23.16863,37.299506],[23.156261,37.303127],[23.141449,37.309516],[23.141449000000005,37.31635199182779],[23.161876000000003,37.31635199182779],[23.161876000000003,37.323146991831265],[23.161876,37.323147],[23.150157,37.325751],[23.136241,37.323717],[23.123383,37.324774],[23.11410600912115,37.33616798879741],[23.134612999999995,37.32933199183442],[23.134612994897413,37.32933200170095],[23.134613,37.329332],[23.129731,37.338772],[23.122406,37.345689],[23.100597,37.357327],[23.092784,37.350775],[23.082774,37.350531],[23.07309,37.355211],[23.073090000000004,37.35732699184875],[23.07309,37.357327],[23.070079000530846,37.38890199443326],[23.072602,37.40110899187107],[23.083751,37.39451699186768],[23.094981,37.38955299186515],[23.105235000000004,37.39691799186892],[23.112559000000005,37.41087499187604],[23.114105999999996,37.42560499188358],[23.135997000000003,37.41547299187838],[23.141449,37.41193299187658],[23.141449000000005,37.41815799187974],[23.141449,37.418158],[23.136567,37.427314],[23.135102,37.433498],[23.134613,37.442613],[23.132009,37.448635],[23.125499,37.451117],[23.117931,37.452826],[23.111339,37.45661],[23.097179,37.462226],[23.062022,37.454983],[23.045909010136956,37.45970299703057],[23.059417999999997,37.46653899190445],[23.059417995994476,37.46653899797307],[23.059418,37.466539],[23.045909,37.487006],[23.021007,37.475287],[23.011241,37.469062],[23.004893,37.459703],[22.990896,37.495754],[22.980724,37.508775],[22.963878,37.521796],[22.959239,37.522773],[22.947602,37.521308],[22.942882,37.521796],[22.939138,37.52497],[22.937348,37.529446],[22.936697,37.533515],[22.936046,37.535468],[22.92156,37.540351],[22.912852,37.541815],[22.901866,37.541653],[22.901866033080875,37.54165299243053],[22.90186599999999,37.54165299194272],[22.914317,37.53880399194124],[22.918467999999997,37.53558999193961],[22.922373994947627,37.52802200172492],[22.902354,37.534857],[22.88502,37.533149],[22.869395,37.525621],[22.854015,37.51496],[22.847179,37.520982],[22.81934700368511,37.53546799808198],[22.821544,37.539129991941415],[22.826181999999992,37.549057991946455],[22.82618199675724,37.54905799305862],[22.826182,37.549058],[22.813487,37.553412],[22.802013,37.560858],[22.795909002099016,37.56915899714549],[22.798839,37.57640199196038],[22.798838997797567,37.57640199455555],[22.798839,37.576402],[22.79811164587353,37.57725905568151],[22.948587417602543,37.57725905568151],[23.175601958796054,37.448291770705254],[23.175601959228516,37.44829177856445],[22.94858741760254,37.5772590637207],[22.798111639050937,37.5772590637207],[22.788341,37.588772],[22.778331,37.596869],[22.756521,37.589667],[22.738455,37.580878],[22.735454167872494,37.5772590637207],[22.71442985534668,37.5772590637207],[22.700735092163086,37.3193473815918],[22.70073509258741,37.3193473814124],[22.714429855346683,37.57725905568151],[22.735454016242475,37.57725905568151],[22.72680786618467,37.56683181770017],[22.72641,37.566352],[22.723155,37.541653],[22.723155000813577,37.541652998116206],[22.723154999999995,37.54165299194272],[22.725352,37.53656599194014],[22.73463,37.52456299193399],[22.73666399907477,37.518377994744306],[22.735525,37.511908],[22.730724,37.50023],[22.730479,37.494452],[22.730479000308343,37.49445199919068],[22.730478999999992,37.49445199191867],[22.734710999999997,37.483343991912996],[22.739918999999997,37.47748399191002],[22.74537199999999,37.473130991907816],[22.750336000000004,37.46653899190445],[22.751474999614487,37.461614993568475],[22.750336,37.442613],[22.75033600045233,37.442612999438424],[22.750336,37.442612991892226],[22.752696000000004,37.43968299189074],[22.764821999505305,37.43178899220877],[22.764171,37.421536],[22.757335,37.408271],[22.75733500046921,37.40827099278523],[22.757334999999998,37.40827099187474],[22.757986,37.398260991869556],[22.810395,37.34837499184412],[22.819346996890765,37.34369499346724],[22.812511,37.329332],[22.812511003886367,37.329332],[22.812511,37.32933199183442],[22.826182,37.32933199183442],[22.826182,37.323147],[22.819347,37.323147],[22.819347000000008,37.323146991831265],[22.819347,37.31861699182895],[22.819346999999997,37.31635199182779],[22.829844999999988,37.30829499182365],[22.85377,37.27387099180611],[22.86085,37.25568299179677],[22.89502999999999,37.206487991771624],[22.898447999999995,37.20368099177018],[22.906586,37.19391499176519],[22.91163199710838,37.18341699777571],[22.905284,37.178534],[22.900401,37.172919],[22.897227,37.159857],[22.89720081569289,37.159547126543096],[22.895128127290235,37.135018922933504],[22.895128171744393,37.13501879579165],[22.89503,37.133857],[22.896127039514408,37.132161967454635],[22.896127059614898,37.132161909965895],[22.903168,37.121282991727995],[22.922047999999997,37.117986991726305],[22.942719,37.12010299172738],[22.956390999999993,37.123968991729384],[22.957041999999994,37.119329991727014],[22.958832000000005,37.11652299172557],[22.961191999999997,37.113999991724235],[22.963877995593798,37.1102969977969],[22.956798,37.106757],[22.956798006364767,37.10675699490297],[22.956798,37.10675699172059],[22.958018,37.10577999172008],[22.963877994096396,37.10341999409639],[22.956391,37.095933],[22.95639100642016,37.09593299813519],[22.956391,37.09593299171503],[22.973481,37.09096899171249],[22.981699997180037,37.08270899454226],[22.979177,37.077826],[22.963878,37.082953],[22.963878005062462,37.082952990011826],[22.963878,37.08295299170836],[22.972911,37.06513099169922],[22.999847998929837,37.033270992948644],[22.998057,37.02147],[22.998057000958347,37.02146999799148],[22.998056999999996,37.021469991676845],[23.006114000000007,37.00458399166818],[23.011728997299052,36.98676200023182],[23.006521,36.987209],[22.99586,36.986477],[22.990733,36.986762],[22.990733004253894,36.986761991422526],[22.990733000000006,36.986761991658994],[22.993174999999997,36.98183799165652],[23.000823999999994,36.97117699165105],[23.004892999999996,36.96686399164884],[23.006847000000008,36.97015999165051],[23.007578999999996,36.970851991650854],[23.008474000000003,36.97109599165102],[23.011728999999995,36.973089991652024],[23.014985000000006,36.96385299164733],[23.01636799940041,36.955267995364785],[23.01531,36.947089],[23.011729,36.93891],[23.01172900232312,36.938909996940495],[23.01172899999999,36.93890999163447],[23.021738999999993,36.92572699162771],[23.041677,36.88544299160704],[23.049000997726395,36.87689899425496],[23.045909,36.869086],[23.045909002185617,36.86908599712133],[23.045908999999995,36.8690859915986],[23.059255,36.85150799158959],[23.086761999999993,36.82908799157805],[23.093271999999995,36.81826399157251],[23.095550998837346,36.80703399729583],[23.091807,36.798326],[23.080577,36.794989],[23.080576999999998,36.79498899156052],[23.080576999999998,36.7887639915573],[23.091075000000007,36.788274991557074],[23.098805999999993,36.786932991556405],[23.11410599611561,36.781316992979285],[23.109874,36.773668],[23.098399,36.766669],[23.094412,36.76081],[23.092947,36.755194],[23.092947000196713,36.7551939922942],[23.092947,36.75519399154011],[23.093027999999993,36.752020991538465],[23.093761000000004,36.74892799153682],[23.094411999142554,36.74371999839374],[23.088634,36.732896],[23.075857,36.733832],[23.061697,36.740546],[23.052013,36.747138],[23.043468,36.736029],[23.04290723395311,36.73556112075701],[23.036627397346443,36.730321588112375],[23.03662742302039,36.730321514683176],[23.030935,36.725572],[23.025645,36.715644],[23.039073,36.706204],[23.036957,36.702867],[23.03419,36.695868],[23.033371720108132,36.69448702174931],[23.033371717611626,36.69448702391155],[23.03288513183026,36.69366582617129],[23.032237,36.692572],[23.032237005031913,36.692572],[23.032237,36.69257199150784],[23.03558279924044,36.69257199150784],[23.03558278943546,36.692572],[23.049826246716638,36.692572],[23.049826249685854,36.69257199150784],[23.059417988013102,36.69257199150784],[23.059143559958574,36.69237757201676],[23.05173042013681,36.68712593721907],[23.051730484418137,36.687125753370196],[23.046307141660947,36.68328356769928],[23.046306970116227,36.68328371627529],[23.034796282434197,36.67512866022596],[23.034434,36.674872],[23.034434000389318,36.674871991774566],[23.034434,36.674871991498755],[23.03565499999999,36.64907499148544],[23.050466,36.62246299147177],[23.070159999999998,36.596990991458625],[23.080577000000005,36.57929099144952],[23.084809,36.5761579914479],[23.104666,36.56932199144437],[23.115976999999997,36.56224199144073],[23.134612999999998,36.5553649914372],[23.138845000000003,36.550522991434676],[23.141286999999995,36.545599991432134],[23.145355999999996,36.541937991430274],[23.155039987321892,36.5410829925492],[23.145763,36.535631],[23.141449,36.534247],[23.141448999999998,36.53424699142631],[23.141449,36.53113449142469],[23.141449,36.528022],[23.141449000000005,36.52802199142307],[23.147471999999997,36.52236599142017],[23.148203998959477,36.51715699882196],[23.143891,36.512274],[23.134613,36.507554],[23.134613005101894,36.50755399400802],[23.134612999999998,36.50755399141253],[23.151866,36.48729099140211],[23.181813999999996,36.47231699139437],[23.203623997768947,36.4561219930427],[23.196056,36.432522],[23.161876,36.446194],[23.151866,36.435614],[23.139334,36.434068],[23.094737,36.443183],[23.085704,36.453599],[23.07838,36.465277],[23.066254,36.473456],[23.066253999999997,36.47964099139814],[23.072112999999995,36.49310899140509],[23.072112998124982,36.493108995689916],[23.072113,36.493109],[23.065115,36.509101],[23.051036,36.522447],[23.035655,36.528022],[22.992686,36.520331],[22.972423,36.520209],[22.963878,36.531155],[22.959239,36.547431],[22.936778,36.586168],[22.92921,36.59634],[22.917817,36.60517],[22.874685005970456,36.630519996490975],[22.888926999999995,36.642482991482076],[22.888926997476013,36.6424829978799],[22.888927,36.642483],[22.884288,36.654242],[22.84254,36.685004],[22.837169,36.68651],[22.833181,36.6789],[22.819347,36.665229],[22.814952,36.670559],[22.81373100074566,36.67938899460757],[22.819346999999997,36.70278599151311],[22.819346999233414,36.7027859968063],[22.819347,36.702786],[22.817149,36.717963],[22.807872,36.739569],[22.800792,36.775784],[22.786876,36.793443],[22.765147,36.804185],[22.736664,36.80858],[22.685557,36.809475],[22.622569,36.803453],[22.577403,36.783026],[22.57740300033245,36.78302599170472],[22.577403,36.78302599155436],[22.57911199966829,36.74038299980917],[22.546153,36.721422],[22.533458,36.707221],[22.525076,36.685126],[22.525076003229564,36.685126000017185],[22.525075999999995,36.68512599150402],[22.540293999999996,36.68520699150407],[22.549815,36.67828999150046],[22.553721999454424,36.66620499318186],[22.552501,36.650946],[22.545665,36.650946],[22.543793,36.658026],[22.54005,36.665269],[22.533865,36.670559],[22.525076,36.671454],[22.516775,36.666164],[22.511404,36.656887],[22.51002,36.648017],[22.51002000116936,36.648016998979294],[22.510019999999997,36.6480169914849],[22.514495999999994,36.644109991482864],[22.531015998224284,36.63279899269287],[22.526052,36.612372],[22.512706,36.602769],[22.504649,36.624254],[22.490001,36.617011],[22.48406,36.606635],[22.483572,36.547919],[22.483572000066978,36.54791899949222],[22.483572,36.54791899143334],[22.486582999999996,36.52509199142159],[22.492685999999996,36.506292991411854],[22.511484997500336,36.46661999666671],[22.507335,36.461086],[22.507335002502266,36.46108599472535],[22.507335,36.46108599138859],[22.509031845391405,36.4575090815588],[22.484218435707422,36.45662082467444],[22.463590554871395,36.45662082467444],[22.45966617415821,36.45928466505963],[22.455333,36.462226],[22.420421,36.473538],[22.408376,36.487128],[22.401622,36.487128],[22.391368,36.478502],[22.381358,36.480455],[22.371918,36.488227],[22.364024,36.497016],[22.354503000568155,36.51190799911134],[22.355316999999992,36.52293499142044],[22.361500999999997,36.53375899142605],[22.367441999999997,36.54791899143334],[22.383556,36.54417599143144],[22.388194000000006,36.55605699143752],[22.388193998687317,36.55605699663735],[22.388194,36.556057],[22.384044,36.572496],[22.373709004335346,36.582708995715834],[22.378673,36.58759199145376],[22.38795,36.602524991461486],[22.38794999469552,36.602524991461486],[22.38795,36.602525],[22.367442001243127,36.602525],[22.369314000000003,36.61538299146811],[22.369313999527286,36.61538299675312],[22.369314,36.615383],[22.36793100058159,36.63084499349782],[22.37134899999999,36.6427269914822],[22.387950000000004,36.644109991482864],[22.387950000000004,36.650945991486395],[22.38795,36.650946],[22.36841900105564,36.65647999970089],[22.370616000000002,36.673569991498105],[22.371310319679168,36.67487715824678],[22.51182746887207,36.67487715824678],[22.599412918090824,36.86817549818994],[22.832832336425774,36.86817549818994],[22.834731768334123,36.86653039606955],[22.83283233642578,36.8681755065918],[22.59941291809082,36.8681755065918],[22.51182746887207,36.67487716674805],[22.37131031967919,36.67487716674805],[22.38795,36.706204],[22.358572,36.702094],[22.339366,36.726467],[22.33518748832822,36.734867613577315],[22.21999168395996,37.06150817871094],[21.90850067138672,37.06150817871094],[21.899152755737305,36.8681755065918],[21.743539810180664,36.8681755065918],[21.681032180786133,37.1904182434082],[21.603115084169794,37.1904182434082],[21.603115081787106,37.190418235171634],[21.681032180786133,37.190418235171634],[21.74353981018066,36.86817549818994],[21.899152755737298,36.86817549818994],[21.90850067138672,37.06150817040832],[22.21999168395996,37.06150817040832],[22.335099343423312,36.73504482291478],[22.323741,36.75788],[22.30543100062374,36.77509199941366],[22.306976999999996,36.794581991560335],[22.30697699940886,36.79458199254765],[22.306977,36.794582],[22.291677,36.820136],[22.221528,36.897528],[22.200206,36.906399],[22.175059,36.891181],[22.148692,36.907172],[22.137869,36.917141],[22.13347400262111,36.93211499106974],[22.135753000000005,36.93162699163074],[22.140636,36.93716099163361],[22.145355999999996,36.946111991638155],[22.147716,36.95604099164329],[22.148773999999992,36.96743399164909],[22.153575,36.986883991659106],[22.155120999999998,37.01410599167308],[22.155120999607835,37.01410599309474],[22.155121,37.014106],[22.153168,37.021186],[22.085623,37.033393],[22.048106,37.035142],[22.03004,37.030951],[21.992198,37.012112],[21.9546,37.003648],[21.943126,36.993313],[21.937348,36.979967],[21.927257,36.884467],[21.922211,36.872301],[21.921723,36.863227],[21.92172300039428,36.8632269989271],[21.921722999999993,36.8632269915956],[21.925955000000002,36.8517109915897],[21.932139999999997,36.843003991585206],[21.934905998336884,36.834214996865306],[21.928559,36.822252],[21.92855900316904,36.82225199754766],[21.928559,36.82225199157457],[21.945649,36.809026991567734],[21.956227999999996,36.8034529915649],[21.970225,36.80174399156402],[21.970224999999992,36.794989],[21.956798,36.794135],[21.945079,36.789944],[21.938813,36.783189],[21.93881300245013,36.78318899419582],[21.938813000000003,36.78318899155449],[21.942230997775425,36.77509199682014],[21.935883,36.766018],[21.894298,36.735053],[21.888682,36.729926],[21.882579,36.726549],[21.874034,36.726711],[21.856781,36.755072],[21.853526,36.757392],[21.822765,36.80858],[21.804861,36.807603],[21.789724,36.804755],[21.764171,36.794989],[21.752289,36.804999],[21.72877,36.812649],[21.722504,36.822252],[21.716319,36.822252],[21.707367,36.81802],[21.701915,36.825629],[21.696625,36.838446],[21.688487002217983,36.84955499697228],[21.69239299999999,36.85903599159346],[21.69239299938437,36.859035998505696],[21.692393,36.859036],[21.691661,36.867255],[21.68922,36.877021],[21.68848700037683,36.89118099272037],[21.691580000000002,36.90029499161461],[21.704762999999996,36.917140991623306],[21.709483,36.92592999162784],[21.709972,36.942693991636425],[21.709971999769415,36.94269399209499],[21.709972,36.942694],[21.702647,36.957261],[21.688162,36.964545],[21.66797905372683,36.959418013648],[21.677418999999993,36.96328399164695],[21.68043099999999,36.966456991648634],[21.681651,36.973089991652024],[21.681650998479807,36.973089991734895],[21.681651,36.97309],[21.672699,36.973578],[21.667735,36.970933],[21.661794,36.959418],[21.654796,36.994696],[21.629242,37.020901],[21.599294,37.045722],[21.578624,37.076728],[21.569672,37.116197],[21.567556000340595,37.15631699354222],[21.574392,37.192368991764404],[21.592133,37.220159991778594],[21.616217718435465,37.23571197436526],[21.60311604131006,37.190421552090484],[21.616257851051216,37.235737897008335],[21.654959,37.260728],[21.682302,37.283922],[21.695811,37.316352],[21.691417,37.356635],[21.681977,37.378974],[21.674815,37.395982],[21.666441471530792,37.4087839461957],[21.696596856879008,37.512767481986124],[21.666400527530897,37.4088465438074],[21.607107,37.499498],[21.569021,37.545356],[21.549978,37.561469],[21.463634,37.610256],[21.443044,37.618598],[21.431814,37.627631],[21.412364,37.648017],[21.402192,37.655422],[21.343272,37.669338],[21.323741,37.664944],[21.318533,37.637885],[21.312266,37.637885],[21.31023200012109,37.64740599943318],[21.310395000000003,37.65741599200156],[21.310394999878042,37.6574159925105],[21.310395,37.657416],[21.308279,37.666246],[21.298676003446005,37.672592997722404],[21.311046,37.69310099201969],[21.314708,37.70953999202805],[21.314707999231643,37.70953999655078],[21.314708,37.70954],[21.31186,37.726304],[21.295258,37.771674],[21.284923,37.785102],[21.271007,37.793402],[21.227306,37.811916],[21.122081,37.837388],[21.113048,37.843329],[21.107595001321062,37.85545499706231],[21.111583,37.87042899210964],[21.111582998476493,37.87042899427959],[21.111583,37.870429],[21.106212002011183,37.87807899713544],[21.133556,37.94635699214803],[21.140390999999997,37.94635699214803],[21.164399,37.9296329921396],[21.207774,37.94603099214786],[21.251637999999996,37.976222992163116],[21.277516999999996,38.00096299217561],[21.291514999999997,37.99721899217374],[21.303476999999997,38.0033229921768],[21.314625999999993,38.01337299218191],[21.325938,38.021429992185986],[21.325938000000004,38.02887599218972],[21.325938,38.028876],[21.322276,38.030911],[21.321137,38.031684],[21.320649,38.03266],[21.318533,38.035102],[21.308849,38.031724],[21.299083,38.026516],[21.290538,38.020657],[21.284353022658724,38.015286019676644],[21.329355999999994,38.06989199221041],[21.331308999999997,38.07640199221367],[21.367034999999998,38.12107999223626],[21.37143,38.131495992241504],[21.373709000000005,38.144476992247995],[21.375742999999996,38.204290992278096],[21.375742999809678,38.20429099440317],[21.375743,38.204291],[21.37427800075089,38.22064899161567],[21.384939000000003,38.21112699228157],[21.398285,38.19293899227238],[21.408538999999998,38.18593999226889],[21.408538999450254,38.18594000037524],[21.408539,38.18594],[21.407725,38.197943],[21.405284,38.207465],[21.40089001752803,38.214788970783964],[21.406097999999997,38.20840099228018],[21.420665,38.20233799227712],[21.438243000000003,38.20038499227616],[21.459727,38.200180992276046],[21.473968999999997,38.19603099227395],[21.523936,38.16600199225889],[21.569395634179287,38.157840728759766],[21.569395677321662,38.157840728759766],[21.603038,38.151801],[21.622325,38.154771],[21.63071603901837,38.157840728759766],[21.630716060189947,38.157840728759766],[21.642344999999995,38.16209499225684],[21.674815,38.17967399226573],[21.701344999999996,38.20526799227861],[21.733612130696713,38.25699958214576],[21.72859392489547,38.15784266932495],[21.73363393628636,38.25703454918821],[21.741547,38.269721],[21.764171,38.295803],[21.840505,38.333645],[21.849457,38.341295],[21.915538,38.330512],[21.937022,38.330634],[21.946544,38.332343],[21.955903,38.336737],[21.965505,38.329901],[21.978038,38.323554],[21.992524,38.318752],[22.007823,38.316881],[22.020356,38.313218],[22.026622,38.304348],[22.030772,38.292955],[22.037852,38.282131],[22.048839,38.274807],[22.078624,38.263414],[22.089366,38.261664],[22.097341,38.262763],[22.108653,38.267401],[22.113617,38.267808],[22.122081,38.26081],[22.128917,38.256293],[22.137218,38.254218],[22.143321,38.249091],[22.154063,38.223456],[22.161388,38.213202],[22.169688,38.209703],[22.206065,38.200181],[22.209158,38.197943],[22.212901,38.193061],[22.218516,38.188178],[22.226573,38.18594],[22.257579,38.18594],[22.300792,38.177476],[22.312836,38.172268],[22.331228,38.1789],[22.346853,38.170803],[22.363455,38.158271],[22.394216,38.148424],[22.404307,38.141913],[22.414806,38.137885],[22.425548,38.141832],[22.432791,38.143256],[22.511485,38.129299],[22.620616,38.083482],[22.680431,38.066596],[22.688975,38.059272],[22.698497,38.056708],[22.778331,38.000963],[22.796397,37.976793],[22.802257,37.973619],[22.8213,37.969184],[22.852387,37.947496],[22.867198,37.939521],[22.88266,37.937567],[22.898204,37.939765],[22.922374,37.946357],[22.930024,37.946601],[22.938324,37.94595],[22.9463,37.946234],[22.952973,37.949408],[22.973155,37.973619],[22.975352,37.97899],[22.965505,37.990709],[22.950938,38.002427],[22.939464,38.007758],[22.923839,38.011786],[22.899181,38.027777],[22.88087,38.028876],[22.884125,38.032213],[22.887462,38.033637],[22.854015,38.035102],[22.875499,38.049302],[22.885427,38.054267],[22.898448,38.05622],[22.911632,38.060126],[22.933767,38.078274],[22.942882,38.083482],[22.969737,38.081977],[23.019054,38.065253],[23.039073,38.069892],[23.068614,38.058905],[23.100922,38.062405],[23.172862,38.079495],[23.189708,38.094387],[23.206716,38.097805],[23.216645,38.103339],[23.210297,38.115383],[23.194184,38.126939],[23.175548,38.131293],[23.175304,38.136298],[23.175548,38.144965],[23.188243,38.146064],[23.210704,38.15058],[23.223399,38.151801],[23.223399,38.159247],[23.21339,38.160264],[23.144054,38.167426],[23.128429,38.172268],[23.148936,38.18594],[23.122732,38.208075],[23.10963,38.21011],[23.077485,38.185777],[23.066661,38.183173],[23.032237,38.18594],[23.032237,38.192776],[23.052013,38.192776],[23.038829,38.208319],[23.025076,38.21662],[23.010427,38.220038],[22.951915,38.225287],[22.933767,38.222073],[22.922374,38.207017],[22.935883,38.210598],[22.950531,38.209784],[22.963064,38.204047],[22.969493,38.192776],[22.952322,38.193101],[22.922537,38.197455],[22.908702,38.192776],[22.89503,38.241156],[22.888194,38.241156],[22.88087,38.226955],[22.879568,38.231676],[22.876475,38.236314],[22.874685,38.241156],[22.856456,38.236396],[22.819998,38.232978],[22.805675,38.226955],[22.764822,38.247992],[22.773204,38.258287],[22.79127,38.270453],[22.798839,38.282131],[22.780284,38.28856],[22.742361,38.297065],[22.719412,38.310289],[22.702891,38.314032],[22.696462,38.316881],[22.691417,38.32217],[22.675304,38.343573],[22.684418,38.36107],[22.670177,38.381537],[22.646495,38.38996],[22.626801,38.371527],[22.644867,38.369615],[22.646169,38.361802],[22.636729,38.356269],[22.62379,38.360989],[22.612315,38.363837],[22.600922,38.355658],[22.591807,38.344184],[22.587169,38.336737],[22.587169,38.330512],[22.592296,38.328192],[22.595225,38.326239],[22.599132,38.324612],[22.606456,38.323065],[22.606456,38.316881],[22.599132,38.312812],[22.598155,38.310736],[22.599783,38.308173],[22.600271,38.302639],[22.588634,38.293036],[22.576427,38.290188],[22.562511,38.293524],[22.545665,38.302639],[22.545258,38.305569],[22.533946,38.322659],[22.531993,38.323065],[22.528982,38.328803],[22.526215,38.331732],[22.528331,38.33393],[22.538829,38.336737],[22.525157,38.358832],[22.477306,38.405666],[22.468435,38.421129],[22.463064,38.426093],[22.458832,38.427924],[22.448253,38.430487],[22.401622,38.453437],[22.402843,38.443061],[22.4074,38.425116],[22.408376,38.415595],[22.381114,38.39883],[22.373709,38.392035],[22.381033,38.383979],[22.385997,38.380194],[22.389985,38.38052],[22.394786,38.385159],[22.398611,38.375922],[22.396251,38.368354],[22.389822,38.36225],[22.381114,38.357856],[22.38795,38.35102],[22.382335,38.342678],[22.367524,38.341864],[22.348399,38.347357],[22.32252,38.35102],[22.284923,38.347317],[22.279307,38.353095],[22.266449,38.358547],[22.252615,38.360989],[22.243337,38.357856],[22.237071,38.357856],[22.224864,38.360053],[22.209321,38.352932],[22.195974,38.339545],[22.18922,38.323065],[22.180919,38.329983],[22.175304,38.343329],[22.168793,38.35102],[22.159516,38.353949],[22.150727,38.352769],[22.145763,38.35399],[22.147716,38.364081],[22.132579,38.372748],[22.100759,38.380316],[22.049083,38.398505],[22.029552,38.399237],[22.011241,38.392035],[21.987641,38.41059],[21.957856,38.411689],[21.928966,38.402899],[21.88852,38.379788],[21.879242,38.377997],[21.864106,38.377672],[21.85613,38.380927],[21.851248,38.388007],[21.846202,38.395331],[21.840505,38.398871],[21.831228,38.396674],[21.782237,38.363674],[21.774587,38.352607],[21.771658,38.333645],[21.762543,38.328355],[21.743012,38.337836],[21.73793306724377,38.3416452471352],[21.738431879949363,38.35146232216343],[21.737929350463645,38.34164806341617],[21.736690788894837,38.34257700245599],[21.722294940948398,38.35337402162647],[21.72229488821451,38.35337402787044],[21.716319,38.357856],[21.684447884352835,38.357856],[21.684442061783304,38.357856],[21.65797,38.357856],[21.641612,38.354438],[21.627126,38.348131],[21.613536,38.344957],[21.59962,38.35102],[21.535411,38.313951],[21.523936,38.295803],[21.517751,38.295803],[21.508474,38.302232],[21.494395,38.304633],[21.481619,38.305121],[21.476085,38.306057],[21.469249,38.312934],[21.42839601197745,38.33051199484641],[21.44532299999999,38.33405199234327],[21.461192,38.32697199233976],[21.476085,38.316351992334425],[21.489756999999994,38.30947499233095],[21.489756999999994,38.309475000000006],[21.489756999999994,38.309475007669064],[21.489756999999997,38.31688099233466],[21.489757,38.316881],[21.485118,38.321234],[21.482677001374068,38.32461199809848],[21.48373499999999,38.32904699234078],[21.489756999999994,38.336736992344626],[21.489756995870806,38.33673699472708],[21.489757,38.336737],[21.480235,38.342231],[21.476085000000005,38.343573],[21.476085000000005,38.35101999235183],[21.479990999999988,38.35248399235252],[21.489756999999997,38.357855992355226],[21.489756986102226,38.357855992355226],[21.489757,38.357856],[21.46998100341334,38.357856],[21.476085,38.3715269923621],[21.47608499584428,38.371526990692516],[21.476085,38.371527],[21.46697,38.367865],[21.458507,38.36636],[21.45045,38.367418],[21.442638,38.371527],[21.43686,38.367662],[21.432628,38.366197],[21.422130002639733,38.36408100053207],[21.428477,38.383733992368164],[21.42847699806614,38.383733994011955],[21.428477,38.383734],[21.42427519823782,38.387305548708476],[21.42242232241672,38.388880504111235],[21.422422317816626,38.38888050465591],[21.41627,38.39411],[21.395844,38.398139],[21.377452,38.398871],[21.369884,38.408189],[21.360118,38.467719],[21.339041,38.487535],[21.327485,38.494574],[21.32252,38.496283],[21.318207,38.495307],[21.308604,38.494371],[21.312022,38.486558],[21.353282,38.432929],[21.339041,38.432929],[21.341156,38.429267],[21.342133,38.428534],[21.343435,38.428371],[21.346446,38.426093],[21.342784,38.415758],[21.340343,38.404608],[21.337937987394522,38.39888389013691],[21.337937940290356,38.398883895714285],[21.336680479152093,38.3958909264755],[21.336599,38.395697],[21.329356,38.392035],[21.319102,38.390204],[21.297862,38.381415],[21.291189,38.377672],[21.2911890034788,38.377671994316486],[21.291188999999996,38.377671992365165],[21.293629999999997,38.37368399236315],[21.294688,38.373439992363025],[21.298675994819,38.37152699484737],[21.291189,38.364081],[21.27768,38.370917],[21.269542,38.367865],[21.266368,38.361396],[21.26636800154799,38.36139599551198],[21.266368,38.36139599235699],[21.267589000000005,38.357855992355226],[21.272226995667243,38.35443799554656],[21.264903,38.34691],[21.250255,38.336737],[21.239268,38.331122],[21.232432,38.329413],[21.212657,38.330512],[21.2046,38.334174],[21.197113,38.340155],[21.189626,38.341376],[21.181326,38.330512],[21.181326003676393,38.33051199715362],[21.18132599999999,38.33051199234152],[21.186371,38.32660599233955],[21.192556,38.32412299233832],[21.19996197916286,38.323064995314525],[21.195079,38.321967],[21.182872,38.319159],[21.175059,38.3133],[21.17449,38.302639],[21.15561,38.3039],[21.148611,38.314032],[21.145844,38.327053],[21.140391,38.336737],[21.128429,38.340155],[21.097911,38.340725],[21.08521601291665,38.34357299710227],[21.096934,38.34788599235023],[21.10572399999999,38.35297299235282],[21.109386,38.36041899235652],[21.109385998618567,38.36041899719111],[21.109386,38.360419],[21.106212,38.371527],[21.096446,38.366929],[21.092540007287106,38.36408100531328],[21.101329000000003,38.379705992366176],[21.106211994000745,38.385158985669364],[21.103282,38.37816],[21.103282002725226,38.378159998875255],[21.103281999999993,38.37815999236539],[21.113536000000003,38.3739279923633],[21.125011,38.37994999236628],[21.13363699999999,38.388657992370646],[21.140391,38.39887099237576],[21.14039099645413,38.398870994638145],[21.140391,38.398871],[21.122406,38.410346],[21.114757,38.409613],[21.106212,38.398871],[21.094737,38.402981],[21.086762,38.410468],[21.081798,38.420722],[21.078949001539204,38.43292899340504],[21.082041999999998,38.43496299239384],[21.083017999999992,38.43504499239389],[21.083669,38.43598099239438],[21.085216,38.44037499239659],[21.095224999999996,38.430242992391456],[21.106780999999998,38.42544199238908],[21.116222,38.42804599239038],[21.119884,38.44037499239659],[21.11988399730578,38.44037499092928],[21.119884,38.440375],[21.106212003310667,38.432929001803046],[21.110850000000003,38.44611199239943],[21.110849998421987,38.44611199551468],[21.11085,38.446112],[21.101410001951884,38.46474799614669],[21.106211999999996,38.47394399241338],[21.106211999999996,38.473943999999996],[21.106212,38.48139099241705],[21.106212,38.481391],[21.09669,38.481431],[21.09018,38.48314],[21.078949008632527,38.487534996621854],[21.088144999999997,38.49201099242239],[21.092620999999998,38.49359799242319],[21.099375999999992,38.49437099242357],[21.099375988254053,38.49437099865587],[21.099376,38.494371],[21.095388,38.496487],[21.089692,38.500434],[21.08521600378257,38.50185799879661],[21.094736999999984,38.51788999243531],[21.097422999999996,38.52594599243935],[21.09742299893249,38.525945996798264],[21.097423,38.525946],[21.095958,38.531928],[21.086681,38.536444],[21.078868,38.532416],[21.071056,38.525824],[21.061778,38.522366],[21.058116,38.5185],[21.047211,38.511379],[21.035818,38.506903],[21.030528,38.51142],[21.028331,38.520575],[21.019054,38.53498],[21.016856000736976,38.54588499634363],[21.024587,38.58673699246967],[21.024668999999996,38.60846599248055],[21.024669,38.608466],[21.003673,38.626451],[20.988129,38.664008],[20.979015,38.672553],[20.940115,38.672919],[20.926606,38.676744],[20.914399,38.686225],[20.9074,38.698554],[20.88817081986798,38.762630122488495],[20.88817032216306,38.76263178095761],[20.883149,38.779364],[20.873383,38.795315],[20.859874,38.803534],[20.845225,38.799628],[20.830577,38.787787],[20.82432758070107,38.78037632195058],[20.824327431073293,38.78037636354189],[20.81872330043788,38.77373066181118],[20.818533,38.773505],[20.811371,38.762519],[20.804047,38.773383],[20.798106,38.771552],[20.79184,38.766547],[20.784028,38.768134],[20.773285,38.760932],[20.769298,38.765041],[20.767426,38.774115],[20.763682,38.781724],[20.72934,38.803534],[20.72934,38.80975999258064],[20.73699,38.82257699258699],[20.741465999999996,38.840887992596045],[20.749359999999996,38.8572449926042],[20.767345,38.864324992607706],[20.78102131183664,38.86393667803759],[20.74135879504211,38.80344741679889],[20.781060783582614,38.86393556469999],[20.788829,38.863715],[20.800304,38.864569],[20.805186,38.867743],[20.801931,38.874091],[20.7942,38.879788],[20.792136281193553,38.88080969020847],[20.81936022436597,38.92228685449167],[20.835948,38.9289],[20.849783,38.943671],[20.859874,38.960517],[20.86671,38.960517],[20.869965,38.952582],[20.871104,38.947252],[20.870128,38.943427],[20.86671,38.94009],[20.8685,38.938381],[20.871593,38.936347],[20.872244,38.932807],[20.86671,38.926418],[20.886974,38.926174],[20.903819,38.928046],[20.915782,38.936103],[20.920665,38.954332],[20.927501,38.954332],[20.937185,38.944037],[20.947276,38.94359],[20.959483,38.946723],[20.975352,38.946845],[20.98878,38.942816],[20.998302,38.938056],[21.009451,38.934231],[21.027354,38.932603],[21.029959,38.926215],[21.026703,38.912177],[21.025564,38.898017],[21.033946,38.891669],[21.047537,38.888983],[21.060802,38.882229],[21.085216,38.864325],[21.086436,38.873358],[21.088878,38.878485],[21.09311,38.881741],[21.099376,38.885443],[21.099376,38.891669],[21.091645,38.904527],[21.102306,38.910834],[21.12086,38.910224],[21.136974,38.902533],[21.160411,38.880683],[21.160818,38.877997],[21.167003,38.87519],[21.172618,38.873521],[21.177419,38.876044],[21.181326,38.885443],[21.173106,38.891181],[21.169688,38.895819],[21.16684,38.910875],[21.163341,38.911811],[21.158865,38.910834],[21.154552,38.913398],[21.141856,38.930813],[21.140147,38.941311],[21.147227,38.954332],[21.141938,38.962388],[21.14503,38.971381],[21.152599,38.976711],[21.160818,38.974189],[21.159923,38.997748],[21.13559,39.023383],[21.085216,39.062934],[21.078136,39.056545],[21.074392,39.050035],[21.074474,39.043362],[21.078949,39.036282],[21.065278,39.040513],[21.060313,39.039049],[21.055186,39.037502],[21.037364,39.021959],[21.05836,39.008979],[21.003184,39.015123],[21.003184,39.021959],[20.990896,39.024237],[20.979177,39.030707],[20.969981,39.037177],[20.965668,39.039374],[20.953787,39.034166],[20.944184,39.03856],[20.937511,39.047675],[20.934825,39.056708],[20.936778,39.056708],[20.939789,39.061021],[20.948497,39.062934],[20.948497,39.06977],[20.941091,39.06977],[20.931407,39.064765],[20.920177,39.064521],[20.909434,39.068671],[20.901378,39.077216],[20.893891,39.077216],[20.89109277078511,39.072299329043176],[20.89109271259181,39.07229935968364],[20.88834478652187,39.06747094173845],[20.888194,39.067206],[20.870372,39.059312],[20.86671,39.053046],[20.86671000179911,39.05304599577941],[20.866709999999998,39.053045992700966],[20.870942,39.04311799269604],[20.882009,39.04120499269513],[20.886484993053358,39.03644400008169],[20.844900019161678,39.03693299977468],[20.859873999999998,39.04246699269578],[20.85987399831916,39.04246699937881],[20.859874,39.042467],[20.858165,39.049262],[20.857758,39.058905],[20.854991,39.065497],[20.846202000469123,39.0629340001368],[20.846445999999997,39.06679899270776],[20.846445999600604,39.0667989936735],[20.846446,39.066799],[20.84547,39.069159],[20.844900001944982,39.07086799416846],[20.846527999999996,39.07208899271032],[20.84652799955758,39.07208899966818],[20.846528,39.072089],[20.846202,39.077216],[20.837657,39.078315],[20.832367,39.07689],[20.829112,39.073717],[20.8256940117316,39.069770013547284],[20.838063999999985,39.09174199272002],[20.838063998798244,39.091741997865405],[20.838064,39.091742],[20.835806125521184,39.101409356063414],[20.835802856025655,39.1014233547944],[20.834158,39.108466],[20.822439,39.114488],[20.81819569931243,39.11068175774971],[20.81819564081637,39.110681788549584],[20.81191923934562,39.10505177089115],[20.811371,39.10456],[20.805186,39.111396],[20.80128,39.104193],[20.795421,39.098619],[20.787364,39.094387],[20.777192,39.090888],[20.77719199999999,39.09088799271961],[20.777192,39.08530274271686],[20.777192,39.083441],[20.777192000000003,39.08344099271595],[20.791839996854584,39.08079699328236],[20.787934,39.072455],[20.787608,39.061021],[20.784028,39.049262],[20.776703,39.041938],[20.768728,39.037746],[20.761567,39.032416],[20.757498,39.021959],[20.743175,39.029486],[20.74317500054449,39.0294859924032],[20.743175,39.02948599268934],[20.743907,39.01927299268431],[20.745371999999996,39.014715992682056],[20.749359999999996,39.01398299268171],[20.75749799999999,39.015122992682294],[20.803884,38.985296992667514],[20.823496999999996,38.97785099266386],[20.829599999999992,38.97077099266034],[20.831797998282457,38.96368999819005],[20.828787,38.960517],[20.820079,38.962226],[20.802094,38.970649],[20.772716,38.978258],[20.766368,38.977607],[20.757498,38.974189],[20.757009,38.969794],[20.746918,38.957953],[20.735118,38.9501],[20.72934,38.957465],[20.726329,38.966783],[20.719086,38.973578],[20.712169,38.979071],[20.708995,38.984442],[20.707856,38.990383],[20.705577,38.993638],[20.703298,38.995795],[20.702159001395255,38.99835799686037],[20.704355999999997,39.00494999267722],[20.70923899999999,39.00897899267924],[20.713878000000005,39.01190799268068],[20.715830999999998,39.015122992682294],[20.71583099852487,39.01512299757166],[20.715831,39.015123],[20.70574,39.04857],[20.686534,39.072455],[20.660004,39.089993],[20.627696,39.10456],[20.595876,39.123847],[20.517833,39.200751],[20.488292,39.21662],[20.478852002090356,39.22516499810783],[20.482432,39.23427999279009],[20.48243199834355,39.234279995782536],[20.482432,39.23428],[20.477387,39.243394],[20.475108000515405,39.255071997358954],[20.476409999999998,39.26658799280593],[20.482432,39.275213992810166],[20.482432,39.275214],[20.482432,39.28265999281386],[20.482432,39.28266],[20.470388,39.278469],[20.460216,39.277289],[20.45281,39.280463],[20.448253,39.289496],[20.433442,39.282864],[20.4192,39.283352],[20.405772,39.288804],[20.393565,39.296942],[20.365571,39.287665],[20.32488,39.303778],[20.292817,39.333441],[20.290701,39.364651],[20.277192,39.374701],[20.269705,39.387356],[20.258962,39.397284],[20.236013,39.399359],[20.236012999999996,39.406194992874255],[20.242849,39.406194992874255],[20.242849,39.406195],[20.242848999999996,39.412420992877266],[20.242849,39.412421],[20.234711,39.420356],[20.223643,39.435858],[20.215587008810903,39.44033399510457],[20.232758,39.444647992892996],[20.253590999999993,39.44415899289276],[20.267345000000002,39.446925992894144],[20.26734499832759,39.44692599966355],[20.267345,39.446926],[20.263994359263,39.460488350671845],[20.29724884033203,39.384975426213444],[20.297502273153956,39.3848419935965],[20.29724884033203,39.38497543334961],[20.263970622742715,39.46058442871694],[20.263927,39.460761],[20.26387321725066,39.4608057365853],[20.25014109258017,39.49200548903022],[20.255056,39.492377],[20.263927,39.501776],[20.263927,39.508612],[20.253591,39.514228],[20.237745088102294,39.52016954086459],[20.15495491027832,39.70827102661133],[19.984994628054302,39.70827102661133],[19.98699,39.717963],[20.002696,39.748236],[19.985606,39.75373],[19.980642,39.75731],[19.989926089367565,39.77294921875],[19.989926093491967,39.77294921875],[19.995859999999993,39.7829449930572],[20.00146096916776,39.79824144143668],[20.000278517809377,39.77295017235374],[20.00147085605228,39.798268449809534],[20.014171,39.832953],[20.016287,39.845038],[20.009776,39.865668],[20.00477370829976,39.868401677603764],[20.009418408361373,39.96702789005567],[20.0047551762956,39.86841180710313],[20.003507148398807,39.86909383364794],[19.999278,39.871405],[19.983735,39.872382],[19.961681,39.878567],[19.960216,39.881049],[19.959972,39.885077],[19.958832,39.88935],[19.954845,39.892808],[19.941173,39.898993],[19.931163,39.901923],[19.914073,39.902411],[19.906423,39.90644],[19.906423,39.912664993119655],[19.921234999999996,39.92694699312655],[19.931,39.934515993130184],[19.941172999999996,39.9400089931328],[19.941172994632364,39.9400089971017],[19.941173,39.940009],[19.923839,39.952826],[19.876801,40.022366],[19.870453,40.034735],[19.863455,40.045356],[19.855235,40.049872],[19.823253,40.050605],[19.807384,40.052883],[19.79656000577067,40.05731799763554],[19.804535,40.06346299319199],[19.80453499475291,40.06346299595694],[19.804535,40.063463],[19.777354,40.077786],[19.773123,40.071234],[19.771658,40.068305],[19.770518,40.063463],[19.767263,40.072455],[19.762462,40.07685],[19.756358,40.079901],[19.74936,40.084621],[19.748057,40.088609],[19.740896,40.100409],[19.732677,40.110256],[19.729015,40.108222],[19.719086,40.116034],[19.653168,40.132392],[19.59783,40.157701],[19.565766,40.179836],[19.509288,40.194485],[19.476248,40.21369],[19.381114,40.295233],[19.369965,40.309027],[19.365082,40.317369],[19.351573,40.362047],[19.344249,40.374335],[19.309255,40.400824],[19.296886,40.41356],[19.295177,40.417548],[19.295176999999995,40.41868699336094],[19.295177,40.418687],[19.289561,40.420396],[19.289560999999992,40.427231993364956],[19.316173000000003,40.43781199336996],[19.33253,40.43890999337049],[19.348155,40.430649993366586],[19.383799999999997,40.3974059933509],[19.393239999999995,40.38629799334565],[19.406504999999992,40.36261599333442],[19.411956999999994,40.34808999332754],[19.414236,40.33441799332104],[19.423595000000002,40.33002399331898],[19.444591,40.333807993320754],[19.465587,40.341497993324396],[19.473967271101003,40.34765582262122],[19.471368816270154,40.290630917572805],[19.47399850099238,40.34767877704077],[19.474946,40.348375],[19.481619,40.439114],[19.478871674142713,40.453396430070995],[19.486293749424746,40.614409461051935],[19.47882970851737,40.45361459534898],[19.47877,40.453925],[19.453136,40.465318],[19.418793,40.491889],[19.391368,40.521796],[19.386404001925552,40.54327999166628],[19.39324,40.537054993416746],[19.396007,40.529607993413286],[19.398611,40.52094099340919],[19.406749,40.52277299341005],[19.414235999999995,40.52277299341005],[19.433604,40.505926993402134],[19.446056000000002,40.51113499340457],[19.452646999999992,40.529852993413385],[19.4546,40.55385999342469],[19.454599999524728,40.55385999415777],[19.4546,40.55386],[19.442149,40.573065],[19.415701,40.583482],[19.391612,40.578315],[19.386404,40.550727],[19.379242,40.566148],[19.372412824197976,40.57384192730814],[19.3364040419034,40.614410393843784],[19.486293792422824,40.614410393843784],[19.48629379272461,40.614410400390625],[19.336404005345862,40.614410400390625],[19.309825,40.644355],[19.304373,40.653144],[19.309337,40.665025],[19.322927,40.674872],[19.339041,40.684068],[19.351573,40.694159],[19.360525,40.709784],[19.364513,40.726508],[19.365571,40.785956],[19.368826,40.802151],[19.372574512045915,40.80668296446302],[19.389114785119748,40.815471124378945],[19.396251,40.817043],[19.406749,40.820746],[19.40564613843961,40.82425454506088],[19.498407207121133,40.873540255272935],[19.405642782362147,40.82426522178535],[19.404063,40.829291],[19.396739,40.83869],[19.39324000178221,40.84491599682879],[19.397634,40.852972993564606],[19.404796,40.8610699935684],[19.411388000000002,40.86709199357117],[19.414236,40.86884199357199],[19.41423599686929,40.868841998076284],[19.414236,40.868842],[19.406261,40.880316],[19.391124,40.89525],[19.38119600328201,40.908270995695496],[19.38982199999999,40.91380399359286],[19.404959,40.91815799359491],[19.424570999999997,40.93964299360483],[19.44092897857135,40.94863498182969],[19.427013,40.936835],[19.427013001755306,40.93683499509197],[19.427013,40.93683499360357],[19.435394998780986,40.91339799700115],[19.427257,40.893378],[19.427256999999997,40.89337799358335],[19.427256999999994,40.87225999357358],[19.434744,40.87225999357358],[19.43783599955264,40.886541991513866],[19.437673,40.88345],[19.437673000301817,40.88344999930407],[19.437672999999997,40.88344999357873],[19.439138000000003,40.88007199357718],[19.440929,40.87225999357358],[19.454112000000002,40.88580999357985],[19.49421577070729,40.900545779938994],[19.498455046675556,40.873565673333005],[19.498455047607422,40.873565673828125],[19.49423024565321,40.90055110504693],[19.506602,40.905097],[19.523448,40.92064],[19.525157,40.945258],[19.514659,40.964911],[19.501475,40.982978],[19.495453,41.002631],[19.492035,40.976955],[19.484472898418225,40.96287502591735],[19.45541499983084,41.14847897426595],[19.463715,41.151313],[19.467133,41.162665],[19.467133,41.176174],[19.468761,41.187567],[19.509532,41.237291],[19.516612,41.256415],[19.513357,41.276679],[19.50294,41.294135],[19.488048,41.306464],[19.471934,41.311103],[19.46967697019564,41.311103],[19.52331588881459,41.39222098037442],[19.469663831767146,41.311103],[19.450043,41.311103],[19.431651,41.313707],[19.418956,41.322577],[19.414236,41.341498],[19.41423599999999,41.38279899380853],[19.414236,41.382799],[19.410818,41.391669],[19.396007,41.402045],[19.393240001961026,41.41351999186744],[19.406423000000004,41.40037699381649],[19.428721999999993,41.401312993816966],[19.44516,41.41518799382326],[19.445159999106426,41.41518799924575],[19.44516,41.415188],[19.44092900094979,41.44086299423639],[19.46461,41.450872993839454],[19.489267999999996,41.46613199384642],[19.50098157597636,41.47868195144731],[19.44380915063881,41.39227452479715],[19.50102458538937,41.47872803799888],[19.508637,41.486884],[19.510480179081856,41.493015603892374],[19.5296513014708,41.5219835019739],[19.510488298240794,41.49304260731672],[19.516611999999995,41.51341399386783],[19.516611999393522,41.51341399798246],[19.516612,41.513414],[19.515347128615225,41.521995538305305],[19.5296592671845,41.521995538305305],[19.529659271240234,41.521995544433594],[19.515347127711948,41.521995544433594],[19.514171,41.529975],[19.507172,41.536282],[19.496349,41.538764],[19.482432,41.54385],[19.468028,41.554267],[19.46357335969595,41.55996506067335],[19.471519829967807,41.582295834936374],[19.528087,41.576565],[19.556407,41.583075],[19.565196,41.58511],[19.584809,41.619574],[19.591645,41.619574],[19.592296,41.608588],[19.596039,41.602729],[19.603038,41.601752],[19.612966,41.605292],[19.604991,41.632148],[19.600108,41.639106],[19.591645,41.632636],[19.587087,41.640692],[19.557628,41.660549],[19.578136,41.687649],[19.576345,41.71894],[19.571137,41.752387],[19.5713,41.770413],[19.589529,41.765692],[19.598969,41.778713],[19.599783,41.79975],[19.591645,41.818793],[19.585216,41.818549],[19.465505,41.855455],[19.451182,41.862535],[19.444040600884186,41.86491024290083],[19.444040586955406,41.86491025469458],[19.437995124138364,41.86692097994125],[19.432953,41.868598],[19.365082,41.852362],[19.346934,41.863959],[19.310232,41.894517],[19.293224,41.900784],[19.220225,41.91885],[19.202973,41.927069],[19.178477,41.933905],[19.170258,41.937974],[19.162283,41.947943],[19.161957000281234,41.953436995260475],[19.163258999999993,41.95896999406773],[19.163258999226272,41.95896999671196],[19.163259,41.95897],[19.16033,41.96898],[19.15561,41.970649],[19.145274,41.977607],[19.137950003358018,41.985296996474176],[19.142914,41.98883699408098],[19.143564999999995,41.99306899408287],[19.143564999666328,41.99306899783089],[19.143565,41.993069],[19.139171,42.042426],[19.08253,42.081204],[19.074718001709925,42.095648996838214],[19.083831999999997,42.11009299413461],[19.08383199753158,42.110092996088014],[19.083832,42.110093],[19.076427,42.115953],[19.063975,42.120185],[19.048676,42.140204],[19.01059,42.139553],[19.002126,42.150214],[18.999848,42.161078],[18.994802,42.163642],[18.988048,42.163723],[18.981619,42.16706],[18.968028,42.188707],[18.953461,42.199856],[18.913341,42.222235],[18.901703,42.237494],[18.894705,42.270494],[18.885997,42.284369],[18.871593,42.290473],[18.854015,42.290473],[18.838878,42.285712],[18.831391,42.277533],[18.826508,42.282213],[18.820486,42.286689],[18.817638,42.291164],[18.801524,42.284369],[18.793956,42.280341],[18.788748,42.276028],[18.786388,42.274115],[18.778575,42.27147],[18.771983,42.276923],[18.762462,42.291164],[18.729503,42.311591],[18.714529,42.325263],[18.714122,42.338935],[18.708344,42.342475],[18.699718,42.34984],[18.693614,42.353217],[18.693613999999997,42.35944199424402],[18.695810999999996,42.37376499425026],[18.695810999204028,42.3737649948108],[18.695811,42.373765],[18.678477,42.385972],[18.658539,42.386623],[18.653168,42.366278],[18.646495,42.366278],[18.638438,42.370307],[18.61671,42.368069],[18.612315,42.36994],[18.607107,42.37641],[18.5949,42.383734],[18.580903,42.389838],[18.570649003241474,42.392970999009606],[18.573008999999992,42.3964299942601],[18.57309,42.39752799426063],[18.574066999999996,42.398260994260944],[18.578135999999997,42.40037699426186],[18.57813599452221,42.40037699715138],[18.578136,42.400377],[18.552989,42.413642],[18.545177001591643,42.42356999797723],[18.550141,42.43512599427699],[18.562835999999997,42.43854399427845],[18.644948999999993,42.418361994269695],[18.656505,42.41551299426846],[18.685556999999992,42.4039979942634],[18.700449999999993,42.39297099425864],[18.708180999999993,42.408514994265396],[18.708180999409596,42.40851499881293],[18.708181,42.408515],[18.707486713639323,42.41386275456176],[18.70748589839,42.413869034035976],[18.706554,42.421047],[18.683849,42.458808],[18.683279,42.468085],[18.687348,42.482896],[18.654145,42.451809],[18.610976899365998,42.44570841706287],[18.610963848410314,42.445706572681566],[18.608653,42.44538],[18.502452,42.455634],[18.502451999999998,42.4556339942859],[18.502451999999998,42.448187994282655],[18.521250998581397,42.437973995048985],[18.51295,42.409003],[18.51295000143284,42.40900299926631],[18.512949999999996,42.40900299426559],[18.529795978101852,42.400377005474816],[18.510265,42.40526],[18.49643,42.416327],[18.474457,42.441352],[18.460948,42.447943],[18.427582,42.455268],[18.413097,42.461859],[18.411876,42.47602],[18.238943,42.559068],[18.220551000193446,42.57916899978858],[18.220876000000004,42.588323994343305],[18.223155,42.60211799434921],[18.223481000000003,42.61469099435468],[18.223480999857003,42.61469099448495],[18.223481,42.614691],[18.21754,42.620103],[18.186823610835553,42.62417911981846],[18.17149642151261,42.6262130680901],[18.30363082860957,42.6262130680901],[18.303630828618413,42.62621306829131],[18.30363082215717,42.62621307373047],[18.171496357789444,42.62621307373047],[18.166026,42.626939],[18.131295844068678,42.64183371450161],[17.9915409143113,42.8213386465029],[17.991540908813477,42.821338648007654],[18.131295157859245,42.641834059455455],[18.125493092512254,42.64432233931307],[18.124848,42.644599],[18.108653,42.647406],[18.091645,42.648261],[18.07602,42.651313],[18.063975,42.65762],[18.057384003599896,42.667913994377585],[18.077322,42.667913994377585],[18.077321992028576,42.667914],[18.077322,42.667914],[18.055919,42.68301],[18.047862,42.690619],[18.043224,42.702053],[18.028331,42.691311],[18.003266,42.70067],[17.961192,42.729397],[17.901622,42.751899],[17.880707002123383,42.76874399828982],[17.892832999999996,42.79083899443022],[17.89283299688816,42.79083899432986],[17.892833,42.790839],[17.865082,42.789944],[17.834972,42.807196],[17.806651,42.811916],[17.800059,42.810981],[17.792328,42.808539],[17.785655,42.805162],[17.780121,42.796942],[17.773774,42.79857],[17.767751,42.802314],[17.765391,42.804429],[17.7588,42.807603],[17.735118,42.821967],[17.720958,42.826239],[17.72095801369167,42.826238990314586],[17.720958,42.8262389944453],[17.739594,42.813055994439694],[17.748708999999998,42.80341199443555],[17.761892,42.77871299442499],[17.761891999999996,42.774319],[17.755138,42.770941],[17.748709,42.77204],[17.748708999999998,42.778143994424795],[17.750254999999996,42.78571199442804],[17.750254999352073,42.78571199682826],[17.750255,42.785712],[17.748871,42.790839],[17.72877,42.800767],[17.678559,42.81623],[17.633474,42.822943],[17.580089,42.841254],[17.57603574493662,42.841798242102094],[17.564993703921076,42.84328090351472],[17.564993694806663,42.843280889623685],[17.525238,42.848619],[17.511739755424948,42.85255698288335],[17.51396549990543,42.90855905632521],[17.518891,42.908149],[17.522634,42.910224],[17.522146,42.919623],[17.526134,42.92178],[17.532074,42.9206],[17.541515,42.915473],[17.54656,42.914293],[17.55893,42.912828],[17.568126,42.909084],[17.583751,42.900702],[17.622895,42.891303],[17.636324049312837,42.88639831542969],[17.593284606933594,42.88639831542969],[17.593275999786854,42.88638519750655],[17.59328460693359,42.88639830990059],[17.636324049312897,42.88639830990059],[17.641612,42.8844669944701],[17.65268,42.87335799446538],[17.658946,42.87335799446538],[17.673675999999997,42.875066994466124],[17.715994,42.84418399445294],[17.741465999999996,42.839259994450835],[17.74146598524258,42.83926000285276],[17.741466,42.83926],[17.710948,42.856635],[17.701915002343164,42.86847599692844],[17.713633999999992,42.880804994468555],[17.713633997295595,42.880804997154826],[17.713634,42.880805],[17.708002952104902,42.88639830990059],[17.75369262695312,42.88639830990059],[17.75369262035755,42.88639831542969],[17.708002946538503,42.88639831542969],[17.707367,42.88703],[17.70500138298906,42.88639831542969],[17.663303459321984,42.88639831542969],[17.653331,42.890937],[17.652843,42.891181],[17.556488,42.93476],[17.573985,42.934272],[17.601085,42.925238],[17.617931,42.92178],[17.603038,42.932563],[17.580658,42.942084],[17.580089,42.942328],[17.549653,42.955308],[17.534516,42.950629],[17.515636,42.958889],[17.498546,42.972154],[17.488292,42.982611],[17.47462,43.001166],[17.470876,43.013414],[17.479177,43.022406],[17.501964,43.030992],[17.487966,43.03498],[17.47169,43.030463],[17.45338,43.022773],[17.433604,43.017401],[17.440684,43.019965],[17.460216,43.030992],[17.45045,43.031155],[17.440684,43.032294],[17.432302,43.0362],[17.426117,43.044623],[17.433604,43.0515],[17.427419,43.060858],[17.426117,43.065172],[17.404552,43.0515],[17.37086,43.073879],[17.360385540408835,43.084119440606045],[17.362831081674244,43.146723829308804],[17.36037081379186,43.084134021908945],[17.317519973241946,43.1260273109641],[17.316254,43.127265],[17.315492288754193,43.1275538711018],[17.20578222924529,43.16916105673767],[17.205781020271463,43.16916073352021],[17.172374,43.18183],[17.138031,43.202338],[17.121349,43.208808],[17.113943,43.213202],[17.107758,43.226386],[17.100271,43.231676],[17.098697329940624,43.23222166163291],[17.05129051208496,43.407203674316406],[17.05101580959273,43.40714846933586],[17.05129051208496,43.40720366900566],[17.098678243590246,43.2322282797223],[17.09018,43.235175],[17.080089,43.236518],[17.073497,43.238959],[17.066661,43.244859],[17.056326,43.256985],[17.054454,43.261217],[17.051117,43.274237],[17.04949,43.278022],[17.045095,43.279771],[17.0324,43.282375],[17.028168,43.284247],[16.93393,43.373603],[16.932656981008186,43.37422646645544],[16.919429818423165,43.38070458080784],[16.91942973832571,43.38070456471123],[16.906016,43.387274],[16.895763,43.394599],[16.88852,43.40119],[16.880626,43.405951],[16.752452,43.419501],[16.730211551415632,43.42663651204795],[16.73417277633156,43.53750103740608],[16.730195035734297,43.426641938489425],[16.69530617535001,43.43783537480962],[16.693858,43.4383],[16.625824,43.449042],[16.534841,43.497138],[16.533458,43.499701],[16.532563,43.50434],[16.53004,43.508775],[16.524669,43.51081],[16.518565,43.509711],[16.509532,43.505072],[16.504405,43.503974],[16.466563,43.51081],[16.391449,43.51081],[16.391448999999994,43.51764599473484],[16.411387999999995,43.51780799473489],[16.434254999999997,43.52187699473659],[16.455903000000003,43.52895699473954],[16.473398999999997,43.53815299474328],[16.473398994697465,43.53815299721296],[16.473399,43.538153],[16.456798,43.545885],[16.433849,43.54975],[16.336762,43.551174],[16.324962,43.548529],[16.306326,43.539944],[16.299327,43.538153],[16.281098,43.536038],[16.239594,43.526557],[16.192844981180183,43.52576128344283],[16.192789729061488,43.52576034299474],[16.117686,43.524482],[16.117686,43.517646],[16.135581979418333,43.51425160809253],[16.135581965937526,43.51425160538293],[16.150727,43.511378994732276],[16.164886999999993,43.50409599472926],[16.172373997257452,43.489691],[16.11085,43.489691],[16.11085000111533,43.48969099472333],[16.11085,43.48969099472333],[16.113128998865076,43.47890900008825],[16.098481,43.480048],[16.066173,43.489691],[16.039561,43.49079],[16.03316553605121,43.49315341722061],[16.032266705210137,43.49348557717768],[16.03226670391044,43.49348557691644],[16.028331,43.49494],[16.014008,43.503974],[16.007823,43.503974],[16.007823,43.497138],[15.995779,43.503363],[15.973481,43.503119],[15.966319,43.51081],[15.965505,43.509101],[15.965587,43.506171],[15.964366,43.503892],[15.959483,43.503974],[15.961274,43.515041],[15.966563,43.516913],[15.974376,43.51675],[15.983653,43.521064],[15.98699,43.527289],[15.984223,43.53205],[15.98227,43.537299],[15.987315,43.544908],[15.973439681208847,43.54373398024045],[16.01168182815193,43.602645390658374],[15.973426232274722,43.543732842297985],[15.970958,43.543524],[15.965099,43.541938],[15.959483,43.538153],[15.956228,43.547919],[15.94809,43.552883],[15.925304015629449,43.55857999609229],[15.941905000000006,43.560003994752186],[15.944184,43.56671799475499],[15.944183998564702,43.56671799577157],[15.944184,43.566718],[15.935395,43.572943],[15.917979000000004,43.572903],[15.917979,43.57599549475879],[15.917978999999997,43.57908799476007],[15.922618000000002,43.58112199476089],[15.927582000000001,43.58429599476219],[15.932139999999993,43.58657499476315],[15.932139994967265,43.58657499748364],[15.93214,43.586575],[15.92213,43.591986],[15.917979004460214,43.593328998556956],[15.925303999999999,43.59955499476845],[15.92530399706621,43.59955499750638],[15.925304,43.599555],[15.917979002681758,43.60639099749727],[15.925304000000002,43.613836994774275],[15.925303998445935,43.61383699842026],[15.925304,43.613837],[15.918956001821659,43.62872999572622],[15.929535000000005,43.63422299478262],[15.966319000000002,43.63373399478244],[15.966319000000006,43.64118099478544],[15.966319,43.641181],[15.921397,43.648139],[15.904796011280384,43.6480170000829],[15.916758999999999,43.653631994790516],[15.926605999999998,43.65302199479026],[15.934824999999996,43.649847994788985],[15.942393000000001,43.6480169947883],[15.952973000000004,43.650864994789444],[15.95297299884379,43.650864999688764],[15.952973,43.650865],[15.951427,43.657416],[15.942638,43.664293],[15.932140007711354,43.668442996951605],[15.945974,43.672308994798115],[15.951443470768362,43.67864367816379],[15.951443468619308,43.67864368087407],[15.952403,43.679755],[15.95045,43.688544],[15.938975,43.696438],[15.939059874139609,43.69426126200474],[15.939059815008848,43.69426133657755],[15.939707999798307,43.67763899997311],[15.931163,43.6765],[15.906749,43.691474],[15.892914,43.700507],[15.885997,43.700344],[15.876801,43.701646],[15.870779,43.703192],[15.864513,43.708157],[15.850759,43.723944],[15.844005,43.729926],[15.803477,43.746405],[15.792166,43.754462],[15.771007,43.759955],[15.706309,43.763414],[15.692638,43.774604],[15.68214,43.797187],[15.658458,43.80508],[15.632986,43.810452],[15.617442007960555,43.82550699228988],[15.647309000000002,43.8158629948564],[15.663096999999999,43.81297399485527],[15.678883999999996,43.81183499485483],[15.678883999999996,43.811835],[15.678883999999993,43.81928099485782],[15.678884,43.819281],[15.673025,43.821234],[15.668956,43.82099],[15.666759,43.819973],[15.665782,43.819281],[15.638845,43.836127],[15.574067,43.859524],[15.546886,43.876573],[15.545177,43.877631],[15.524913,43.900458],[15.523992841283858,43.9012277586109],[15.522089509066385,43.9028200014089],[15.522089499492608,43.90281999884903],[15.512218,43.911078],[15.497732,43.915513],[15.482432,43.917141],[15.473643,43.919135],[15.466075,43.921698],[15.455089,43.928046],[15.449718,43.934394],[15.445649,43.941352],[15.438731,43.949652],[15.433463446735233,43.95424944212203],[15.459068057561547,43.99383091232755],[15.433456682300244,43.95425549039177],[15.385720565763286,43.99591871834473],[15.384044,43.997382],[15.382132616654168,43.99946714546818],[15.363518744598887,44.01977323708951],[15.363518684347406,44.0197732534392],[15.358084,44.025702],[15.33961,44.039374],[15.319509,44.045233],[15.277599,44.082343],[15.278331,44.085598],[15.233246,44.120917],[15.222016,44.125637],[15.212901,44.131049],[15.208832,44.13817],[15.212738,44.148261],[15.19720928746151,44.15634553083891],[15.176524727141725,44.250024275498305],[15.176606,44.249945],[15.197927,44.25731],[15.207774,44.272773],[15.185395,44.285386],[15.193044,44.286851],[15.194184,44.288642],[15.194591,44.288804],[15.199067,44.285386],[15.206554,44.285386],[15.201182,44.297512],[15.19809,44.301663],[15.247569,44.277981],[15.268403,44.25845],[15.279552,44.251776],[15.295258,44.250678],[15.281749,44.285386],[15.290538,44.287421],[15.294932,44.290229],[15.297862,44.294013],[15.302745,44.29914],[15.289317,44.302191],[15.278168,44.309801],[15.268891,44.320461],[15.261241,44.332587],[15.280528,44.327541],[15.308604,44.309272],[15.336925,44.301663],[15.408539,44.272284],[15.42449,44.267971],[15.503591,44.259223],[15.525238,44.260688],[15.528656,44.271796],[15.514822,44.27851],[15.449229,44.285386],[15.444184,44.288479],[15.414073,44.316555],[15.406016,44.320624],[15.307953,44.354397],[15.293793,44.364814],[15.15504,44.466702],[15.108084,44.513861],[15.080089,44.536078],[15.052013,44.545478],[15.047862,44.55036],[15.01531,44.569078],[15.007335,44.569729],[15.001313,44.578518],[14.91133001701443,44.67905294753861],[14.91813415595475,44.94900451726112],[14.921641,44.958808],[14.91861671058507,44.96814968479437],[14.918748850697853,44.973392292445695],[14.918613680197504,44.96815904531565],[14.916704611836149,44.97405593957274],[14.916704563040577,44.9740560902967],[14.914317,44.981431],[14.856456,45.076483],[14.852794,45.093655],[14.84254,45.105536],[14.827403,45.113959],[14.765961,45.137356],[14.657888,45.196601],[14.6067,45.244371],[14.592784,45.249823],[14.57602,45.262274],[14.571381314085919,45.27083734240039],[14.574427109667258,45.279966545277915],[14.582205,45.285346],[14.577391790560926,45.28885262204263],[14.603089061887493,45.36587538902552],[14.577366167604094,45.28887130159384],[14.572601156407048,45.29234279705679],[14.570811,45.293647],[14.534353,45.31269],[14.534353014429657,45.31268998789872],[14.534352999999998,45.312689995435726],[14.552256999999997,45.29767499543016],[14.555430998365477,45.295884996351276],[14.551931,45.288072],[14.543305,45.28384],[14.533051,45.283881],[14.524425,45.288764],[14.510509,45.29975],[14.402354,45.338609],[14.363617,45.344631],[14.345876,45.35163],[14.329763,45.35399],[14.311534,45.34398],[14.290782,45.320502],[14.271983,45.290107],[14.258474,45.255764],[14.247732,45.186469],[14.234711,45.154568],[14.23406,45.153062],[14.232595,45.149359],[14.209239,45.12637],[14.20617932128427,45.1272037127633],[14.191326873678959,45.131250786035984],[14.191326873215395,45.13125076367016],[14.179373,45.134508],[14.191180858767012,45.12420592084002],[14.191180858672665,45.12420591628798],[14.19532299939703,45.12059199589037],[14.193126,45.105618],[14.193030043618972,45.10551096271668],[14.190740446063003,45.1029570765337],[14.190740443713349,45.10295696316855],[14.180431,45.091457],[14.164399,45.079901],[14.158214,45.087348],[14.154307,45.078925],[14.154063,45.071967],[14.158214,45.053209],[14.154307,45.054999],[14.147472,45.057278],[14.143891,45.059394],[14.143891,45.053209],[14.159434,45.040351],[14.159930960169238,45.03877639770508],[14.04266369968589,45.03877639770508],[14.040294,45.038967],[14.04035578421848,45.03877639770508],[13.945749282836914,45.03877639770508],[13.943220138549805,44.908016204833984],[13.801596024334426,44.908016204833984],[13.803477,44.910631],[13.808116,44.915432],[13.796723,44.924872],[13.774099,44.963813],[13.766785340547969,44.9693196949944],[13.705584526062012,45.23500442504883],[13.705237585248017,45.23514496291121],[13.705584526062012,45.23500442045577],[13.766766489599165,44.96933403012949],[13.733846424082106,44.9941204896736],[13.732758,44.99494],[13.681326,45.046373],[13.67335,45.051093],[13.660818,45.061225],[13.643809,45.070502],[13.623220003016417,45.073064999624506],[13.627696,45.07941299534893],[13.633066999999999,45.089422995352656],[13.636891999999998,45.093572995354215],[13.636891997769968,45.09357299758049],[13.636892,45.093573],[13.612559003160717,45.11786499684461],[13.638520000000002,45.13003199536789],[13.726247999999998,45.13450799536951],[13.72624798808012,45.13450799939183],[13.726248,45.134508],[13.706716,45.141099],[13.683604,45.143378],[13.636892,45.142035],[13.61199,45.136786],[13.600597,45.137274],[13.595958000647027,45.145412998864806],[13.597910999999998,45.155950995377566],[13.600597000000002,45.16461799538075],[13.60059699946856,45.16461799828518],[13.600597,45.164618],[13.599376,45.171291],[13.589122002463148,45.17548199899327],[13.593760999999999,45.18227799538731],[13.594412,45.18732299538922],[13.594411999483086,45.187322995994116],[13.594412,45.187323],[13.590587,45.191799],[13.582286,45.196601],[13.582285999999998,45.202825995394974],[13.590505000000002,45.20648799539633],[13.594493000000002,45.21263299539862],[13.594492999868132,45.2126329997968],[13.594493,45.212633],[13.594249,45.220771],[13.589122001339485,45.2306989974062],[13.595714,45.24054599540899],[13.595713999795619,45.2405459996947],[13.595714,45.240546],[13.595225,45.2508],[13.588227,45.259589],[13.57545000204286,45.264878999154206],[13.578787000000002,45.27098199542027],[13.584239000000002,45.27606799542216],[13.592052,45.279119995423336],[13.596677989158348,45.279119995423336],[13.596677977860104,45.27912],[13.602712,45.27912],[13.602712,45.285346],[13.59254,45.288804],[13.584646,45.293199],[13.578949,45.299018],[13.57545,45.306464],[13.585704,45.307807],[13.594493,45.311103],[13.609548,45.320136],[13.597911,45.324368],[13.571056,45.325019],[13.561778,45.326361],[13.550629,45.334296],[13.54474307662075,45.34174286598287],[13.545017047090218,45.35809816426688],[13.554942,45.36107],[13.554942,45.367336],[13.545292745008284,45.37455658657431],[13.547340381377824,45.49679495652001],[13.545279630297703,45.374566407883606],[13.54394783856016,45.375562986907944],[13.543142,45.376166],[13.513357001528474,45.43622499691796],[13.515391,45.43813699548184],[13.518564999999995,45.440333995482625],[13.520763,45.443019995483645],[13.520762997895059,45.44301999742771],[13.520763,45.44302],[13.515961,45.447455],[13.515636001573123,45.44814699665046],[13.517833,45.44977399548611],[13.520762999999997,45.45726099548884],[13.520762998925532,45.45726099725442],[13.520763,45.457261],[13.504568,45.483873],[13.501475000630453,45.498602996997555],[13.507090999999999,45.51190799550881],[13.513356999999997,45.51190799550881],[13.523123,45.506251995506744],[13.550944654237576,45.496795654296875],[13.550944667467393,45.496795654296875],[13.568614,45.49079],[13.589529,45.488837],[13.591645,45.493109],[13.590551358912894,45.49679564980017],[13.590551357578951,45.496795654296875],[13.589122000921696,45.50161399689297],[13.595957999999994,45.51190799550881],[13.595957999999994,45.51190799999999],[13.595958,45.51657749551054],[13.595958000000001,45.518133995511114],[13.595958,45.518134],[13.586192,45.519477],[13.578624,45.523383],[13.572765,45.529975],[13.568614002164711,45.53925199516212],[13.589609999999997,45.53579299551752],[13.675140999999998,45.54474499552077],[13.711128776724358,45.54850942086158],[13.710229878070702,45.49679590370687],[13.711145013435143,45.54851112374626],[13.75294,45.552883],[13.75294,45.559068],[13.742361,45.56977],[13.727387,45.581204],[13.711933604092852,45.5930751751087],[13.711939274154439,45.593395595992845],[13.718761,45.600653],[13.730154,45.613105],[13.757009,45.613674],[13.786876,45.611151],[13.808116,45.614325],[13.795584,45.617011],[13.786469,45.624335],[13.77711,45.635443],[13.739268,45.649115],[13.75766,45.654975],[13.753673,45.672309],[13.739106,45.691596],[13.726248,45.703762],[13.714051589363564,45.71276465337746],[13.714865680154904,45.758769742943635],[13.714036963730422,45.712775901319816],[13.647952153093842,45.76155526324793],[13.647309,45.76203],[13.646089275599703,45.76273164659391],[13.637522455502541,45.767659741695425],[13.637522388354379,45.76765974941337],[13.628917,45.77261],[13.574229,45.789618],[13.55128,45.792426],[13.534434,45.78205],[13.533308511153225,45.779637987278825],[13.533308404850493,45.779637999497155],[13.524345355169242,45.76042922628828],[13.524181,45.760077],[13.524181000642615,45.76007699697569],[13.524180999999999,45.76007699559851],[13.528330999999996,45.74054599559149],[13.55494199049469,45.73720899678231],[13.518403,45.72484],[13.513357,45.720771],[13.507823,45.714423],[13.480235,45.710679],[13.469249,45.706855],[13.451671,45.693793],[13.427989,45.681138],[13.401703,45.675442],[13.37672000899678,45.68317299721594],[13.390960999999997,45.6857769955718],[13.40919,45.691310995573815],[13.424815,45.69855399557641],[13.431406999999998,45.70685499557941],[13.431406998626079,45.70685499826988],[13.431407,45.706855],[13.422618,45.724066],[13.381684,45.730048],[13.369395,45.744615],[13.351817,45.740302],[13.254893,45.756049],[13.24586,45.758938],[13.221853,45.776068],[13.215505,45.778795],[13.204926,45.777737],[13.169444,45.768744],[13.157725,45.754584],[13.149669,45.751532],[13.139822,45.754869],[13.131358,45.768866],[13.122031054557873,45.77126123764966],[13.122015325678836,45.771265276957436],[13.119314,45.771959],[13.11085,45.767646],[13.108165,45.758205],[13.111827,45.748847],[13.112333316021065,45.748653403198304],[13.112333314397551,45.74865339941349],[13.122894999999998,45.74461499559298],[13.122895,45.74276349559233],[13.122895,45.737209],[13.10712815150033,45.73651887334579],[13.107105834962574,45.73651789653437],[13.100597,45.736233],[13.080577,45.727607],[13.069591,45.71369],[13.075043,45.696845],[13.087602720282675,45.69100024909286],[13.087602718699928,45.69100024540308],[13.091482,45.68919499557303],[13.111664,45.691351995573854],[13.149668995128204,45.703761993987484],[13.138031,45.689399],[13.103038,45.669013],[13.095632,45.65233],[13.095551,45.652167],[13.084972,45.641913],[13.075242019586563,45.63982114387917],[13.064674665411422,45.63754926494295],[13.064674663130774,45.63754925962619],[13.060557,45.636664],[13.029994392505257,45.635954359329894],[13.029991618384686,45.63595429491691],[12.9817,45.634833],[12.943858,45.628567],[12.780772,45.553534],[12.611664,45.496161],[12.512706,45.470445],[12.495942,45.460395],[12.487804,45.456732],[12.451427,45.450426],[12.423676,45.438056],[12.410330002583226,45.436225000354405],[12.418223999999999,45.45111699548661],[12.429209999999996,45.46401599549132],[12.435802,45.47492099549529],[12.435801998720601,45.47492099788352],[12.435802,45.474921],[12.430919002561346,45.48403599521879],[12.440602999999998,45.482977995498196],[12.447275999999995,45.484319995498694],[12.451020000000002,45.48899999550044],[12.451427000000002,45.49823599550378],[12.458180999999998,45.49823599550378],[12.462900999999997,45.48973199550074],[12.466970000000002,45.485581995499174],[12.471934,45.48590699549935],[12.478689,45.49078999550111],[12.478688997388728,45.49078999811238],[12.478689,45.49079],[12.465017004880032,45.50446199511996],[12.476329000000002,45.50356699550577],[12.487152999999998,45.50409599550593],[12.497324999999996,45.506740995506895],[12.499196999999995,45.50446199550607],[12.499848,45.50584499550661],[12.503183999999997,45.50287499550553],[12.506195999999997,45.499090995504154],[12.506601997968264,45.49823599978244],[12.503184,45.49787],[12.492931,45.498236],[12.492931,45.49823599550378],[12.492930999999999,45.49078999550111],[12.515147,45.492742995501814],[12.520517999999997,45.50503199550629],[12.521495,45.51898799551138],[12.530446999999997,45.525579995513795],[12.548106000000004,45.527003995514285],[12.562511000000002,45.53164299551598],[12.573578,45.540024995519055],[12.581687958521268,45.55283869012515],[12.581687955426085,45.55283868971106],[12.581716,45.552883],[12.581464920799867,45.552810056947756],[12.581457226061222,45.5528078214869],[12.569672,45.549384],[12.5442,45.536566],[12.537283,45.535834],[12.536148722398986,45.53667863662727],[12.524687942738868,45.54521291927758],[12.52468789117961,45.545212912379704],[12.518321,45.549954],[12.510509,45.559068],[12.506602,45.57331],[12.485199,45.565009],[12.458507,45.548326],[12.445903628367265,45.53467272697177],[12.445903412935184,45.534672698150096],[12.441990776697242,45.53043392217202],[12.441905,45.530341],[12.441905001895966,45.53034099756941],[12.441905000000002,45.53034099551551],[12.451427000000002,45.518133995511114],[12.451427,45.515020995509964],[12.451426999999999,45.511908],[12.434906,45.512356],[12.417735,45.523586],[12.41033,45.518134],[12.403575,45.518134],[12.400200594145508,45.52855832750661],[12.400199836904987,45.528560666799365],[12.396739,45.539252],[12.387065012407897,45.52680097823389],[12.387064861269415,45.52680095801376],[12.384198782630598,45.52311196281971],[12.384125,45.523017],[12.384125001644374,45.52301699762923],[12.384125,45.52301699551281],[12.390390999999994,45.51398299550956],[12.424001,45.50446199550607],[12.424001,45.498236],[12.411632,45.493313],[12.393403,45.491645],[12.380544001101793,45.494777999731554],[12.383066999999995,45.50446199550607],[12.383066998832977,45.50446199552062],[12.383067,45.504462],[12.350434,45.504869],[12.309581,45.488918],[12.272716,45.463609],[12.252696,45.436225],[12.252696,45.436224995481155],[12.252695999999998,45.42999899547883],[12.258961995637708,45.42999899547883],[12.250011,45.420722],[12.246104,45.411322],[12.246104000754036,45.41132199728615],[12.246104,45.411321995471994],[12.248546,45.402532995468746],[12.258961997331529,45.39520899734246],[12.249197,45.385484],[12.247406,45.378241],[12.247406000299282,45.3782409966702],[12.247405999999998,45.37824099545986],[12.248056999691286,45.37099799889194],[12.245291,45.36107],[12.237804,45.357733],[12.228282,45.357489],[12.223806,45.353949],[12.223806001904975,45.35394899695754],[12.223805999999996,45.35394899545092],[12.232187998368518,45.34056199805165],[12.220876,45.327053],[12.216319,45.31623],[12.208751,45.309068],[12.187511,45.306464],[12.174327,45.310533],[12.162934,45.31623],[12.161255762957177,45.31568136083442],[12.161221257932453,45.31567008065915],[12.15447,45.313463],[12.149099,45.292182],[12.159841,45.283108],[12.160958538226463,45.28049192190865],[12.160958537846012,45.280491876865796],[12.168792999999999,45.26215199541699],[12.180675000000003,45.25804299541547],[12.191661,45.262884995417316],[12.199392000000003,45.27460399542159],[12.201914999999998,45.28831599542671],[12.201914999425613,45.288315996878325],[12.201915,45.288316],[12.197439002043174,45.29962799483637],[12.217295999999997,45.29384999542874],[12.22144599975579,45.28327099604736],[12.220551,45.268785],[12.220551000225973,45.268784999076885],[12.220551000000002,45.26878499541944],[12.224863998948623,45.251165999707915],[12.213878,45.248114],[12.211111,45.242987],[12.211111001360866,45.242986997931446],[12.211110999999999,45.24298699540988],[12.21518,45.23680199540764],[12.224863999034431,45.23069899601382],[12.221365,45.216254],[12.22136500084475,45.21625399888738],[12.221364999999997,45.21625399539997],[12.230478999999999,45.204249995395514],[12.247324999999998,45.19692599539279],[12.266367999999996,45.19660099539268],[12.266367996448222,45.19660100006062],[12.266368,45.196601],[12.26352,45.200344],[12.262543,45.200751],[12.258962004098303,45.202825997625254],[12.273692,45.21084199539796],[12.296072,45.226629995403826],[12.30730199642966,45.230698994111656],[12.298025,45.215399],[12.298025001117995,45.2153989972435],[12.298025,45.21539899539965],[12.303965999999997,45.200750995394245],[12.315115000000002,45.1864689953889],[12.321055999999999,45.17234899538363],[12.321951000000002,45.138738995371114],[12.328460999163749,45.10102000020229],[12.31837,45.103461],[12.307302000751042,45.10785599970177],[12.308441999999998,45.11444699536203],[12.308441999675944,45.11444699812644],[12.308442,45.114447],[12.307302,45.124172],[12.307301999999998,45.1283629953672],[12.307302,45.128363],[12.297374,45.10635],[12.297373364872374,45.106332651552336],[12.296984851891663,45.09572329722589],[12.160127520135374,45.16952915341101],[12.296984739256581,45.095717381659796],[12.296723,45.088568],[12.306651,45.078559],[12.32653071689978,45.07978222696376],[12.35467592041809,45.06460255758771],[12.363292,45.052191],[12.376231,45.038967],[12.376231,45.032172],[12.368337,45.031155],[12.364106,45.029364],[12.36085,45.027086],[12.355154,45.024644],[12.368826,45.010972],[12.383556,45.026435],[12.386567,45.038764],[12.380840261237843,45.05049123510864],[12.402510062022639,45.038803971552554],[12.380838949994835,45.05049392027652],[12.380626,45.05093],[12.368826007704316,45.06561899040943],[12.383311000000003,45.05634199534029],[12.401378000000001,45.04987199533783],[12.413421998845916,45.04287299600587],[12.41033,45.032172],[12.410330001105397,45.03217199915685],[12.410329999999997,45.03217199533121],[12.42628,45.0200059953266],[12.434092999999995,45.01552999532492],[12.444590999999996,45.0109719953232],[12.464692,44.99201099531601],[12.486176,44.97650799531017],[12.499197,44.98370999531293],[12.499196992515365,44.9837099958602],[12.499197,44.98371],[12.49586,44.983954],[12.489106,44.983303],[12.486095,44.98371],[12.486095,44.99115599531573],[12.502615,44.991440995315855],[12.516774999999999,44.98761599531439],[12.527599000000002,44.980169995311584],[12.533864999605422,44.970037995945766],[12.53297,44.960842],[12.523123,44.950019],[12.523123001673861,44.95001899713995],[12.523123000000004,44.950018995300184],[12.52702899836265,44.943344998095334],[12.518809,44.933783],[12.515391,44.928371],[12.512706,44.922309],[12.506602,44.922309],[12.499034,44.921454],[12.494884,44.910468],[12.492931,44.87816],[12.487315,44.86225],[12.474132,44.845771],[12.444591,44.820502],[12.443126,44.825019],[12.438731,44.834906],[12.43214,44.846015],[12.424001001844406,44.854640998045234],[12.439219999999999,44.87758999527275],[12.443044000000002,44.890081995277484],[12.44304399915714,44.890081997246604],[12.443044,44.890082],[12.438324,44.901109],[12.426931,44.904975],[12.415538,44.899848],[12.406912,44.891303],[12.403575,44.884711],[12.4035083500349,44.884616226363356],[12.400959076305066,44.88099143979861],[12.400959074443323,44.88099125644372],[12.3921,44.868394],[12.391612,44.858832],[12.400705562018231,44.856023924992165],[12.4007055619703,44.85602392027153],[12.4165149996025,44.85114199538546],[12.415863,44.843573],[12.408214,44.836249],[12.400485850415485,44.834385488897574],[12.400470423110914,44.83438176886692],[12.396739,44.833482],[12.396739,44.826646],[12.40040085845351,44.82601500179191],[12.400400858405396,44.826014997053335],[12.403818999999995,44.82542599525292],[12.416269999999999,44.82143799525139],[12.42400099795685,44.820501995498375],[12.416189,44.80329],[12.413251827864828,44.80175591607334],[12.400084708316582,44.794878755691485],[12.400084708098962,44.79487873425916],[12.39796,44.793769],[12.375662,44.792222],[12.357432,44.804145],[12.346853,44.815334],[12.321056,44.833482],[12.302989,44.842922],[12.292328,44.843248],[12.266368,44.826646],[12.266368,44.820502],[12.28004,44.820502],[12.276252328160911,44.81059009714278],[12.276251214228264,44.81059039708846],[12.25362460846666,44.75137594950325],[12.253591,44.751288],[12.246593,44.711615],[12.24659300037574,44.711614997339545],[12.246592999999999,44.7116149952094],[12.252695999999997,44.66840199519281],[12.26588,44.63617599518042],[12.274912999999994,44.62050999517438],[12.283457999999994,44.61375599517173],[12.285817999714784,44.60268799650509],[12.28004,44.531887],[12.280040000199644,44.53188699758643],[12.280039999999998,44.53188699514005],[12.283701999999998,44.48761599512286],[12.314219999999999,44.387192995083716],[12.318207000000001,44.36115099507355],[12.321055999999999,44.35370499507063],[12.325450000000002,44.34780499506833],[12.339203000000003,44.33429599506296],[12.342133000000002,44.32949499506109],[12.344249,44.308294995052755],[12.350271000000001,44.28815299504486],[12.368826,44.25067799503006],[12.389984999999996,44.22272399501903],[12.417165999999998,44.19546099500828],[12.458017999999996,44.16640899499677],[12.478769999999995,44.139349994986055],[12.510915999999998,44.11456899497624],[12.547373999999994,44.09345099496777],[12.574229,44.085597994964694],[12.631357999999999,44.03009699494257],[12.660898999999999,44.008286994933805],[12.685992646458262,43.99384307861328],[12.685992655269876,43.99384307861328],[12.69158,43.990627],[12.710297,43.982896],[12.726733545778766,43.978932775745655],[12.872907798598487,43.7988736788368],[12.726734961735819,43.97893242924834],[12.753834999999999,43.97239799491945],[12.756113999999995,43.97186899491925],[12.803966,43.96686399491727],[12.823009,43.9585639949139],[12.862153,43.93536999490459],[12.928884000000002,43.91583899489672],[12.938650000000004,43.90460799489225],[12.947276,43.89760999488943],[13.014482455318761,43.854908780354805],[12.874009966825762,43.798436675494514],[13.014483697983813,43.854907995925956],[13.03532298006039,43.84166726406294],[13.035322979987395,43.841667258976116],[13.253266,43.70319199481077],[13.312446968257055,43.67648657147948],[13.03534489229723,43.73269625804604],[13.312450642179021,43.676484918821615],[13.370128,43.650458],[13.37975152191044,43.647594985128805],[13.672325196136908,43.407462709202086],[13.379760940351593,43.64759217791389],[13.389821999999999,43.64459899478685],[13.399668999999996,43.63564699478318],[13.446625,43.623724994778335],[13.473398999999999,43.61200599477355],[13.483164999999998,43.61627799477526],[13.490732999999999,43.62360299477825],[13.496266999999994,43.62750899477988],[13.499034,43.628484994780244],[13.501230999999999,43.630600994781155],[13.504405,43.63275799478201],[13.510264999999999,43.63373399478244],[13.516123999999998,43.6317409947816],[13.519054,43.62718299477972],[13.521006999999997,43.62270699477791],[13.524181000000004,43.62067299477707],[13.543223999999995,43.61322699477399],[13.557791,43.59674699476727],[13.569183999999998,43.58030799476056],[13.578867999999998,43.572902994757506],[13.597911,43.56952499475615],[13.615571,43.560491994752425],[13.624521998534075,43.54718699692597],[13.616954,43.531317],[13.616954001326796,43.53131699752272],[13.616954000000002,43.53131699474045],[13.760264999999997,43.26373899462973],[13.776051999999995,43.24359799462134],[13.780283999999995,43.23651799461838],[13.786631999999997,43.20058799460341],[13.790781999999997,43.192083994599805],[13.802745,43.178208994594016],[13.834809,43.12726499457264],[13.848643,43.09174199455773],[13.863249314597784,43.01817764700881],[13.747176677862196,43.081571567406854],[13.86325149211546,43.0181706187717],[13.865408,43.00731],[13.905528,42.901557],[13.932863660977668,42.82943845359478],[13.932862954178672,42.82943681113038],[13.944672,42.79828499443339],[13.980479,42.73037299440437],[14.001231,42.698431994390674],[14.063242999999998,42.624822994359036],[14.068857999999997,42.609564994352475],[14.075368999999997,42.5988219943478],[14.220551,42.47015999429217],[14.28419,42.428289994273975],[14.356211999999998,42.39297099425864],[14.387380000000002,42.37295199424993],[14.429047,42.32172299422754],[14.560232,42.2256529941855],[14.595876000000002,42.208563994178036],[14.653493999999997,42.19106699417033],[14.693696000000001,42.18536999416782],[14.709239,42.17548199416343],[14.717051999999997,42.16006099415663],[14.71834182888604,42.15084802369411],[14.607975281060602,42.10638246434138],[14.718342484864566,42.150845803476635],[14.72283,42.118801],[14.729503,42.099107],[14.740733,42.084621],[14.757498,42.078843],[14.763357,42.077948],[14.766740666607737,42.07740605626093],[14.766740666469191,42.07740605040335],[14.780120999999998,42.07526299411924],[14.799815000000002,42.066351994115344],[14.835460000000003,42.04413499410553],[14.871104000000003,42.03180599410003],[14.951995999999998,42.021063994095286],[14.993662999999993,42.01064699409068],[15.007334999999998,42.00136999408655],[15.009346295478226,41.99938874113583],[14.924155590861055,41.97643473093003],[15.009348259001836,41.99938681285552],[15.034516,41.974595],[15.045177,41.96898],[15.063162,41.964301],[15.10434,41.941881],[15.123383,41.934272],[15.143565,41.931179],[15.165375,41.927802],[15.231730103441615,41.927941125966626],[15.231730106917716,41.92794112005925],[15.281748999999996,41.92804599405396],[15.379105245645189,41.911441802978516],[15.379105280552084,41.911441802978516],[15.400564,41.907782],[15.446056,41.906928],[15.48138391446623,41.911441802978516],[15.481383961061432,41.911441802978516],[15.611338999999994,41.92804599405396],[15.774424999999999,41.92120999405097],[16.02711,41.944077994061104],[16.110849999999996,41.92804599405396],[16.111989999999995,41.9263369940532],[16.140473000000004,41.919907994050384],[16.160898999999997,41.89264599403824],[16.17920999880221,41.89329699399596],[16.176036,41.877387],[16.176036000794458,41.87738699801375],[16.176036,41.87738699403144],[16.183604,41.858465994023],[16.192231,41.821356994006415],[16.193043999951588,41.80841699477119],[16.193044,41.808416994000645],[16.192882,41.79092],[16.184337,41.779608],[16.166677,41.763414],[16.145763,41.748847],[16.127615,41.742499],[16.107188,41.737616],[16.089692,41.72602],[16.063162,41.701483],[16.027517,41.679918],[15.925304,41.640041],[15.900076,41.614651],[15.900070482327909,41.61462704805665],[15.897913766354446,41.60526722902375],[15.897914031599287,41.605266001433705],[15.891368,41.57685],[15.896332,41.536444],[15.911794,41.502875],[15.922530496953872,41.4913375731725],[15.922530498682343,41.49133756517289],[15.933603999999997,41.47943799385242],[15.961111000000002,41.4594589938434],[16.021657999999995,41.42780199382895],[16.085134,41.412664993822105],[16.100352,41.403550993818],[16.114106000000003,41.39288999381315],[16.301443,41.327866993783466],[16.460296999999994,41.262640993753614],[16.520681,41.25014899374794],[16.538585,41.23940699374304],[16.554373,41.227483993737565],[16.593923,41.206976993728134],[16.830577,41.14630799370028],[16.85141,41.13296099369414],[16.858164999999996,41.13296099369414],[16.858164999999996,41.132961],[16.858165,41.13666399369584],[16.858165000000003,41.14036699369754],[16.864431,41.14036699369754],[16.885265,41.12396899368997],[17.05714,41.08185499367059],[17.203136,41.020981993642486],[17.276378000000005,40.98021099362366],[17.310068999999995,40.954778993611875],[17.347911000000003,40.91209499359207],[17.361175999999997,40.9063989935894],[17.377695999999997,40.902288993587526],[17.413584999999994,40.881089993577675],[17.476084999999998,40.830145993554],[17.491953999999996,40.8244489935513],[17.512218,40.8202989935494],[17.548349999999996,40.801946993540845],[17.634532000000004,40.78497999353293],[17.645274,40.77977099353052],[17.748383,40.747625993515506],[17.843922999999997,40.69415899349049],[17.921885999999994,40.68300999348529],[17.955820999755723,40.67047799356961],[17.954926,40.646918],[17.954926000248015,40.64691799999734],[17.954925999999993,40.646917993468364],[17.966319,40.64679599346835],[17.991953999999996,40.65314399347129],[18.007008999999996,40.650701993470165],[18.011078,40.64419199346707],[18.011485000000004,40.63523999346292],[18.015797999999997,40.62518999345816],[18.039235999999995,40.60822199345021],[18.043223999299695,40.601995994540594],[18.043188691145453,40.60172074004082],[18.037639279457945,40.55845979344381],[17.981271390685304,40.61436912375298],[18.037638387398,40.558451809268874],[18.037446,40.556952],[18.042176384241337,40.55395001546371],[18.437835657702717,40.16144721572326],[18.042202913227953,40.55393317312972],[18.119964999999997,40.50458399340143],[18.211681,40.464747993382694],[18.231456,40.461370993381095],[18.238292,40.45766799337936],[18.258799999999997,40.430649993366586],[18.270192999999992,40.421209993362126],[18.303233,40.39988799335203],[18.329111999999995,40.36668499333633],[18.343760999999994,40.351629993329176],[18.361501,40.34528199332616],[18.370453,40.33868999332307],[18.437265999999997,40.26788999328946],[18.500010999999997,40.1524929932345],[18.504241999999998,40.14642999323165],[18.509451000000002,40.14183199322945],[18.516123997488762,40.139227994208134],[18.511078,40.12759],[18.5110780013529,40.127589996342905],[18.511078000000005,40.127589993222614],[18.513682,40.12055099321928],[18.51742599925818,40.11416299448193],[18.516124,40.104478],[18.508067,40.09455],[18.491873,40.084662],[18.483572,40.055162],[18.470388,40.043443],[18.434093,40.022528],[18.411388,39.978827],[18.407888,39.968492],[18.404063,39.947496],[18.394786,39.925605],[18.392589,39.916083],[18.39258900086285,39.916082996860965],[18.392588999999997,39.91608299312129],[18.399669,39.89032599310893],[18.400075999789784,39.87856699917678],[18.386485,39.825344],[18.386485000990152,39.825343996955084],[18.386485000000004,39.825343993077624],[18.389170998120147,39.81708399885455],[18.383962,39.81391],[18.373709,39.799791],[18.368337,39.796617],[18.346528,39.798041],[18.33839,39.800116],[18.330414,39.803412],[18.282074,39.833197],[18.265636,39.837592],[18.224376,39.837592],[18.211274,39.839342],[18.186534,39.851874],[18.161876,39.860541],[18.130626,39.88349],[18.094249,39.902737],[18.080903,39.90644],[18.071544,39.911526],[18.007335,39.98607],[17.995372,39.995266],[17.995371999999996,40.002671993162906],[18.011078000000005,40.003362993163236],[18.020274,40.01019899316648],[18.022146000000003,40.02167399317197],[18.022145999188886,40.02167399502803],[18.022146,40.021674],[18.015798,40.0362],[18.005138,40.044867],[17.978363,40.051663],[17.967459006801164,40.057317996472804],[17.999588531850932,40.07283083133911],[18.112169265747067,39.90232848432562],[18.34894371032715,39.90232848432562],[18.438117980957024,40.16116713801404],[18.438117979220973,40.16116713973628],[18.34894371032715,39.90232849121094],[18.11216926574707,39.90232849121094],[17.9996001579093,40.07283645145696],[18.00294,40.074449],[18.010997,40.096015],[17.997244,40.120429],[17.967459,40.146064],[17.940684,40.163031],[17.93912397560583,40.164439473690116],[17.919535608828127,40.19410989151585],[17.9192,40.209947],[17.917003,40.226874],[17.911143,40.240302],[17.899669,40.249091],[17.912771,40.249091],[17.912771,40.255316],[17.863129,40.285631],[17.85818615011057,40.287035661907524],[17.813072204589844,40.355369567871094],[17.41753578186035,40.355369567871094],[17.345230102539062,40.54964065551758],[17.02848243713379,40.54964065551758],[16.867990493774414,40.4848747253418],[16.867990499085213,40.484874720877116],[17.028482437133786,40.54964064894029],[17.34523010253906,40.54964064894029],[17.417535781860344,40.35536956120208],[17.813072204589844,40.35536956120208],[17.858175939520677,40.287038563798546],[17.857812891315117,40.28714173480542],[17.847667,40.290025],[17.512055,40.303697],[17.493907,40.30744],[17.44044,40.331],[17.430431,40.33161],[17.409516,40.330024],[17.399425,40.331],[17.3921,40.335028],[17.374685,40.348578],[17.368175,40.351508],[17.351248,40.354804],[17.296397,40.379462],[17.240001,40.395331],[17.212901,40.406195],[17.200206004537318,40.42039599492442],[17.223481,40.42841199336555],[17.243011999999997,40.441391993371646],[17.247895,40.45734299337919],[17.247894998387782,40.45734299473347],[17.247895,40.457343],[17.22755000582578,40.474432995106284],[17.247406,40.48029199339002],[17.295745999999998,40.473211993386705],[17.316253999999994,40.48187899339078],[17.323253,40.49848099339857],[17.32325299727537,40.49848099353703],[17.323253,40.498481],[17.304047,40.499457],[17.261729006346012,40.48871500161087],[17.26352,40.49103399339509],[17.268564999999995,40.496160993397496],[17.26856499504178,40.49616099496119],[17.268565,40.496161],[17.247406,40.502834],[17.229015,40.496894],[17.210704,40.487006],[17.189952,40.481879],[17.181814,40.485297],[17.176443,40.49315],[17.171723,40.502265],[17.166189,40.509182],[17.156016,40.512397],[17.133474,40.512641],[17.124522,40.515326],[17.049571,40.51911],[16.976085,40.492621],[16.973872283906037,40.49098117206725],[16.91373814951326,40.44641637840787],[16.868380561742867,40.48454680320607],[16.913737777216195,40.44641592302285],[16.91212,40.445217],[16.863292,40.390937],[16.782725,40.301581],[16.775424674517684,40.29063034057617],[16.624452590942383,40.29063034057617],[16.624452593462163,40.290630333876415],[16.77542397270062,40.290630333876415],[16.761493356467067,40.269733036796104],[16.761404,40.269599],[16.737559,40.211005],[16.730724,40.20067],[16.715994,40.19359],[16.679454,40.146064],[16.679342623188898,40.145986792920425],[16.678954282456676,40.14571761637436],[16.678954289497092,40.14571759765484],[16.640066,40.11876],[16.624522,40.107978],[16.604747,40.084459],[16.596934,40.04678],[16.59769741579828,40.04282380551711],[16.597697377801683,40.04282378509875],[16.599375999999996,40.03412499317795],[16.613616999999998,39.99664899315998],[16.631601997697757,39.96621299704148],[16.621755,39.953559],[16.605479,39.942939],[16.589203,39.919827],[16.542247,39.885403],[16.508149,39.837592],[16.49171,39.805487],[16.489757,39.775214],[16.489757000390757,39.77521399911044],[16.489757,39.77521399305342],[16.502126,39.74705599303982],[16.528574999999996,39.721502993027514],[16.528575,39.714667],[16.515636,39.689602],[16.515636002421235,39.68960199770241],[16.515636,39.689601993012076],[16.545908999999998,39.66087499299811],[16.591481999999996,39.636785992986475],[16.624847999999997,39.6253119929809],[16.749766000000005,39.62002199297835],[16.782481,39.611639992974276],[16.798106000000004,39.60346099297031],[16.816090999999997,39.59105099296426],[16.830902999999996,39.57615799295702],[16.837169,39.56045199294939],[16.846202,39.55267999294564],[16.906016,39.52973099293449],[16.952973,39.49921299291957],[16.970876,39.49493999291756],[16.995372,39.492742992916426],[17.011485,39.48615099291326],[17.023448,39.47540899290801],[17.035818,39.46076099290083],[17.05714,39.44163599289155],[17.088551999999996,39.42259299288223],[17.124197,39.4090029928756],[17.158701996332614,39.406194993172704],[17.122244,39.338324],[17.114919,39.282782],[17.114513,39.269355],[17.114513000192947,39.26935499918837],[17.114513,39.269354992807315],[17.117686,39.25600799280076],[17.124766000000005,39.24461499279516],[17.1421,39.22231699278426],[17.145680999219913,39.210678995313735],[17.140391,39.1789],[17.140343844498204,39.17874964652617],[17.124322300981454,39.127668040278884],[17.124322612333895,39.12766657415835],[17.122244,39.121039],[17.124522,39.090888],[17.135925320231987,39.07303084228711],[17.135925366937915,39.07303062235461],[17.147959999999998,39.05418499270149],[17.151866,39.0458849926974],[17.158458,39.04047299269475],[17.192556,39.03107299269011],[17.20639098875481,39.029485993979264],[17.18686,39.019029],[17.176606,39.012112],[17.172374,39.005194],[17.17156,38.96601],[17.17156000013377,38.9660099990973],[17.17156,38.96600999265799],[17.172373999015207,38.96051699930084],[17.138845,38.936713],[17.13502,38.932603],[17.127696,38.928778],[17.118907,38.919664],[17.104015,38.899075],[17.094981,38.919135],[17.070567,38.922797],[17.042247,38.916246],[17.021983,38.905951],[16.996349,38.929511],[16.981293,38.937201],[16.957286,38.94009],[16.935069,38.938707],[16.838552,38.918199],[16.727794,38.878852],[16.687755,38.855862],[16.679454,38.847561],[16.670746,38.840644],[16.610606,38.816555],[16.585623,38.797838],[16.574392,38.785061],[16.563731,38.756741],[16.550955,38.7414],[16.538829,38.723334],[16.534841,38.699897],[16.534841001161578,38.699896999352525],[16.534841,38.69989699252607],[16.546885999999997,38.693182992522715],[16.549082999772114,38.68992699285879],[16.548513,38.672065],[16.548513000193513,38.67206499857618],[16.548513000000003,38.67206499251221],[16.558849,38.59601499247431],[16.576996,38.52855099244065],[16.577158999954715,38.50287499956099],[16.569591,38.429511],[16.561371,38.416327],[16.521983,38.387152],[16.508149,38.371527],[16.497569,38.369289],[16.467052,38.3487],[16.435069,38.339993],[16.43420483731384,38.339637732613696],[16.359272685013888,38.30883291216376],[16.35927101232153,38.3088315608393],[16.339854,38.300849],[16.306326,38.277086],[16.241508557943458,38.21369435036344],[16.241415648661192,38.213619291381455],[16.16947928265266,38.14324950653844],[16.169444,38.143215],[16.151866,38.110826],[16.125499,38.004828],[16.11085,37.973619],[16.101329,37.960517],[16.090017,37.949205],[16.077159,37.939887],[16.063162,37.932685],[16.01588,37.924709],[16.000987,37.919013],[15.942149,37.933092],[15.761485,37.925238],[15.734874,37.930976],[15.708263,37.940985],[15.684418,37.953518],[15.665782,37.966864],[15.645518,37.988349],[15.635102001013294,38.00910099798119],[15.638357,38.02773699218913],[15.658457999999996,38.0425479921966],[15.65845799602666,38.042547997072326],[15.658458,38.042548],[15.63266,38.074205],[15.624034001189392,38.09210799753146],[15.627452,38.107366992229316],[15.638172449332057,38.121414869168355],[15.698192596435547,37.964267722869984],[15.932764053344723,37.964267722869984],[15.93277849887037,37.96427940087568],[15.932764053344727,37.96426773071289],[15.698192596435547,37.96426773071289],[15.638174943954029,38.12141814583807],[15.641612,38.125922],[15.647797,38.143134],[15.646495,38.162095],[15.63795,38.18594],[15.632823,38.220282],[15.650564,38.241034],[15.684255,38.253119],[15.715519704802594,38.26073620452872],[15.862001087146162,38.28690767583067],[15.715801460394978,38.260804842612885],[15.786469000000002,38.27802199231517],[15.795665,38.285548992319],[15.798675999999997,38.290716992321535],[15.812835999999999,38.300604992326505],[15.816173,38.30605699232926],[15.829763000000003,38.35101999235183],[15.904030028050562,38.47268912674148],[15.862063442802414,38.28692300842459],[15.904147291233265,38.472881242594035],[15.904796,38.473944],[15.917817,38.516791],[15.917104911121525,38.53013779595842],[15.949723396849206,38.67427090719628],[15.917091735449436,38.53038474969174],[15.916026,38.55036],[15.900076,38.578274],[15.870779,38.604234],[15.863536,38.608222],[15.849946,38.613349],[15.844005,38.617906],[15.83546,38.628241],[15.833669001134865,38.633774996493386],[15.835215999999999,38.6392279924959],[15.836599,38.6489929925007],[15.844492999999993,38.66038599250642],[15.863129000000002,38.668279992510314],[15.904795999999997,38.679388992515875],[15.968028,38.712591992532346],[16.002615,38.725408992538725],[16.048839,38.72772899253992],[16.120859999999997,38.72093299253653],[16.135997,38.72382199253793],[16.152599,38.7309019925415],[16.17921,38.74827699255013],[16.200937999999997,38.776434992564056],[16.215099,38.81415399258283],[16.221690000000002,38.85659399260389],[16.22168999977277,38.85659399853687],[16.22169,38.856594],[16.220063,38.899075],[16.214692,38.919013],[16.2046,38.934068],[16.189626,38.943549],[16.168956,38.946845],[16.154307,38.955024],[16.139659,38.973782],[16.083018,39.075263],[16.044261205474584,39.29765603543463],[16.116540908813473,39.06184005007836],[16.270299911309877,38.93262480969497],[16.270299911499023,38.93262481689453],[16.116540908813477,39.06184005737305],[16.044132015856167,39.298397347293324],[16.042003,39.310614],[16.034027,39.345242],[16.017676349662686,39.3848270721816],[15.898874282836914,39.77294921875],[15.898713146861162,39.77303855333253],[15.898874282836914,39.772949211802356],[16.017254104782435,39.38584933085133],[15.995396,39.438768],[15.958076,39.477564],[15.933116,39.513658],[15.904796,39.535956],[15.876231,39.551459],[15.867524,39.56391],[15.859716,39.588764],[15.850271,39.614732],[15.836599,39.652655],[15.815684,39.6789],[15.806407,39.695502],[15.788748,39.796617],[15.788748000000002,39.796616993063786],[15.788748,39.790351],[15.783946,39.810004],[15.778819,39.820136],[15.771332,39.82453],[15.76970500104821,39.83014599638184],[15.773596402682024,39.84240389559503],[15.773596400815563,39.842403896629804],[15.781912,39.868598],[15.774425,39.891099],[15.741547,39.929592],[15.734141,39.943752],[15.728038,39.964179],[15.714535857539884,39.97945084514474],[15.747760701980754,40.031714853119034],[15.714529133677264,39.979458453728476],[15.714066661154192,39.979981538297025],[15.713145,39.981024],[15.678884,40.008857],[15.67680779418305,40.01150651949129],[15.66095689782309,40.03173445972953],[15.747773166133598,40.03173445972953],[15.747773170471191,40.031734466552734],[15.660956851590669,40.031734466552734],[15.651622,40.043647],[15.630382,40.057685],[15.624685,40.064887],[15.624278,40.077786],[15.610199,40.073188],[15.534923,40.077786],[15.513127,40.06768],[15.495312,40.046719],[15.464658246558438,40.031734466552734],[15.431868553161621,40.031734466552734],[15.199469566345215,40.225894927978516],[15.041359901428223,40.225894927978516],[14.996777296247677,40.36243436298138],[15.000433,40.368828],[14.998267,40.397559],[14.975922,40.431464],[14.972331323860162,40.43730300837279],[14.893351554870605,40.6791877746582],[14.435264913695304,40.6791877746582],[14.444211,40.685987],[14.47637,40.695102],[14.479747,40.711493],[14.474132,40.729682],[14.460623,40.744208],[14.442638,40.755072],[14.42129,40.75093],[14.419378550137692,40.75164671850127],[14.421854947429752,40.873564422865485],[14.419365861114954,40.75165147638561],[14.405403,40.756887],[14.394433,40.761566],[14.382554,40.772266],[14.366609,40.780178],[14.348888,40.796861],[14.312348,40.828111],[14.2942,40.838772],[14.275727,40.840033],[14.248383,40.837714],[14.223643,40.831366],[14.212738,40.820746],[14.203461,40.801215],[14.182203,40.800918],[14.165597,40.815752],[14.135233,40.818554],[14.111501,40.829535],[14.095958,40.833808],[14.08253,40.831285],[14.076182,40.822211],[14.076182000579633,40.82221099437883],[14.076182000000001,40.822210993550286],[14.077402999999993,40.810369993544754],[14.081227999999994,40.79710499353859],[14.08252999935686,40.783515000245174],[14.075282,40.786278],[14.047697,40.789589],[14.041151001358998,40.79648399856855],[14.052257,40.83759199355747],[14.052256999233052,40.8375919971612],[14.052257,40.837592],[14.044465,40.874205],[14.021344,40.921829],[13.965343,40.996405],[13.930186,41.014146],[13.917979,41.023668],[13.914561,41.033149],[13.912771,41.054429],[13.910655,41.064643],[13.884318,41.1048],[13.8834280715573,41.105960868826735],[13.862820185124303,41.1328430112722],[13.950616836547848,41.1328430112722],[14.104567527770993,40.87356566740232],[14.421854972708834,40.87356566740232],[14.421854972839355,40.873565673828125],[14.104567527770996,40.873565673828125],[13.950616836547852,41.132843017578125],[13.862820068117323,41.132843017578125],[13.851725,41.147316],[13.790491,41.205864],[13.721853,41.252387],[13.720294862717289,41.25285726651991],[13.714534759521484,41.26253128051758],[13.000019073486328,41.32738494873047],[12.922186851501465,41.45711898803711],[12.604641914367676,41.521995544433594],[12.60444962696848,41.52215348456181],[12.604641914367674,41.521995538305305],[12.922186851501465,41.4571189818794],[13.000019073486325,41.327384942513675],[13.714534759521484,41.26253127427115],[13.720294760580035,41.25285729734629],[13.708507,41.256415],[13.678722,41.250556],[13.663341,41.250678],[13.656586,41.259589],[13.594412,41.253119],[13.56365,41.237982],[13.563650002067575,41.23798199475975],[13.563650000000003,41.237981993742366],[13.575449997570194,41.208074999886975],[13.543956,41.20661],[13.534434,41.208075],[13.525238,41.215399],[13.519542,41.225165],[13.514415,41.229682],[13.507091,41.221747],[13.499685,41.221747],[13.480235,41.239163],[13.324392,41.294827],[13.285818,41.295722],[13.204845,41.283759],[13.187022,41.278022],[13.151215,41.260199],[13.114513,41.250881],[13.090505,41.226549],[13.068207,41.221747],[13.044607,41.227525],[13.036794,41.240424],[13.033458,41.256903],[13.023692,41.273586],[13.011974,41.286526],[12.992686,41.315619],[12.979503,41.331],[12.923839,41.379788],[12.893565,41.399319],[12.862153,41.41352],[12.841563,41.418402],[12.76295,41.421373],[12.748546,41.423733],[12.678559,41.457953],[12.653982,41.465644],[12.642426,41.458197],[12.635265,41.447496],[12.619395,41.459133],[12.545584,41.544135],[12.448009,41.630764],[12.342784,41.702297],[12.327159,41.711371],[12.300629,41.717434],[12.285004,41.7272],[12.276622,41.729438],[12.246918,41.73371],[12.239024,41.736274],[12.223481,41.750678],[12.21518,41.768134],[12.211762,41.787543],[12.211192,41.807929],[12.206228,41.827338],[12.194591,41.847357],[12.19028733736752,41.85303792633968],[12.171640390980878,41.877652318654796],[12.17164033900275,41.877652361348346],[12.170177,41.879584],[12.147472,41.903469],[12.130519609790994,41.91332476988776],[12.131668838313374,42.041301655349635],[12.130519322096832,41.913325600878224],[12.050691419754816,41.959735232474586],[12.049978,41.96015],[12.038829,41.965155],[12.029796,41.972846],[12.026134,41.985785],[12.020356,41.993069],[11.992035,41.996283],[11.982188,41.999742],[11.969005,42.01142],[11.952647,42.022284],[11.934581,42.03148],[11.91684,42.037909],[11.839692,42.036444],[11.827485,42.034166],[11.822113,42.04678],[11.809418,42.066352],[11.79363,42.084459],[11.779796,42.092515],[11.771983,42.106269],[11.750173,42.127916],[11.745616,42.136623],[11.742931,42.152289],[11.736176,42.168891],[11.68214,42.252143],[11.658214,42.279364],[11.657828363940633,42.279588954637696],[11.569014753475756,42.331398289881854],[11.569013404612788,42.33139774303402],[11.539073,42.348863],[11.489268,42.359361],[11.449345891750847,42.375225561536496],[11.449345649761142,42.37522595830087],[11.42120277689207,42.38640929398668],[11.420665,42.386623],[11.396169,42.392971],[11.396169000000002,42.40037699426186],[11.396169,42.400377],[11.386892,42.404283],[11.376638,42.406887],[11.365733,42.407904],[11.354666,42.407213],[11.354666005818958,42.40721299462817],[11.354665999999993,42.407212994264846],[11.36207099373684,42.40037700004376],[11.333018,42.40058],[11.259044,42.420844],[11.245616,42.422309],[11.227387,42.422187],[11.211274,42.418891],[11.204356,42.410956],[11.200938,42.395453],[11.18629,42.379299],[11.183849,42.366278],[11.174653,42.36933],[11.164724,42.36933],[11.1574,42.367743],[11.155935,42.366278],[11.147797,42.371405],[11.134532,42.384182],[11.106619,42.391262],[11.094493,42.402737],[11.086762000089529,42.418361999819055],[11.086941000000001,42.429456994274524],[11.099132,42.44285699428031],[11.113020999999998,42.44635799428186],[11.141816,42.43879699427855],[11.164190999999999,42.43982799427897],[11.179691999999998,42.45649799428629],[11.188448000000001,42.48026699429659],[11.188975,42.504705994307145],[11.18897499989456,42.50470599511042],[11.188975,42.504706],[11.18686,42.520819],[11.166026,42.54621],[11.158458,42.564032],[11.148611,42.563178],[11.137218,42.558905],[11.128673,42.558051],[11.115977,42.571967],[11.10727,42.590766],[11.097423,42.606879],[11.080903,42.612698],[11.078762704797363,42.6262130680901],[11.175962448120114,42.6262130680901],[11.255227088928224,42.43117141151154],[11.41522407531738,42.43117141151154],[11.41539820738629,42.43088591169712],[11.415224075317383,42.43117141723633],[11.255227088928223,42.43117141723633],[11.175962448120117,42.62621307373047],[11.078762703904134,42.62621307373047],[11.07781,42.632229],[11.053477,42.64704],[11.015896303884535,42.6634615920183],[11.01634693035134,42.82133826601511],[11.015889756562274,42.66346456900464],[11.00617769178801,42.667708322370046],[11.005707,42.667914],[11.000255,42.679877],[10.995616,42.696031],[10.990001,42.710273],[10.981212,42.716295],[10.972341,42.720038],[10.943614,42.742987],[10.89088,42.763902],[10.73129300642921,42.80442899836731],[10.755381999999999,42.819158994442276],[10.764903000000002,42.83527299444918],[10.766368,42.85419299445724],[10.76636799987463,42.85419299838089],[10.766368,42.854193],[10.765636000165129,42.87710199483206],[10.768728000000003,42.88393799446988],[10.774587,42.888250994471704],[10.777679999999998,42.89472099447443],[10.777679998880725,42.89472099765867],[10.77768,42.894721],[10.77296,42.908149],[10.76352,42.91828],[10.750743,42.925279],[10.681407,42.949042],[10.632498,42.958482],[10.583263,42.959703],[10.539073,42.949123],[10.539073002123725,42.949122995005986],[10.539072999999998,42.94912299449752],[10.543467999999995,42.93878799449317],[10.546559996643975,42.93475999886342],[10.518565,42.925279],[10.499522,42.940497],[10.477550001909758,42.99005799569227],[10.502696,43.00556099452138],[10.5171,43.02391199452915],[10.539073,43.07941299455257],[10.539072999095993,43.079412997716595],[10.539073,43.079413],[10.539009439280626,43.07963546251781],[10.539009169200032,43.07963640779989],[10.535655,43.091376],[10.535655,43.112616],[10.539317,43.134182],[10.54656,43.147121],[10.538341,43.164252],[10.534434,43.185289],[10.532888,43.226223],[10.528168,43.246772],[10.516938,43.266791],[10.437022,43.388577],[10.420817811928934,43.40502970372275],[10.212339401245117,43.99384307861328],[10.124277449681811,43.99384307861328],[10.105805,44.01675],[10.090587,44.025377],[10.072032,44.029527],[10.03533,44.047838],[10.014822,44.052069],[9.998546,44.058051],[9.988536,44.05976],[9.984141,44.055487],[9.980724,44.049872],[9.972667,44.045722],[9.962738,44.044664],[9.953624,44.048651],[9.937836,44.06037],[9.932343061596782,44.063569695187844],[9.9696891640551,44.12429822635237],[9.932335807734368,44.06357399617768],[9.906059372576872,44.078880224289456],[9.904307,44.079901],[9.88795,44.093004],[9.876801,44.087836],[9.844737,44.108629],[9.826427,44.107245],[9.82642700433777,44.10724499530117],[9.826426999999997,44.10724499497329],[9.833262996535174,44.09983999872356],[9.828624,44.098131],[9.823985,44.09512],[9.819591,44.093004],[9.819591002351588,44.09300399610011],[9.819591,44.09300399496767],[9.824473999999999,44.084905994964394],[9.830576999999998,44.078842994961995],[9.838145,44.07477399496039],[9.847503999999999,44.07249599495948],[9.847503999999999,44.066311],[9.841645,44.063381],[9.838878,44.06037],[9.833263,44.052069],[9.833263002630394,44.05206899883999],[9.833262999999999,44.05206899495132],[9.846364997164605,44.04629099619945],[9.84254,44.041164],[9.832286,44.042304],[9.826427,44.055487],[9.819835,44.063381],[9.771821,44.079413],[9.720876,44.113471],[9.709727,44.117743],[9.682628,44.136542],[9.672537,44.140815],[9.64324,44.14232],[9.631033,44.144599],[9.621104,44.148261],[9.586192,44.17772],[9.579926,44.178941],[9.573009,44.191596],[9.556488,44.200141],[9.511241,44.215237],[9.499034,44.221829],[9.489757,44.230902],[9.484386,44.243842],[9.472504,44.239814],[9.453868,44.237698],[9.436778,44.239488],[9.42921,44.24726],[9.422374,44.256781],[9.374522,44.271796],[9.367686,44.29442],[9.262706,44.336412],[9.230642,44.353705],[9.221039,44.344062],[9.213715,44.333441],[9.209809,44.320868],[9.209809000240085,44.32086799583057],[9.209808999999998,44.32086799505775],[9.210703999710317,44.30532500008236],[9.16505,44.318305],[9.146658000767848,44.328558999571904],[9.148611000000002,44.340032995065265],[9.148610999308053,44.34003299593476],[9.148611,44.340033],[9.130056,44.363349],[9.102061,44.373969],[9.001231,44.387274],[8.952891,44.399807],[8.923676,44.411566],[8.914561,44.408922],[8.868419,44.409735],[8.845388,44.413479],[8.837738,44.417182],[8.837165288793866,44.41778291491382],[8.83364921882917,44.42147216719649],[8.833649192392818,44.4214721648241],[8.826996,44.428453],[8.76238,44.432115],[8.737153,44.428778],[8.724783,44.423977],[8.700514018143068,44.40952467554958],[8.700513814270453,44.40952465725414],[8.696024704245257,44.40685126216151],[8.695811,44.406724],[8.685313,44.398098],[8.678559,44.39468],[8.670909,44.394721],[8.662771,44.395575],[8.655121,44.39468],[8.593761,44.362738],[8.576671,44.360541],[8.564789,44.357164],[8.540294,44.340033],[8.466075,44.304267],[8.444509,44.283881],[8.444509001055817,44.28388099604125],[8.444509,44.2838809950432],[8.449717998974437,44.264349998880824],[8.439464,44.25316],[8.436534,44.247545],[8.435395,44.240424],[8.432384,44.238023],[8.417247,44.230658],[8.411876,44.227037],[8.406505,44.215033],[8.40650500065441,44.2150329964786],[8.406505,44.21503299501601],[8.408538999868503,44.204087995719284],[8.408214,44.193508],[8.394542,44.182359],[8.369395,44.173529],[8.313487,44.160468],[8.284679,44.148261],[8.269542,44.138739],[8.256521,44.128363],[8.233165,44.103583],[8.229991,44.09634],[8.229991000326434,44.09633999571384],[8.229991,44.09633999496892],[8.231211999742044,44.080307998349596],[8.229991,44.072496],[8.223806,44.057196],[8.216319,44.045233],[8.169119,44.006659],[8.15268,43.983222],[8.15268000183159,43.9832219975351],[8.152680000000002,43.98322199492381],[8.167978999999999,43.962632994915516],[8.167979,43.956488],[8.144705,43.952582],[8.115245,43.92768],[8.089203,43.919867],[8.081554,43.915229],[8.07545,43.909654],[8.073009,43.904608],[8.067719,43.896674],[8.055675,43.892076],[8.031423,43.887519],[7.959727,43.852851],[7.785818,43.821967],[7.736583,43.798245],[7.694998,43.791205],[7.572032,43.791327],[7.544119,43.784491],[7.531098,43.784491],[7.523204,43.789049],[7.512869,43.792141],[7.502289,43.792222],[7.489106,43.785468],[7.484874,43.785386],[7.480724,43.785834],[7.47641,43.784491],[7.475759,43.780829],[7.475759000372901,43.7808289969399],[7.475758999999998,43.78082899484225],[7.477305999573714,43.7681339983353],[7.47641,43.764635],[7.468435,43.761705],[7.462657,43.762112],[7.454345,43.757117],[7.445974,43.749845],[7.432845,43.739853],[7.417957,43.730904],[7.404319,43.717969],[7.380723,43.719273],[7.36575,43.72273],[7.353184,43.715691],[7.342296,43.707831],[7.338064,43.69831],[7.330533,43.686424],[7.319002,43.68525],[7.300904,43.687689],[7.280253,43.693326],[7.257273,43.691648],[7.241675,43.684869],[7.228509,43.674196],[7.228509001282308,43.67419599583842],[7.228509,43.674195994798914],[7.231813998720079,43.66346999894836],[7.213805,43.648673],[7.203791,43.64436],[7.196677,43.656917],[7.177651,43.660109],[7.164595,43.656061],[7.151622,43.654771],[7.144216,43.645453],[7.136567,43.641181],[7.133067,43.633857],[7.126154,43.605833],[7.12615400060756,43.60583299723389],[7.126153999999998,43.60583299477095],[7.132090999999998,43.5788029947599],[7.132579,43.57355399475778],[7.136242000000002,43.56245899475323],[7.1389159985505914,43.554019999324005],[7.125511,43.547768],[7.112941,43.564544],[7.104324,43.568294],[7.088427,43.568674],[7.071052,43.560805],[7.058108,43.549885],[7.045078,43.542143],[7.037202,43.536264],[7.030634,43.547889],[7.014468,43.547087],[7.00171374240552,43.548210540828336],[7.001709232853472,43.54821093808124],[6.993819,43.548906],[6.9756,43.546946],[6.962087,43.540107],[6.946121230971407,43.52795206070282],[6.9461211995476475,43.52795205431574],[6.945414903635191,43.52741432488313],[6.945203,43.527253],[6.940888,43.51246],[6.940888001331235,43.51245999929652],[6.940888,43.51245999473268],[6.949554996194389,43.50787999674186],[6.948985,43.507392],[6.9489850036795735,43.507391997880816],[6.948985000000001,43.50739199473058],[6.953805,43.50461599472951],[6.954298999476185,43.500105999509785],[6.92508,43.472761],[6.920372,43.449012],[6.898242,43.437999],[6.894028,43.427628],[6.871072,43.426093],[6.869672,43.432052],[6.86656,43.435456],[6.862957,43.439362],[6.857988,43.436176],[6.856098,43.428729],[6.856098000744088,43.42872899763008],[6.856097999999999,43.42872899469822],[6.860135998452476,43.415867999621746],[6.846672,43.412577],[6.834826,43.415811],[6.818843,43.416072],[6.78305,43.408635],[6.772974,43.418454],[6.757086,43.422687],[6.746501,43.417906],[6.731146,43.407847],[6.731146000331663,43.40784699490684],[6.731146,43.40784699468957],[6.732823999674876,43.382078999671634],[6.717784,43.366889],[6.717783999999998,43.36688899467261],[6.717837999982318,43.35060399999835],[6.693931,43.348372],[6.674571,43.346381],[6.666026,43.333197],[6.661306,43.322333],[6.652029,43.314927],[6.624629,43.295913],[6.597243,43.284007],[6.590892,43.268898],[6.590892002063998,43.268897999542105],[6.590892,43.268897994631864],[6.6116719999999995,43.26428799462997],[6.672357999999999,43.27619599463495],[6.693373999999999,43.272972994633605],[6.698021998208129,43.26545699752796],[6.685395,43.248037],[6.668356,43.239536],[6.665403,43.22129],[6.665403000733354,43.22128999914329],[6.665403,43.22128999461204],[6.671978000000001,43.213608994608826],[6.679800997449007,43.20155299853509],[6.6604,43.190412],[6.640391,43.18183],[6.629161,43.179877],[6.609874,43.173407],[6.599457,43.174994],[6.59547,43.179877],[6.593272,43.18773],[6.581276,43.184374],[6.563718,43.184449],[6.539912,43.182204],[6.536427,43.172544],[6.526714,43.160567],[6.505683,43.150971],[6.479163,43.15606],[6.451332,43.152719],[6.422018,43.152342],[6.401679,43.146938],[6.378541,43.136079],[6.36608,43.118635],[6.366080001119034,43.11863499613553],[6.366079999999999,43.11863499456901],[6.369877999999998,43.1055189945635],[6.375370997964969,43.0908409999952],[6.342258,43.090763],[6.328868,43.099921],[6.325694,43.104193],[6.306202,43.109413],[6.280374,43.118666],[6.25347,43.120875],[6.219702,43.116548],[6.193198,43.108773],[6.178664,43.102856],[6.162934,43.092597],[6.153168,43.071967],[6.152768,43.048107],[6.152768000091069,43.04810699997164],[6.152768,43.04810699453935],[6.171329999999999,43.04232499453689],[6.185419996496901,43.04544399376281],[6.180072,43.035922],[6.154462,43.033751],[6.097694,43.031261],[6.088517006835518,43.034848997327465],[6.1030310000000005,43.04078099453628],[6.119254,43.04514999453811],[6.132065999999999,43.05263799454127],[6.132065999205643,43.05263799953574],[6.132066,43.052638],[6.129088,43.071362],[6.109662,43.084316],[6.091933,43.082903],[6.044523,43.078208],[6.027008,43.078195],[6.01652,43.098936],[5.991732,43.102347],[5.958652,43.102168],[5.934093001896055,43.11359299911795],[5.936534,43.119451994569395],[5.938243000000001,43.129095994573426],[5.940929,43.13401899457553],[5.940928997072073,43.13401899463359],[5.940929,43.134019],[5.92449,43.134345],[5.908539,43.131293],[5.879405,43.120429],[5.879405008104727,43.120428997592064],[5.879404999999999,43.12042899456983],[5.8962509999999995,43.11542399456769],[5.91061,43.09320399455832],[5.927251999999999,43.08760099455596],[5.951378995194548,43.07997799607106],[5.940288,43.07091],[5.917208,43.072742],[5.887956,43.072226],[5.875336,43.068793],[5.856605,43.044829],[5.81896,43.053469],[5.790242,43.069931],[5.7818730034862815,43.07911799617296],[5.802895999999998,43.08888999455652],[5.818084999999999,43.099089994560806],[5.818084997019396,43.099089997998405],[5.818085,43.09909],[5.811465,43.106725],[5.800564,43.111849],[5.783407,43.114598],[5.78084,43.123334],[5.776127,43.130811],[5.760558,43.131982],[5.741012,43.132063],[5.696299,43.146875],[5.687673,43.16885],[5.673919,43.179889],[5.655221,43.18559],[5.634213,43.187229],[5.622903,43.176727],[5.61242,43.160429],[5.588262,43.167979],[5.572706,43.169148],[5.558974,43.181578],[5.547246,43.193859],[5.537836,43.20739],[5.524952,43.212629],[5.514336,43.20774],[5.504176,43.205659],[5.459833,43.208519],[5.439754,43.207646],[5.409515,43.211292],[5.395311,43.212341],[5.370337,43.207859],[5.346980001029698,43.21589899964555],[5.350597,43.23358799461715],[5.35377,43.243800994621424],[5.36085,43.25397399462565],[5.369151,43.27041299463252],[5.369150998097644,43.27041299623264],[5.369151,43.270413],[5.357343,43.280345],[5.355968,43.29206],[5.351817,43.297919],[5.338883,43.334289],[5.294173,43.355472],[5.238279,43.328041],[5.163237,43.329314],[5.125174,43.325769],[5.064795,43.328019],[5.034022,43.335476],[5.013936,43.357921],[5.005572001272556,43.38162799639306],[5.026134000000002,43.40932899469022],[5.05714,43.42206499469548],[5.146169000000001,43.42206499469548],[5.173839,43.428289994698],[5.192882000000002,43.439520994702654],[5.199057232425847,43.44499116914697],[5.1990572275544995,43.44499117012689],[5.213552,43.457831],[5.226329,43.480292],[5.22283,43.503974],[5.193614,43.489936],[5.165538,43.482489],[5.139985,43.485785],[5.118419,43.503974],[5.111501,43.519355],[5.11085,43.527899],[5.105724,43.533026],[5.084972,43.538153],[5.077403,43.538886],[5.053722,43.538153],[5.049571,43.541449],[5.03533,43.555732],[5.029145,43.55858],[5.022309,43.552191],[5.01588,43.538764],[5.010997,43.525092],[5.009288,43.517646],[5.014659,43.498725],[5.023692,43.490465],[5.035818,43.485582],[5.050304,43.476711],[5.0523865479195695,43.472347259521484],[4.74345809109114,43.472347259521484],[4.744965,43.507392],[4.742442,43.524482],[4.736176,43.539496],[4.725841,43.556789],[4.711925,43.571519],[4.694591,43.579088],[4.694591,43.572903],[4.724376,43.538398],[4.72877,43.527899],[4.72877,43.472347259521484],[4.177847862243652,43.472347259521484],[4.173032760620117,43.6026611328125],[3.850892543792725,43.6026611328125],[3.617136240005493,43.407203674316406],[3.140029191970825,43.276947021484375],[2.984907388687134,43.146724700927734],[2.984907388910645,43.146724695696165],[3.1400291919708256,43.27694701611964],[3.6171362400054927,43.40720366900566],[3.850892543792725,43.60266112758224],[4.173032760620117,43.60266112758224],[4.177847862243651,43.47234725423765],[4.728769567279594,43.47234725423765],[4.72877,43.4562039947095],[4.742523999999999,43.422552994695636],[4.769705,43.40192299468708],[4.800059,43.38605399468054],[4.8230189993671955,43.36716899519322],[4.820279,43.346356],[4.791247,43.345222],[4.665886,43.347541],[4.592336,43.359889],[4.566289,43.371094],[4.5655440002269785,43.38794899486479],[4.585703999999999,43.40424199468804],[4.588043999999998,43.416890994693325],[4.588043999238064,43.41689099588131],[4.588044,43.416891],[4.579594,43.430066],[4.555208,43.443266],[4.513031,43.455797],[4.409419,43.447741],[4.205903,43.459906],[4.181651,43.463772],[4.16033,43.471503],[4.132823,43.487047],[4.117198001799809,43.51048399730034],[4.132822999999999,43.53278199474108],[4.132822998519894,43.53278199788778],[4.132823,43.532782],[4.131196,43.536241],[4.105317,43.551866],[4.047455,43.556138],[3.990896,43.550849],[3.952973,43.539944],[3.939301,43.532538],[3.739919,43.412828],[3.622162,43.374905],[3.589692,43.354885],[3.513357,43.281073],[3.492361,43.274319],[3.452403,43.288764],[3.428396,43.285468],[3.385427,43.283922],[3.317719,43.263088],[3.244314,43.219428],[3.22755,43.20425],[3.220958,43.195217],[3.207286,43.186632],[3.195893,43.176663],[3.178722,43.165229],[3.165945,43.152411],[3.15447,43.135281],[3.135997,43.121039],[3.114024,43.106309],[3.104177,43.087795],[3.096039,43.072577],[3.086029,43.054023],[3.070404,43.026923],[3.063243,43.008368],[3.056082,42.992703],[3.046153,42.964179],[3.038992,42.942776],[3.0389920008483573,42.94277599703045],[3.0389920000000004,42.94277599449486],[3.0418399999999997,42.9328069944906],[3.0546980000000006,42.927109994488184],[3.056081999742587,42.90713099819567],[3.047537,42.847235],[3.040457,42.790188],[3.038992,42.750271],[3.038992000168286,42.75027099899816],[3.038992000000001,42.75027099441287],[3.0433049995764376,42.72459499692339],[3.037608,42.683214],[3.0376080002799375,42.6832139964175],[3.037607999999999,42.683213994384126],[3.0418399999999997,42.62905499436088],[3.0461529999999994,42.58767299434305],[3.051849999999999,42.55487699432888],[3.0660910000000006,42.54205999432332],[3.087494,42.53493899432025],[3.114593999999999,42.53062599431838],[3.1373799999999994,42.52492899431594],[3.145925,42.5149599943116],[3.145925,42.503526],[3.143077,42.492133],[3.143077001056712,42.49213299852893],[3.143076999999999,42.492132994301706],[3.150238,42.482163994297395],[3.1602480000000006,42.4750429942943],[3.1758730000000006,42.45648799428625],[3.1815699994134548,42.435084996480526],[3.178722,42.417996],[3.170177,42.396593],[3.170177000933823,42.396592996599225],[3.170177,42.39659299426024],[3.17449,42.38088599425336],[3.1744899781022613,42.37032123889532],[3.0105834354013963,42.56042608717402],[3.17449,42.37031980573681],[3.17449,42.363796],[3.1773178885814115,42.3606549279266],[3.177317887906621,42.36065492292067],[3.187348000000001,42.34951399423969],[3.2041939999999998,42.339585994235364],[3.2264920000000004,42.34251499423666],[3.249848,42.34320699423694],[3.2630309999999993,42.3292099942308],[3.269867,42.3292099942308],[3.2806099999999994,42.33685899423413],[3.2937119999999993,42.33498799423336],[3.31771899707894,42.322983995688716],[3.294037,42.288031],[3.290375,42.278062],[3.287039,42.262926],[3.279389,42.255642],[3.270356,42.250108],[3.263031,42.239854],[3.247162,42.245714],[3.210134,42.239732],[3.178722,42.249701],[3.170177,42.25967],[3.163568576580404,42.25865567556459],[3.163545538481562,42.25865213945543],[3.151622,42.256822],[3.1303,42.239732],[3.118826,42.218329],[3.117442,42.182847],[3.116466,42.158433],[3.122488,42.140489],[3.138601,42.127631],[3.145486398853406,42.124513064712815],[3.145486398109058,42.124513059190875],[3.173106,42.11200599413546],[3.192298999999999,42.092920994127105],[3.214495999374836,42.068333994808654],[3.213009,42.055986],[3.19986,42.04619],[3.195896,42.033118],[3.1958960009749076,42.033117997315536],[3.1958960000000003,42.03311799410061],[3.2015890000000007,42.01744199409367],[3.2069599999999987,41.996689994084505],[3.2078559999999987,41.99001699408148],[3.211843,41.98460499407915],[3.230561000000001,41.97300899407399],[3.2356879991564687,41.965521995302495],[3.232188,41.946031],[3.207449,41.913926],[3.194916,41.888292],[3.178559,41.87523],[3.150165,41.845351],[3.116829,41.847569],[3.078631,41.826618],[3.069058,41.799076],[3.040341,41.78689],[2.950938,41.73428],[2.932991,41.712464],[2.90087,41.706706],[2.877254,41.701958],[2.851085,41.69717],[2.84018,41.694648],[2.83546,41.692572],[2.82016,41.681952],[2.817068,41.677639],[2.813162,41.670315],[2.803722,41.668647],[2.792003,41.669013],[2.778497,41.645582],[2.651866,41.605292],[2.449474,41.535224],[2.428966,41.518948],[2.371349,41.489203],[2.296723,41.465318],[2.267345,41.448635],[2.240408,41.420966],[2.191905,41.356757],[2.163259,41.326646],[2.130544,41.303656],[2.060313,41.274604],[2.019705,41.265855],[1.951345,41.260688],[1.884125,41.247504],[1.86378,41.238105],[1.854015,41.235989],[1.819835,41.237128],[1.62436,41.192165],[1.539236,41.187445],[1.288097,41.116278],[1.217784,41.104682],[1.210053,41.09988],[1.192475,41.075995],[1.18865,41.068305],[1.183604,41.062567],[1.172944,41.058661],[1.149099,41.069648],[1.141694,41.071723],[1.097667,41.070868],[1.055675,41.064887],[1.017426,41.051785],[0.990408,41.0397],[0.877452,40.954779],[0.822765,40.899604],[0.714203,40.815212],[0.7140497610559877,40.81498085193364],[0.7030640871295097,40.7984103488417],[0.6957964585838622,40.93830875896018],[0.7030634442869758,40.79840891655535],[0.694835,40.785997],[0.703915246493515,40.78201050883537],[0.709253675337753,40.679238137385916],[0.703915953610549,40.78201019192205],[0.721528,40.77427799352793],[0.7501729999999998,40.765569993523876],[0.76238,40.76605899352411],[0.7672629999999999,40.77102299352642],[0.7672629978307605,40.77102299779477],[0.767263,40.771023],[0.76352,40.778388],[0.7501730126346832,40.78599699279709],[0.766938,40.78501999353299],[0.7805279999999997,40.77948599353037],[0.7920029999999998,40.771185993526515],[0.8159289999999999,40.74839899351583],[0.8418070000000001,40.73212299350824],[0.854177,40.73313999350868],[0.8737089996005146,40.727931993612835],[0.872406,40.707099],[0.858084,40.686265],[0.848318,40.67536],[0.784028,40.660956],[0.756358,40.642239],[0.707042,40.583401],[0.677094,40.565172],[0.64796,40.556912],[0.615896,40.553453],[0.5924590049672511,40.58209899392875],[0.640636,40.58685899344018],[0.6631779999999998,40.574733993434485],[0.6962179999999999,40.59035899344181],[0.7326770000000002,40.63373399346215],[0.732676995011888,40.63373399406568],[0.732677,40.633734],[0.712494,40.636176],[0.682221,40.634223],[0.599783,40.613715],[0.58017,40.603664],[0.563487,40.590033],[0.548513,40.572333],[0.517426,40.51435],[0.501313,40.484198],[0.483409,40.465033],[0.466156,40.45067],[0.452647,40.434068],[0.446137,40.408433],[0.420258,40.388251],[0.350597,40.284898],[0.338959,40.274359],[0.312104,40.257514],[0.298839,40.246772],[0.26474,40.209784],[0.205251,40.171536],[0.144542,40.078843],[0.117035,40.056342],[0.066173,40.031928],[0.040497,40.002875],[-0.000294,39.93624],[-0.002919,39.931952],[-0.028676,39.901801],[-0.091298,39.847927],[-0.194488,39.71544],[-0.199818,39.704942],[-0.202138,39.680854],[-0.208933,39.664089],[-0.219838,39.651394],[-0.243723,39.631049],[-0.257436,39.616238],[-0.269561,39.5987],[-0.274892,39.581814],[-0.281484,39.569363],[-0.312734,39.534003],[-0.323354,39.516221],[-0.330593,39.480407],[-0.33059299966049427,39.4804069945901],[-0.330593,39.48040699291044],[-0.327472,39.43067499288621],[-0.32066799999999995,39.38812899286542],[-0.30134,39.32200799283305],[-0.23870099999999994,39.21544599278087],[-0.22781799999999996,39.19933599277297],[-0.21549300370495172,39.18183899802406],[-0.227857,39.175245],[-0.242182,39.166275],[-0.24218199811175034,39.166274993939105],[-0.242182,39.166274992756726],[-0.2365049999999999,39.14805299274773],[-0.22670299999999996,39.111781992729924],[-0.2100269999999999,39.078689992713585],[-0.18404000000000004,39.04225899269565],[-0.15802999999999998,39.00214299267582],[-0.12067600000000002,38.95111699265067],[-0.10594599999999998,38.93650999264345],[-0.068593,38.913397992632],[-0.030994999999999998,38.882757992616796],[-0.009755,38.86969599261034],[0.017426,38.864324992607706],[0.06308,38.86078499260594],[0.11101299999999999,38.84992099260052],[0.153982,38.830999992591174],[0.18531299408040752,38.80353399776694],[0.181,38.801907],[0.170909,38.796088],[0.1709090079523372,38.796087997159546],[0.17090899999999995,38.79608799257381],[0.182872,38.79181499257172],[0.19076599999999996,38.78522399256849],[0.21786499999999998,38.768133992559996],[0.22771199999999994,38.770208992560974],[0.23405999999999996,38.757879992554884],[0.23454799977513197,38.74225499974704],[0.227712,38.734565],[0.208995,38.73371],[0.192068,38.730414],[0.176768,38.724026],[0.162608,38.713528],[0.15089,38.69245],[0.148936,38.689927],[0.14503,38.686347],[0.125743,38.685492],[0.118582,38.682807],[0.105317,38.672553],[0.093679,38.667629],[0.083018,38.660956],[0.073131,38.645209],[0.07313100214324535,38.645208995912405],[0.07313100000000003,38.645208992498866],[0.08057699562788459,38.63100800083027],[0.060435,38.634833],[0.046641,38.632229],[0.033376,38.627387],[0.015025,38.624742],[-0.01476,38.624416],[-0.028798,38.620673],[-0.042958,38.611721],[-0.054758,38.595282],[-0.055084,38.580756],[-0.05508399986042756,38.58075599868583],[-0.055084,38.58075599246672],[-0.05361900064828448,38.56696199856387],[-0.060048,38.55272],[-0.075429,38.539944],[-0.090199,38.535346],[-0.131744,38.535346],[-0.176991,38.527248],[-0.202138,38.519599],[-0.233957,38.501654],[-0.329416,38.470038],[-0.344553,38.461615],[-0.350819,38.450019],[-0.358713,38.44595],[-0.395172,38.413764],[-0.406077,38.398871],[-0.410146,38.37934],[-0.41014599988848405,38.37933999290129],[-0.41014599999999996,38.37933999236602],[-0.4099830001179307,38.36896399986783],[-0.413686,38.364814],[-0.445872,38.36343],[-0.460194,38.360053],[-0.47057,38.351874],[-0.474355,38.336737],[-0.509836,38.338365],[-0.518788,38.298651],[-0.5187879992778033,38.29865099552942],[-0.5187879999999999,38.29865099232552],[-0.5040180010700275,38.207220998903296],[-0.515452,38.195502],[-0.532867,38.192165],[-0.568837,38.1942],[-0.591379,38.189643],[-0.609486,38.178046],[-0.623687,38.162421],[-0.634389,38.145819],[-0.640736,38.131659],[-0.645009,38.116034],[-0.64802,38.073798],[-0.652496,38.007758],[-0.65453,37.989325],[-0.663401,37.980292],[-0.689931,37.972154],[-0.708852,37.956285],[-0.718414,37.94302],[-0.758616,37.863349],[-0.7586860025138934,37.86281054966157],[-0.7595107587802793,37.856466723483194],[-0.8034914436283672,38.028770403509846],[-0.7595183286176395,37.85640840426243],[-0.760732,37.847073],[-0.760569,37.845852],[-0.756093,37.806057],[-0.760732,37.796129],[-0.787994,37.822821],[-0.812408,37.770087],[-0.825551,37.761379],[-0.847808,37.75609],[-0.856109,37.742499],[-0.85261,37.723782],[-0.819814,37.676703],[-0.809926,37.666897],[-0.777699,37.650092],[-0.754791,37.641303],[-0.734853,37.63935],[-0.726471,37.651516],[-0.707997,37.643012],[-0.7070132850523566,37.641311108208676],[-0.7070132892186678,37.64131110740587],[-0.7012430017307462,37.63133399498088],[-0.705312,37.619534],[-0.719716,37.610541],[-0.727895,37.60342],[-0.736643,37.599433],[-0.745676,37.599433],[-0.754506,37.604315],[-0.764027,37.599595],[-0.791493,37.591457],[-0.807973,37.588446],[-0.836415,37.576402],[-0.873891,37.576402],[-0.886708,37.574286],[-0.900624,37.569037],[-0.92516,37.555894],[-0.933705,37.561021],[-0.9735,37.576402],[-1.006418,37.581448],[-1.0167238613124399,37.58163280393015],[-1.016802855192219,37.58163422044246],[-1.069936,37.582587],[-1.087758,37.580878],[-1.103424,37.576402],[-1.114654,37.568671],[-1.1183094001472917,37.56205822959661],[-1.118309418781936,37.56205822600589],[-1.1196316762433132,37.55966617732311],[-1.119985,37.559027],[-1.1199849983527275,37.55902699493151],[-1.1199849999999998,37.55902699195153],[-1.1168509999999998,37.549383991946655],[-1.1057670058872577,37.532135001099654],[-1.137172,37.538001],[-1.167057,37.543755],[-1.1676619089892668,37.54483328289521],[-1.1715678214866065,37.551795834581036],[-1.1715678478222098,37.55179582950641],[-1.173408,37.555076],[-1.178585,37.563883],[-1.199732,37.566565],[-1.228993,37.576077],[-1.242699,37.579203],[-1.257667,37.567013],[-1.261671,37.557661],[-1.289784,37.558417],[-1.323735,37.561991],[-1.353261,37.549913],[-1.369171,37.541368],[-1.413686,37.506537],[-1.418154535040494,37.504280902736554],[-1.4181545985831772,37.50428089049248],[-1.4268340499670078,37.49989874399856],[-1.430369,37.498114],[-1.450225,37.494696],[-1.455556,37.492703],[-1.46349,37.487982],[-1.470896,37.482245],[-1.47411,37.477607],[-1.476674,37.472724],[-1.487294,37.439765],[-1.488352,37.433214],[-1.496938,37.427802],[-1.502797,37.429267],[-1.508168,37.432685],[-1.515004,37.433214],[-1.523915,37.428656],[-1.543731,37.414984],[-1.552968,37.412177],[-1.567738,37.409939],[-1.618723,37.392279],[-1.641618,37.381036],[-1.645913,37.369247],[-1.6492916405336095,37.36535029474697],[-1.6518934433057042,37.36234955014682],[-1.7086658795873166,37.448210688520305],[-1.6518966604018797,37.36234583348394],[-1.652839,37.361259],[-1.670888,37.363308],[-1.680165,37.354438],[-1.68578,37.336982],[-1.6970941665820132,37.3193473815918],[-1.857354998588562,37.3193473815918],[-2.061630010604858,36.80373764038086],[-2.532132625579834,36.8681755065918],[-2.680080890655518,36.73930740356445],[-2.8946918600598326,36.73930740356445],[-2.913971,36.750312],[-2.933258,36.751654],[-2.979487493879421,36.73930740356445],[-3.0031434597049462,36.73930740356445],[-3.076453,36.749756],[-3.156711,36.744526],[-3.227895,36.754828],[-3.329579,36.7449],[-3.339965450884876,36.73930740356445],[-3.598115861097634,36.73930740356445],[-3.6011,36.74255],[-3.63242,36.74128],[-3.665667,36.73937],[-3.665750890602649,36.73930740356445],[-3.791000270717872,36.73930740356445],[-3.803433,36.742474],[-3.838541,36.75197],[-3.889445,36.743388],[-3.907030292840298,36.73930740356445],[-4.017485087989819,36.73930740356445],[-4.056711,36.747992],[-4.079958,36.743564],[-4.087170652386495,36.73930740356445],[-4.468626022338867,36.73930740356445],[-4.688807487487793,36.5460319519043],[-5.22819709777832,36.48161697387695],[-5.233169187034916,36.460178402708465],[-5.22819709777832,36.481616965276096],[-4.688807487487794,36.54603194333668],[-4.468626022338866,36.73930739509634],[-4.08717083419767,36.73930739509634],[-4.108355326355498,36.72680512245168],[-4.110172,36.725733],[-4.197011,36.715399],[-4.224721,36.712388],[-4.403188,36.723863],[-4.420318,36.719875],[-4.433258,36.710679],[-4.461171,36.671454],[-4.466868,36.663031],[-4.480458,36.65119],[-4.491119,36.636664],[-4.495351,36.620551],[-4.524826,36.580715],[-4.5878,36.573818],[-4.615021,36.530556],[-4.64981,36.512112],[-4.65925,36.507636],[-4.680287,36.5008],[-4.722768,36.492987],[-4.764231,36.493964],[-4.88032,36.505683],[-4.902659,36.506537],[-4.91218,36.504014],[-4.923533,36.496853],[-4.994166,36.457094],[-5.062489,36.452216],[-5.108713,36.429023],[-5.121042,36.425564],[-5.157623,36.421942],[-5.173655,36.417426],[-5.186554,36.4112],[-5.199656,36.397162],[-5.227122,36.357937],[-5.227935,36.348538],[-5.2447,36.312079],[-5.253651,36.297105],[-5.258616,36.292548],[-5.26594,36.287095],[-5.274119,36.282538],[-5.274387376998006,36.28245450167675],[-5.274387394820162,36.28245449613187],[-5.290598,36.277411],[-5.289499,36.269843],[-5.285308,36.26081],[-5.29662,36.247382],[-5.324803454999159,36.20496682632176],[-5.324803837658417,36.20496662883933],[-5.329232625491787,36.19830107027088],[-5.329335,36.198147],[-5.334055,36.187812],[-5.339915,36.129828],[-5.3399149994800235,36.12982799636259],[-5.3399149999999995,36.12982799121749],[-5.339060000764675,36.12384699656359],[-5.34203,36.1105],[-5.35025,36.119289],[-5.366607,36.163153],[-5.382517,36.172309],[-5.384820919878728,36.17298540975387],[-5.386065445201008,36.17335079571082],[-5.386065451045659,36.173350792694514],[-5.406077,36.179226],[-5.425445,36.179755],[-5.4287,36.169989],[-5.437896,36.161485],[-5.442332,36.14879],[-5.4420712945988985,36.14444734933042],[-5.4420712951098595,36.14444734906672],[-5.441477,36.134547991219954],[-5.434885002555329,36.1215269962607],[-5.43989,36.114203],[-5.439889998770627,36.114202993008455],[-5.439889999999998,36.11420299120947],[-5.437164,36.098699991201464],[-5.43163,36.08893499119635],[-5.428700001384399,36.08079699503728],[-5.431833,36.069566],[-5.438629,36.062812],[-5.445505,36.05744],[-5.466501,36.050727],[-5.566599,36.021633],[-5.581003,36.013983],[-5.611765,36.006456],[-5.629709,36.03677],[-5.630305805020442,36.03704295590271],[-5.640846091801511,36.04186383788498],[-5.640846252015101,36.0418637552021],[-5.671702,36.055976],[-5.689361,36.067125],[-5.693044337216083,36.06601486823458],[-5.693044339943597,36.06601487135607],[-5.699248997000595,36.064144827693546],[-5.713124,36.059963],[-5.733876,36.06566],[-5.753651,36.075588],[-5.796051,36.085517],[-5.811269,36.096829],[-5.832753,36.122382],[-5.897898,36.173896],[-5.917185,36.184068],[-5.938954,36.183824],[-5.983551,36.176988],[-6.036773,36.189521],[-6.062489,36.217231],[-6.082183,36.250678],[-6.104726,36.280707],[-6.159454,36.304307],[-6.165964,36.318712],[-6.168528,36.335313],[-6.175201,36.353583],[-6.184193,36.370714],[-6.218373,36.402452],[-6.242055,36.446479],[-6.25711,36.476426],[-6.279612,36.511298],[-6.301422,36.525987],[-6.310006993525351,36.53412499386248],[-6.297678,36.53876399142861],[-6.289376999999998,36.53729899142789],[-6.257516999999998,36.51377999141575],[-6.248972003171713,36.50474699476392],[-6.254099,36.496283],[-6.2540989970829814,36.49628299622229],[-6.254098999999999,36.49628299140668],[-6.2466529999999985,36.48663999140173],[-6.231475,36.47268299139455],[-6.2190650000000005,36.47496199139576],[-6.214173928567672,36.47856437408309],[-6.214173932107693,36.47856438007819],[-6.211497,36.480536],[-6.200754,36.493842],[-6.179351,36.513536],[-6.186472,36.514228],[-6.206817,36.508897],[-6.224355,36.51085],[-6.232452,36.52619],[-6.226023,36.556667],[-6.234893,36.575751],[-6.283193,36.612372],[-6.293853,36.616848],[-6.295852111221214,36.616957070278204],[-6.295894218050845,36.61695936760092],[-6.361724,36.620551],[-6.379791,36.624254],[-6.394683,36.636908],[-6.406972,36.676703],[-6.417633,36.69595],[-6.431549,36.714586],[-6.437895998768341,36.7333029963679],[-6.433339,36.75120699153804],[-6.414539999999997,36.76764599154646],[-6.396310999999998,36.77509199155028],[-6.358876,36.785833991555826],[-6.345610999999998,36.79498899156052],[-6.340088373428247,36.80732835351921],[-6.340088373972787,36.80732836073566],[-6.335194,36.818264],[-6.343739,36.859931],[-6.338206,36.883734],[-6.304351,36.907213],[-6.223256,36.90233],[-6.194814,36.932115],[-6.214019,36.921698],[-6.239654,36.913398],[-6.265045,36.912909],[-6.283559,36.92593],[-6.325917,36.912665],[-6.344716,36.901272],[-6.346758591626472,36.895724689976795],[-6.346758593796637,36.89572471873667],[-6.351337625845431,36.88328885988221],[-6.352447,36.880276],[-6.352446999362348,36.88027599333611],[-6.352446999999999,36.88027599160437],[-6.346669000679106,36.81989199867047],[-6.352447,36.80858],[-6.38801,36.808173],[-6.416249,36.837795],[-6.448638,36.904202],[-6.471099,36.935614],[-6.499582,36.959662],[-6.499633045726831,36.95969149447403],[-6.543462645394322,36.98502362821791],[-6.543485971814067,36.98502993257247],[-6.619251071353575,37.02880738269942],[-6.619278955477237,37.02883570489179],[-6.744776877309887,37.101336815687645],[-6.744862,37.101386],[-6.771474,37.112779],[-6.794667,37.117743],[-6.811757,37.123725],[-6.853017,37.151109],[-6.87328,37.158677],[-6.892893,37.166571],[-6.910878,37.188951],[-6.917632998554582,37.21507399441027],[-6.910755999999999,37.227606991782395],[-6.898752,37.235784991786595],[-6.882914885361786,37.25487898959913],[-6.8418259620666495,37.25487898959913],[-6.8417320565951965,37.25478361704558],[-6.84182596206665,37.254878997802734],[-6.882914885361806,37.254878997802734],[-6.864125,37.277533],[-6.852691,37.295233],[-6.897576805966163,37.254878997802734],[-7.465344429016113,37.254878997802734],[-7.465344428346134,37.25487898959913],[-6.897577167717596,37.25487898959913],[-6.903323259758669,37.2497127229865],[-6.903472,37.249579],[-6.931142,37.233873],[-6.962554,37.233832],[-6.962553999999998,37.23383199178559],[-6.962554,37.227607],[-6.962553999999998,37.227606991782395],[-6.940745,37.200669991768656],[-6.930084000000001,37.183172991759676],[-6.928456001222643,37.172348999883056],[-6.94164,37.171088],[-7.029368,37.205512],[-7.061676,37.213935],[-7.10104,37.224251],[-7.127349,37.214748],[-7.1273489821844045,37.21474799821097],[-7.127348999999999,37.214747991775845],[-7.098988000000001,37.211899991774395],[-7.0855610194347145,37.206487999605145],[-7.32787,37.201565],[-7.343088,37.196234],[-7.362904,37.181708],[-7.381418,37.179918],[-7.398508,37.185452],[-7.414418,37.192816],[-7.414417993156346,37.192815988597026],[-7.414417999999999,37.19281599176463],[-7.411487999999999,37.1879339917621],[-7.409413,37.18374299175995],[-7.406402000000002,37.18048699175829],[-7.4002170000000005,37.17853399175729],[-7.400217,37.17544149175571],[-7.400217,37.172349],[-7.407623,37.164862],[-7.424306,37.175035],[-7.445709,37.179633],[-7.459229001769785,37.180040679690826],[-7.465343246856698,37.254864522774675],[-7.45923247550557,37.180040784437224],[-7.468658,37.180325],[-7.490142,37.178534],[-7.51179,37.17178],[-7.552235,37.149237],[-7.569,37.144436],[-7.627349,37.113959],[-7.635162,37.105414],[-7.78661,37.022691],[-7.800603074944217,37.012515993655356],[-7.80060332237062,37.01251602482503],[-7.818848574574706,36.99924885435671],[-7.819569,36.998725],[-7.834055,36.998928],[-7.849599,37.004381],[-7.870717,37.00788],[-7.932444,37.008531],[-7.949534,37.014106],[-7.958119,37.002631],[-7.968821,37.00373],[-7.981597,37.010077],[-7.9912,37.014106],[-7.991199990096755,37.01410598751811],[-7.991199999999998,37.01410599167308],[-7.9813529999999995,37.00169499166672],[-7.978098,36.99534699166346],[-7.976796001540532,36.9867620018168],[-7.999257,37.013251],[-8.035268,37.037502],[-8.03557219290701,37.03763760221622],[-8.049575780925279,37.043880463129824],[-8.04957697785667,37.04388061391389],[-8.106557,37.069281],[-8.147475,37.076531],[-8.179152,37.088099],[-8.212896,37.08691],[-8.293202,37.077704],[-8.327382,37.087388],[-8.365384,37.097999],[-8.394620860967416,37.08735529680178],[-8.394636361391086,37.08734965385984],[-8.395215,37.087139],[-8.438834,37.082734],[-8.482257,37.095754],[-8.484252,37.094164],[-8.484691782388225,37.09435954791287],[-8.49829397160607,37.10040797661282],[-8.498294775813978,37.10040807792334],[-8.537465,37.117825],[-8.580149,37.123969],[-8.62678,37.121161],[-8.639575756489899,37.1182080666611],[-8.639581479874307,37.11820674585035],[-8.641591,37.117743],[-8.654652,37.110297],[-8.686269,37.082953],[-8.74767,37.082953],[-8.759674,37.080268],[-8.785553,37.067206],[-8.798573,37.062486],[-8.81371,37.061591],[-8.837215,37.056588],[-8.859158,37.040798],[-8.878919,37.047209],[-8.896962,37.032782],[-8.9051,37.027737],[-8.915598,37.024604],[-8.935618,37.010972],[-8.946034,37.00788],[-8.961171,37.012397],[-8.961670221702333,37.01279935300704],[-8.962725038525345,37.01364951136942],[-8.962725052769562,37.01364950525371],[-8.972076,37.021186],[-8.9829,37.026597],[-8.996905290472482,37.02180167982821],[-8.996911854701397,37.02179943227901],[-8.997873997785709,37.02147000075816],[-8.994422169865958,37.03562648434825],[-8.994421990334022,37.03562748142121],[-8.991038,37.049506],[-8.985585,37.063381],[-8.980784,37.069281],[-8.941793,37.118706],[-8.92691,37.146145],[-8.913564,37.169908],[-8.922719,37.199652],[-8.904652,37.213202],[-8.881365,37.23248],[-8.86709,37.276725],[-8.874919,37.294119],[-8.882768,37.309931],[-8.866676,37.335154],[-8.838657,37.360318],[-8.833363,37.384589],[-8.815989,37.417914],[-8.804064,37.462787],[-8.797861,37.4896],[-8.795497,37.535362],[-8.801305,37.559065],[-8.811144,37.574897],[-8.81886539569843,37.58228390112406],[-8.818865396145835,37.58228400542614],[-8.82397575009493,37.58717287251086],[-8.824371,37.587551],[-8.826526999133659,37.6005719947678],[-8.819047357566982,37.624703991254115],[-8.81904735868608,37.62470425214501],[-8.812856,37.64468],[-8.808258,37.672024],[-8.799306,37.697577],[-8.786206,37.702615],[-8.757639,37.706732],[-8.752187,37.73078],[-8.752187,37.734565],[-8.76183,37.727769],[-8.784056,37.723129],[-8.808705,37.722886],[-8.817006,37.740302],[-8.809582,37.791231],[-8.797182,37.844873],[-8.798956,37.878093],[-8.804815,37.901873],[-8.820342967885555,37.92674478103228],[-8.820342968041302,37.92674481734129],[-8.820610642335051,37.92717352614206],[-8.820669,37.927267],[-8.853871,37.932278],[-8.894845996497015,37.95254099826769],[-8.890044999999999,37.96092399215541],[-8.883168,37.96450399215719],[-8.875396,37.967352992158624],[-8.867501999999998,37.97361899216184],[-8.820885529583284,38.05323016119404],[-8.820885529616492,38.05323016893531],[-8.815683,38.062115],[-8.796993,38.133246],[-8.774396,38.186949],[-8.777952,38.240691],[-8.785466,38.303908],[-8.795071,38.359227],[-8.820941,38.398821],[-8.822372998268024,38.3999981745917],[-8.822372998508442,38.39999823063949],[-8.843861621351095,38.417662903431754],[-8.846791,38.420071],[-8.878285,38.449164],[-8.87900569404652,38.44963318317645],[-8.905302495100997,38.466753092157326],[-8.905302833925052,38.466753035462325],[-8.914662,38.472846],[-8.942616,38.481391],[-8.927317,38.493801],[-8.90453,38.486396],[-8.881742943004289,38.47069528202626],[-8.881742951865503,38.470695280543524],[-8.867502,38.460882992406816],[-8.822582129884097,38.448752246383755],[-8.822582129916732,38.44875225399184],[-8.821848,38.448554],[-8.80016,38.439114],[-8.798573,38.426093],[-8.756988,38.427314],[-8.65689,38.405951],[-8.606801,38.418687],[-8.63683,38.420152],[-8.66275,38.424506],[-8.736155,38.45185],[-8.745025,38.460273],[-8.750803,38.473944],[-8.752512,38.487982],[-8.750885,38.500637],[-8.745758,38.510077],[-8.737172,38.514879],[-8.737172,38.522366],[-8.751454,38.526435],[-8.76122,38.538072],[-8.764231,38.552069],[-8.757639,38.5633],[-8.773346,38.565334],[-8.792958,38.533596],[-8.812856,38.528551],[-8.812856,38.522366],[-8.790639,38.519924],[-8.780263,38.505439],[-8.780019,38.489081],[-8.788401,38.481391],[-8.812327,38.482856],[-8.832265,38.487047],[-8.867502,38.501858],[-8.905832,38.512397],[-8.95489,38.505144],[-8.999765,38.464253],[-8.991864,38.459478],[-9.035773101123008,38.44492161169695],[-9.035773746002038,38.44492150379016],[-9.047735970776344,38.44095577838588],[-9.048595,38.440671],[-9.054631620911975,38.44009334721075],[-9.077980667345608,38.43785907335699],[-9.0779810778698,38.437859004664496],[-9.145657,38.431383],[-9.165909,38.425089],[-9.17058182853565,38.42236423890525],[-9.170581881467047,38.42236423004831],[-9.179169307498801,38.417356816013054],[-9.182141,38.415624],[-9.200357,38.412481],[-9.226186,38.418402],[-9.230621,38.418687],[-9.233997999756998,38.424220999601786],[-9.233754,38.43146399239212],[-9.231068000000002,38.437689992395214],[-9.227203,38.44037499239659],[-9.21996,38.44904199240087],[-9.212227747160137,38.455109898033434],[-9.212227747830182,38.4551099051037],[-9.190027,38.472532],[-9.183868,38.504128],[-9.183793,38.551537],[-9.20807,38.597417],[-9.22808535781112,38.622437843588656],[-9.228085468674868,38.622439013412],[-9.238389003954891,38.63531824877496],[-9.238464,38.635412],[-9.252674997058879,38.66548399377627],[-9.234395,38.673360992512855],[-9.232925189306652,38.67350726878799],[-9.232925190009569,38.67350727620511],[-9.187681,38.67801],[-9.145042,38.681068],[-9.124135,38.670966],[-9.113922,38.658881],[-9.107737,38.658881],[-9.113922,38.679389],[-9.098866,38.685614],[-9.067291,38.692328],[-9.052398,38.693671],[-9.052398,38.699897],[-9.037434,38.713941],[-9.021168,38.72653],[-8.992709,38.743814],[-8.956858,38.768134],[-8.952952,38.77025],[-8.947133,38.774237],[-8.942616,38.77558],[-8.942616,38.781724],[-8.952626,38.794908],[-8.964263,38.814846],[-8.970286,38.835435],[-8.963124,38.850653],[-8.986318,38.849433],[-8.996816,38.865546],[-9.002594,38.889838],[-9.011545,38.913398],[-8.969106,38.983954],[-8.943227,39.015204],[-8.908437,39.036282],[-8.888417,39.040107],[-8.84553,39.042914],[-8.826527,39.049262],[-8.790354,39.070624],[-8.774648,39.083441],[-8.765126,39.097724],[-8.791737,39.082424],[-8.836415,39.056708],[-8.922719,39.049262],[-8.935862,39.040717],[-8.955068,39.012193],[-9.003529,38.95775],[-9.058909,38.871405],[-9.08967,38.843573],[-9.10025,38.830227],[-9.106557,38.813788],[-9.104217,38.794816],[-9.102257,38.761593],[-9.098248,38.737858],[-9.112503,38.714182],[-9.163287,38.701672],[-9.220171,38.693895],[-9.285209,38.698758],[-9.303485,38.687705],[-9.321777,38.670325],[-9.360585,38.689521],[-9.404775,38.704088],[-9.429189,38.707261],[-9.471669,38.70246],[-9.491689,38.707587],[-9.491282,38.727729],[-9.484731,38.744696],[-9.497467,38.788235],[-9.497467,38.80976],[-9.491933,38.819241],[-9.479888,38.830756],[-9.455496,38.850469],[-9.422725,38.931404],[-9.425364,38.991645],[-9.436635,39.029486],[-9.426647,39.051724],[-9.422549,39.078625],[-9.383696,39.134032],[-9.371418,39.16092],[-9.35086,39.197309],[-9.346781,39.235226],[-9.34059,39.26683],[-9.354075,39.31623],[-9.365834,39.336005],[-9.396312582171598,39.360788093827914],[-9.39631255272133,39.36078837623879],[-9.401638766529894,39.365118981857854],[-9.401763,39.36522],[-9.409290995448838,39.3751899939725],[-9.397817000000003,39.377996992860474],[-9.394593360083569,39.37727442935686],[-9.394593359356017,39.37727443633366],[-9.352922,39.367934],[-9.279245,39.405822],[-9.260803,39.418442],[-9.240315,39.419997],[-9.227895,39.408433],[-9.2176,39.406195],[-9.205922,39.415473],[-9.213531,39.428616],[-9.229888,39.440741],[-9.213649,39.461035],[-9.191085,39.481536],[-9.182873,39.492584],[-9.164413,39.502024],[-9.135694,39.51618],[-9.1213,39.535105],[-9.111009,39.550879],[-9.090434,39.579275],[-9.088341,39.596662],[-9.090343,39.615641],[-9.077947,39.642479],[-9.071692,39.680437],[-9.026972843370917,39.77294921875],[-9.026972840012496,39.77294921875],[-9.023982167402362,39.779136136834055],[-9.023982165558289,39.77913614759366],[-8.993031,39.843166],[-8.868153,40.124823],[-8.853261,40.139228],[-8.841624,40.125963],[-8.825063,40.120063],[-8.784983,40.11872],[-8.784983,40.126166],[-8.801096,40.137926],[-8.816151,40.146552],[-8.833608,40.151679],[-8.879384,40.156236],[-8.896474,40.16474],[-8.906606,40.179389],[-8.908437,40.20067],[-8.895741,40.228746],[-8.865387,40.275458],[-8.798573,40.474433],[-8.784855,40.536818],[-8.765788,40.582541],[-8.753,40.640815],[-8.750356,40.643948],[-8.744618,40.646918],[-8.743967,40.6258],[-8.744618,40.619045],[-8.72468,40.644517],[-8.710276,40.653469],[-8.696156,40.646918],[-8.690012,40.646918],[-8.690012,40.653144],[-8.692372,40.655707],[-8.696401,40.661322],[-8.698801,40.667955],[-8.696156,40.673651],[-8.686391,40.677924],[-8.680776,40.674994],[-8.676869,40.669664],[-8.671986,40.666815],[-8.662099,40.669867],[-8.653635,40.677191],[-8.641591,40.694159],[-8.65746,40.701402],[-8.666331,40.713202],[-8.663645,40.724066],[-8.644928,40.728909],[-8.621816,40.730658],[-8.603871,40.735785],[-8.588368,40.744208],[-8.572662,40.755561],[-8.589508,40.754706],[-8.614735,40.74494],[-8.635976,40.741604],[-8.639882,40.740058],[-8.645375,40.739732],[-8.668446,40.747463],[-8.675689,40.755561],[-8.683705,40.783108],[-8.645579,40.823676],[-8.655263,40.844916],[-8.656972,40.828559],[-8.663197,40.814927],[-8.670522,40.811184],[-8.675689,40.824449],[-8.689809,40.804104],[-8.700551,40.777981],[-8.707387,40.750312],[-8.709828,40.725165],[-8.714263,40.709052],[-8.725087,40.685981],[-8.738433,40.664496],[-8.750803,40.653144],[-8.6551,40.993801],[-8.655263,41.030504],[-8.667104,41.097561],[-8.666127,41.132758],[-8.648346,41.146633],[-8.648346,41.152777],[-8.68578,41.159491],[-8.70519,41.186916],[-8.718373,41.221503],[-8.737172,41.249661],[-8.732289,41.262926],[-8.734609,41.274075],[-8.740061,41.28498],[-8.744618,41.297431],[-8.744456,41.328111],[-8.749135,41.337795],[-8.756132,41.34054],[-8.760325,41.350898],[-8.764027,41.361314],[-8.778147,41.37934],[-8.783803,41.393866],[-8.783773,41.406109],[-8.785564,41.434878],[-8.774849,41.468338],[-8.78647,41.491067],[-8.78826,41.511798],[-8.792733,41.525838],[-8.79542,41.542553],[-8.808339,41.572943],[-8.812856,41.595404],[-8.819488,41.611884],[-8.820449,41.630097],[-8.828603,41.648157],[-8.830511,41.671586],[-8.827056,41.682807],[-8.804677,41.689276],[-8.743276,41.696967],[-8.725942,41.703111],[-8.710032,41.711859],[-8.696156,41.721991],[-8.806874,41.696967],[-8.829986,41.694648],[-8.842885,41.695787],[-8.861113,41.704368],[-8.880306,41.736862],[-8.880317,41.765533],[-8.872039,41.810569],[-8.878896,41.839016],[-8.874745,41.849555],[-8.867502,41.859117],[-8.79662,41.903306],[-8.762766,41.931952],[-8.750803,41.96898],[-8.761952,41.952582],[-8.777089,41.937161],[-8.7954,41.925686],[-8.815989,41.92121],[-8.832834,41.913967],[-8.848785,41.899482],[-8.864654,41.888902],[-8.881256,41.893297],[-8.878733,41.907131],[-8.89859,42.101752],[-8.895497,42.119086],[-8.884592,42.126044],[-8.84496,42.126614],[-8.826527,42.13052],[-8.819081,42.139716],[-8.82372,42.14761],[-8.842763,42.154446],[-8.846995,42.160834],[-8.84203,42.164293],[-8.815989,42.174506],[-8.813466,42.178697],[-8.811025,42.188137],[-8.805776,42.197496],[-8.795237,42.201728],[-8.790639,42.204535],[-8.771962,42.222235],[-8.719553,42.252346],[-8.706451,42.256415],[-8.701894,42.258531],[-8.669911,42.280911],[-8.652008,42.286322],[-8.631744,42.29682],[-8.625152,42.301947],[-8.621653,42.310207],[-8.621653,42.340806],[-8.622711,42.34748],[-8.626454,42.348334],[-8.634755,42.346381],[-8.649892,42.335598],[-8.660756,42.316799],[-8.674794,42.299018],[-8.699574,42.291164],[-8.719838,42.287584],[-8.773915,42.268988],[-8.784983,42.260077],[-8.795766,42.258246],[-8.820779513655312,42.25954403046248],[-8.657446333757742,42.36613525083564],[-8.820800564851309,42.25954512287573],[-8.848297,42.260972],[-8.867501998076433,42.25641500045642],[-8.863637,42.26898799420451],[-8.853423999999999,42.29108299421417],[-8.853260999999998,42.30483599422016],[-8.846995,42.30483599422016],[-8.832997000000002,42.28912999421334],[-8.827219,42.2966979942166],[-8.826527000000002,42.32904699423079],[-8.826527000113458,42.329046994696164],[-8.826527,42.329047],[-8.828521,42.337226],[-8.83071899788757,42.341619995777066],[-8.82726,42.34414299423738],[-8.812855999999998,42.34638099423834],[-8.776925999999998,42.34015499423563],[-8.771961999999998,42.342718994236705],[-8.764638,42.355698994242395],[-8.726877,42.38873899425682],[-8.718489873783426,42.39446422007363],[-8.718489878794768,42.39446422239348],[-8.709828,42.400377],[-8.676869,42.416449],[-8.662506,42.426907],[-8.655263,42.441352],[-8.664377,42.437974],[-8.672515,42.438422],[-8.682525,42.441352],[-8.691274,42.440619],[-8.694488,42.439643],[-8.696767,42.437974],[-8.718821,42.427965],[-8.743642,42.413235],[-8.751621975167922,42.40980173498169],[-8.751621986346194,42.40980174015634],[-8.755443674957029,42.40815750578044],[-8.757639,42.407213],[-8.779368,42.402899],[-8.811025,42.400702],[-8.843577,42.403713],[-8.867502,42.4147],[-8.875722,42.425971],[-8.880238,42.445014],[-8.88801,42.455634],[-8.90095,42.461005],[-8.935455,42.465399],[-8.942615996890805,42.469305998303646],[-8.935047999999998,42.47907099429603],[-8.918220681003577,42.486923620634684],[-8.91822068713598,42.486923623473494],[-8.916737,42.487616],[-8.895985,42.493883],[-8.881256,42.496568],[-8.869008,42.493394],[-8.860829,42.485012],[-8.861155,42.475572],[-8.874338,42.469306],[-8.865549,42.465033],[-8.851552,42.460761],[-8.836985,42.45893],[-8.826527,42.461859],[-8.822499,42.472357],[-8.825185,42.484117],[-8.825063,42.49494],[-8.812856,42.502753],[-8.825185,42.537421],[-8.826527,42.554633],[-8.822987,42.569525],[-8.813832,42.581448],[-8.801584,42.589301],[-8.788401,42.59219],[-8.775502,42.604722],[-8.738759,42.666083],[-8.730946,42.688422],[-8.737172,42.688422],[-8.744049,42.672431],[-8.753896,42.656887],[-8.767323,42.645168],[-8.784983,42.64057],[-8.803822,42.645941],[-8.815989,42.658515],[-8.826243,42.67414],[-8.839508,42.68244],[-8.854604,42.661566],[-8.857004,42.649115],[-8.846995,42.64057],[-8.868764,42.617499],[-8.880523,42.611802],[-8.894846,42.620103],[-8.889475,42.630601],[-8.903432,42.625474],[-8.936391,42.606431],[-8.922231,42.593695],[-8.93399,42.586819],[-8.969879,42.579169],[-8.972768,42.57392],[-8.980784,42.551215],[-8.989166,42.548896],[-8.99706,42.543402],[-9.011545,42.530707],[-9.026357,42.543118],[-9.028554,42.561469],[-9.033355,42.578111],[-9.055816,42.585395],[-9.070872,42.596137],[-9.065745,42.620307],[-9.051422,42.645941],[-9.038808,42.661078],[-9.039459,42.673041],[-9.036285,42.687934],[-9.030141,42.707709],[-9.018788,42.719753],[-9.014027,42.726833],[-9.006256,42.733832],[-8.994496,42.737006],[-8.992014,42.739081],[-8.963124,42.751288],[-8.937367,42.777777],[-8.922231,42.788113],[-8.898264,42.792304],[-8.891347,42.799343],[-8.884918,42.815009],[-8.887685,42.831122],[-8.908437,42.839464],[-8.912587,42.816596],[-8.92809,42.802517],[-8.951039,42.795111],[-8.977366,42.792304],[-9.028188,42.797878],[-9.04894,42.794745],[-9.045644,42.778022],[-9.068674,42.759711],[-9.081288,42.754828],[-9.10025,42.757514],[-9.11305461787852,42.765813739040574],[-9.113054618068942,42.765813739164],[-9.113080171251454,42.76583030230931],[-9.113433,42.766059],[-9.113461270253048,42.76611380803179],[-9.113464072034484,42.76611923989424],[-9.120107,42.778998],[-9.125478,42.794989],[-9.134999,42.812771],[-9.122548,42.812608],[-9.113189,42.816352],[-9.106191,42.82331],[-9.10025,42.833279],[-9.108388,42.844835],[-9.122222,42.851752],[-9.141225,42.857449],[-9.142323,42.865302],[-9.147532,42.878607],[-9.148671,42.884467],[-9.146637,42.888373],[-9.137522,42.896064],[-9.134999,42.902167],[-9.133697,42.9112],[-9.134511,42.917548],[-9.141428,42.921413],[-9.158599,42.922634],[-9.167877,42.926825],[-9.183461,42.945258],[-9.195872,42.949327],[-9.195872,42.943142],[-9.190012,42.9324],[-9.19579,42.926581],[-9.20519,42.92475],[-9.210072,42.925727],[-9.214345,42.939032],[-9.224233,42.940212],[-9.235585,42.934882],[-9.244252,42.928778],[-9.251698,42.920233],[-9.261708,42.900173],[-9.268422,42.891303],[-9.273061,42.893337],[-9.27698118140864,42.90256550432751],[-9.276981267437337,42.90256626477651],[-9.282889584881953,42.91647448489203],[-9.282948,42.916612],[-9.291981999999997,42.922634],[-9.291982,42.926729994488056],[-9.291982000000003,42.928777994488925],[-9.285389999999998,42.938340994493004],[-9.281844783441294,42.94555722007692],[-9.281844783947404,42.94555722455068],[-9.26476,42.980333],[-9.263987,42.986518],[-9.26183,42.994493],[-9.258656,43.002387],[-9.254791,43.008002],[-9.250966,43.016791],[-9.257314,43.023261],[-9.272125,43.031277],[-9.27953,43.054999],[-9.271108,43.060492],[-9.257924,43.060899],[-9.251088,43.06977],[-9.245717,43.087999],[-9.233957,43.096503],[-9.22232,43.102729],[-9.2176,43.114447],[-9.202952,43.105048],[-9.189809,43.102322],[-9.176829,43.105577],[-9.162262,43.114447],[-9.15689,43.119737],[-9.154205,43.124701],[-9.150299,43.129584],[-9.141225,43.134874],[-9.133127,43.137966],[-9.125803,43.139594],[-9.107737,43.14114],[-9.107737,43.148505],[-9.124664,43.142524],[-9.147084,43.138699],[-9.163319,43.139757],[-9.162262,43.148505],[-9.194203,43.136542],[-9.208363,43.137885],[-9.2176,43.155341],[-9.170074,43.188747],[-9.137929,43.201524],[-9.100413,43.189521],[-9.08316,43.189765],[-9.065175,43.192328],[-9.052398,43.196357],[-9.039784,43.204535],[-9.026967,43.21015],[-9.016754,43.223863],[-9.011545,43.238756],[-9.004058,43.238756],[-8.985748,43.226874],[-8.958974,43.227484],[-8.932525,43.235297],[-8.915273,43.245022],[-8.936391,43.244086],[-8.94815,43.249945],[-8.963124,43.272284],[-8.967519,43.271959],[-8.979807,43.276923],[-8.988026,43.283026],[-8.980784,43.285956],[-8.970855,43.286566],[-8.930491,43.29975],[-8.88801,43.320746],[-8.856597,43.32689],[-8.84911,43.334052],[-8.841176,43.338935],[-8.829986,43.341213],[-8.817006,43.335842],[-8.785553,43.312445],[-8.768544,43.307074],[-8.750478,43.304918],[-8.711741,43.295559],[-8.693105,43.293402],[-8.665395,43.301174],[-8.630035,43.315863],[-8.592519,43.324205],[-8.55842,43.313218],[-8.505971,43.331529],[-8.497548,43.337795],[-8.494252,43.346625],[-8.486073,43.354315],[-8.475982,43.359687],[-8.455719,43.363349],[-8.451405,43.367377],[-8.448964,43.371975],[-8.443023,43.375312],[-8.388295,43.385891],[-8.384674,43.372707],[-8.375722,43.362982],[-8.353586,43.348619],[-8.34081,43.359931],[-8.33727,43.369045],[-8.339915,43.392727],[-8.330719,43.405666],[-8.310618,43.403144],[-8.281565,43.389594],[-8.267201,43.385932],[-8.260813,43.377021],[-8.257069,43.365668],[-8.250559,43.354885],[-8.227528,43.338121],[-8.217275,43.328315],[-8.210194,43.313218],[-8.202463,43.32925],[-8.202952,43.344672],[-8.210194,43.375312],[-8.209625,43.390692],[-8.204823,43.399726],[-8.193959,43.406806],[-8.175404,43.416327],[-8.195058,43.423245],[-8.213287,43.424954],[-8.247141,43.423082],[-8.26476,43.427314],[-8.288726,43.446234],[-8.305165,43.451077],[-8.286488,43.461982],[-8.185618,43.471503],[-8.178782,43.473293],[-8.171457,43.477973],[-8.166982,43.484565],[-8.168568,43.492011],[-8.173451,43.492743],[-8.196523,43.485175],[-8.257314,43.477729],[-8.253651,43.481269],[-8.250885,43.482856],[-8.243723,43.485175],[-8.247548,43.487738],[-8.257314,43.492011],[-8.269195,43.478949],[-8.288971,43.472968],[-8.333119,43.471503],[-8.325347,43.486762],[-8.321685,43.50788],[-8.31664,43.522895],[-8.305165,43.519355],[-8.292104,43.532945],[-8.30016,43.538235],[-8.308217,43.546332],[-8.313222,43.556342],[-8.312652,43.567125],[-8.308705,43.567125],[-8.291331,43.564846],[-8.284657,43.567125],[-8.260976,43.564521],[-8.232249,43.575507],[-8.086659,43.65648],[-8.082997,43.645453],[-8.074615,43.639635],[-8.063547,43.638861],[-8.051869,43.642808],[-8.062408,43.64232],[-8.065541,43.642808],[-8.065541,43.649075],[-8.061269,43.650946],[-8.056467,43.654242],[-8.051869,43.65648],[-8.071156,43.667873],[-8.073964,43.678534],[-8.069163,43.689276],[-8.065541,43.700873],[-8.059316,43.709418],[-8.044504,43.712104],[-8.010976,43.711737],[-7.981191,43.717841],[-7.952952,43.730129],[-7.9486449491014515,43.73301696777344],[-7.948644941380388,43.73301696777344],[-7.928131,43.74677199482842],[-7.908559000000001,43.76634299483637],[-7.880849000000001,43.763250994835126],[-7.8690489999999995,43.74884699482931],[-7.862264318531302,43.73301696777344],[-7.862264316312411,43.73301696777344],[-7.86148,43.731187],[-7.846506,43.717963],[-7.846506,43.711737],[-7.852284,43.714179],[-7.862294,43.716254],[-7.867584,43.717963],[-7.874623,43.709418],[-7.879262,43.700507],[-7.879791,43.691962],[-7.873769,43.684475],[-7.884104,43.678616],[-7.887318,43.679674],[-7.894887,43.684475],[-7.901235,43.679755],[-7.903879,43.67829],[-7.908559,43.676988],[-7.908559,43.670152],[-7.858388,43.668199],[-7.849233,43.675605],[-7.867584,43.697455],[-7.856028,43.703437],[-7.843861,43.703803],[-7.819163,43.697455],[-7.821401,43.700751],[-7.823964,43.708075],[-7.826039,43.711737],[-7.812001,43.72309],[-7.795663409435714,43.73301696777344],[-7.795663400915295,43.73301696777344],[-7.793853,43.73411699482331],[-7.773792999999998,43.74257999482673],[-7.734038999999998,43.750066994829794],[-7.7127579999999964,43.7606879948341],[-7.695708999999998,43.77488799483986],[-7.6888320000000006,43.789983994845926],[-7.685536,43.79344299484734],[-7.678333999999999,43.79047299484617],[-7.671295,43.78286399484307],[-7.668324001064111,43.77252799854092],[-7.672597,43.766669],[-7.695627,43.745917],[-7.696100765415708,43.73301696777344],[-7.696100765605843,43.73301696259628],[-7.696156,43.731513],[-7.691558,43.72724],[-7.68399,43.728705],[-7.67516,43.731635],[-7.674355457499469,43.73301696777344],[-7.674355454485479,43.73301696777344],[-7.673572999999998,43.734360994823405],[-7.67357300050689,43.734360999129315],[-7.673573,43.734361],[-7.674142999541086,43.739202996101646],[-7.672475000000001,43.74384199482721],[-7.664621999999999,43.745916994828114],[-7.658030000000002,43.74652699482834],[-7.641020999999999,43.75267199483083],[-7.637603,43.73908099482535],[-7.633319137028053,43.73301696777344],[-7.633319133370733,43.73301696777344],[-7.613026,43.704291],[-7.615956,43.688544],[-7.607167,43.691107],[-7.594594,43.703681],[-7.586415,43.717963],[-7.57429,43.714545],[-7.565419,43.719794],[-7.555776,43.727607],[-7.541412,43.731635],[-7.502024,43.728339],[-7.490142,43.725328],[-7.407623,43.69123],[-7.367055,43.68008],[-7.329008357329683,43.63081906286274],[-7.329008358940575,43.63081905972964],[-7.304106999999998,43.59857799476803],[-7.2567440033573645,43.581609995963895],[-7.260162,43.577501],[-7.262278,43.574286],[-7.26457925312232,43.57201787587277],[-7.34332530265961,43.60259878617028],[-7.264581120427564,43.57201603544937],[-7.265126,43.571479],[-7.271067,43.56863],[-7.271067,43.561143],[-7.257721,43.556667],[-7.249623,43.559394],[-7.243426996226287,43.563800173796764],[-7.175858750979017,43.53755794557783],[-7.243424737187239,43.5638017750245],[-7.2420139999999975,43.564804994754205],[-7.230092,43.56862999475577],[-7.2154430000000005,43.56867099475579],[-7.194894999999998,43.56350299475367],[-7.156972,43.55927199475196],[-7.095854999999999,43.56098099475264],[-7.079334999999998,43.56862999475577],[-7.061594,43.56159099475289],[-7.044301,43.55939399475196],[-7.032337999999998,43.553004994749365],[-7.031671451092029,43.544007721943544],[-7.1747757235282394,43.53754472413441],[-7.031671391594085,43.54400692407716],[-7.030873,43.53323],[-7.03775,43.522244],[-7.048411,43.510443],[-7.053619,43.496527],[-7.044586,43.479193],[-7.043853,43.479193],[-7.038319,43.479193],[-7.032704,43.495469],[-7.02953,43.512152],[-7.023752,43.525824],[-7.010365,43.53323],[-7.005781703697895,43.54517603152051],[-6.713369955553382,43.5583805457136],[-6.703725,43.557563],[-6.70009368676123,43.5589800656741],[-6.559891068721815,43.565311232159566],[-6.54662,43.561835],[-6.510121,43.547471],[-6.499664,43.553087],[-6.488271,43.555121],[-6.462961,43.554958],[-6.464752,43.559678],[-6.466968220705228,43.56950737363912],[-6.448215110411755,43.570354212771285],[-6.431793,43.563422],[-6.417633,43.561143],[-6.366119,43.56863],[-6.314605,43.56863],[-6.300038,43.570624],[-6.278568550989656,43.5780149870593],[-6.196764095962753,43.58170905234332],[-6.190989,43.578559],[-6.178049,43.575385],[-6.100413,43.5692],[-6.08495,43.575385],[-6.069163,43.569688],[-6.054189,43.574571],[-6.039215,43.583116],[-6.023508,43.588446],[-5.907379,43.588446],[-5.903647984191484,43.594945373669894],[-5.742092819774233,43.602240762706245],[-5.727406,43.589545],[-5.708852,43.56863],[-5.701975,43.56863],[-5.696767,43.582831],[-5.689198,43.578559],[-5.67748,43.561143],[-5.6256,43.554958],[-5.559324191544567,43.55699357462308],[-5.413366603117288,43.518566606309726],[-5.420806,43.513373],[-5.41393,43.506537],[-5.403676,43.511094],[-5.394115160921157,43.51349818494686],[-4.990474409612477,43.40722970978468],[-5.394073042732489,43.51350877079175],[-5.382639,43.516383994734305],[-5.372426,43.52020899473589],[-5.365102000000001,43.52671899473858],[-5.362212999999999,43.53339299474127],[-5.356801000000001,43.53860099474341],[-5.3419490000000005,43.540634994744266],[-5.299875,43.53766499474301],[-5.284006000000001,43.53347399474134],[-5.211902999999999,43.498357994726874],[-5.177887,43.48936599472322],[-5.091664,43.48627399472197],[-5.067697999999999,43.481390994719916],[-5.0570369999999985,43.468613994714644],[-5.045032999999999,43.474310994716994],[-4.975168,43.45876699471063],[-4.967112000000001,43.460882994711476],[-4.952544999999997,43.47007899471523],[-4.9410289999999994,43.471746994715915],[-4.930246999999999,43.46950899471504],[-4.907622999999999,43.46063899471137],[-4.836536999999999,43.44977399470687],[-4.754993999999999,43.42165799469529],[-4.738748268670089,43.41796666650822],[-4.989300887680957,43.407249634822286],[-4.738743662824527,43.417965625281866],[-4.734934,43.4171],[-4.512318,43.402737],[-4.508168,43.402452],[-4.481679,43.383612],[-4.460805,43.398708],[-4.432525,43.402615],[-4.404897,43.396999],[-4.385569,43.383612],[-4.379262,43.383612],[-4.368764,43.396186],[-4.359364,43.399685],[-4.312815,43.395779],[-4.188588,43.405382],[-4.160959,43.421169],[-4.097727,43.435614],[-4.073964,43.438259],[-4.029205,43.438259],[-4.023427,43.440945],[-4.022572,43.445746],[-4.021531500826869,43.44863981035021],[-4.003050952074252,43.449430198191685],[-3.981435,43.438259],[-3.976471,43.442939],[-3.971995,43.444159],[-3.967152,43.4442],[-3.961008,43.445095],[-3.965443,43.446845],[-3.9717921342402045,43.45076709515756],[-3.8291740589730208,43.456866675542045],[-3.830963,43.456],[-3.844309,43.445095],[-3.833852,43.435899],[-3.829254,43.433132],[-3.823842,43.430772],[-3.82726,43.43004],[-3.829986,43.430121],[-3.831532,43.429063],[-3.831288,43.424587],[-3.820221,43.424262],[-3.811187,43.425482],[-3.796498,43.430772],[-3.78954,43.435858],[-3.776194,43.449652],[-3.772288,43.452501],[-3.763499,43.450263],[-3.75414,43.440497],[-3.744985,43.438259],[-3.740712,43.442328],[-3.743031,43.451361],[-3.7486350478602777,43.460311219099715],[-3.468307223969094,43.472300457438756],[-3.748635870367458,43.460312537481016],[-3.7487566701683694,43.46050546196344],[-3.748891,43.46072],[-3.755523,43.465522],[-3.7555229999999993,43.471746994715915],[-3.741525999999999,43.47024199471532],[-3.7357480000000005,43.468816994714764],[-3.728871,43.46552199471338],[-3.727161999999999,43.47052599471544],[-3.725819,43.47052599471544],[-3.721424999999999,43.471746994715915],[-3.721425004135044,43.47174699885096],[-3.721425,43.471747],[-3.728870996009615,43.479192996009616],[-3.717925999999999,43.48273299472046],[-3.688384999999998,43.48423899472108],[-3.6769909999999992,43.48944699472322],[-3.6670630000000006,43.496648994726215],[-3.656077,43.50067799472785],[-3.5794159999999997,43.5182559947351],[-3.554351000581758,43.516912994765704],[-3.556264,43.499701],[-3.556263999416749,43.4997009999752],[-3.556263999999999,43.49970099472747],[-3.5390520000000003,43.49896899472716],[-3.5256239999999996,43.491644994724155],[-3.514719000000001,43.48322199472065],[-3.50536,43.479192994718986],[-3.4366349999999994,43.470485994715425],[-3.4315079999999996,43.46686399471395],[-3.4282929999999996,43.461736994711785],[-3.4271540004658347,43.45563399720531],[-3.428619,43.446845],[-3.432048361273632,43.44562047380801],[-3.4671850276974037,43.47232605820457],[-3.4320543195880777,43.44561834626544],[-3.432607,43.445421],[-3.438873,43.44656],[-3.447011,43.445095],[-3.451161,43.447699],[-3.460601,43.452216],[-3.470041,43.454169],[-3.474355,43.448798],[-3.477773,43.443061],[-3.485829,43.437567],[-3.501698,43.430772],[-3.481801,43.428046],[-3.470448,43.416775],[-3.46109,43.412462],[-3.447011,43.430772],[-3.436187,43.419013],[-3.422231,43.418077],[-3.4017292033629936,43.422564029622016],[-3.2959098292000175,43.34211608209051],[-3.4017193540686175,43.42256617993734],[-3.3924859999999986,43.42458699469652],[-3.378041,43.422552994695636],[-3.330312,43.410345994690566],[-3.268951,43.40411999468803],[-3.2235409999999995,43.39162799468286],[-3.2105199999999994,43.389837994682104],[-3.200022,43.38552499468033],[-3.17691,43.366237994672304],[-3.1508679999999996,43.36021599466986],[-3.131500000000001,43.355779994668026],[-3.1123750000000006,43.354070994667275],[-3.0895080000000004,43.36688899467261],[-3.0578510000000003,43.35236199466658],[-3.041596239033584,43.342071533203125],[-3.041596230602196,43.342071533203125],[-3.008168,43.320909],[-3.008168,43.328437],[-3.014858973834729,43.342071533203125],[-3.0148587819605774,43.342071533203125],[-3.01993969366661,43.35242477100597],[-3.020009,43.352566],[-3.023427,43.364936],[-3.029286,43.372138],[-3.029286,43.37616599467639],[-3.0243220000000006,43.380926994678426],[-3.0109759999999994,43.38414099467974],[-2.9994200000000006,43.39435499468398],[-2.955922,43.413844994692056],[-2.9399310000000005,43.41709999469339],[-2.9399310000000005,43.4171],[-2.939931,43.42458699469652],[-2.939931,43.424587],[-2.9466849999999996,43.424587],[-2.946685,43.43077199469902],[-2.930084,43.437933994701986],[-2.9052629999999993,43.439886994702796],[-2.854236999999999,43.43825899470216],[-2.8069959999999994,43.441676994703535],[-2.7859590000000005,43.447861994706074],[-2.7686249999999997,43.452500994708025],[-2.755849,43.450262994707074],[-2.7349339999999995,43.43878799470239],[-2.715199,43.42450599469645],[-2.7065320000000006,43.413681994691984],[-2.6949359999999998,43.38861699468162],[-2.691028999999999,43.36753999467284],[-2.687000999999999,43.3714459946745],[-2.67927,43.389837994682104],[-2.678456,43.394638994684115],[-2.6784560002203754,43.394638998700216],[-2.678456,43.394639],[-2.6787819997783404,43.400579995960484],[-2.6778050000000007,43.40619499468885],[-2.6729629999999998,43.410345994690566],[-2.6612040000000006,43.41193299469124],[-2.649322,43.40953199469025],[-2.638092,43.405950994688766],[-2.606923,43.40188199468708],[-2.548899,43.383611994679526],[-2.5060119999999997,43.37714299467684],[-2.4835100000000003,43.37063199467414],[-2.4644260000000004,43.34922899466527],[-2.443717650296858,43.342071533203125],[-2.4437176348535288,43.342071533203125],[-2.367421,43.315701],[-2.327056,43.30683],[-2.284657,43.303494],[-2.241119,43.307237],[-2.207875,43.313992],[-2.196278,43.314765],[-2.190419,43.311591],[-2.183461,43.304511],[-2.174469,43.297431],[-2.162221,43.294257],[-2.159576,43.295356],[-2.156321,43.297675],[-2.151519,43.299994],[-2.144846,43.301093],[-2.140045,43.298896],[-2.137807,43.294216],[-2.134836,43.289578],[-2.127797,43.287421],[-2.098866,43.304145],[-2.086415,43.307237],[-2.065541,43.309597],[-1.994618,43.328437],[-1.971791,43.339219],[-1.9633544080071097,43.342071533203125],[-1.9633543922205199,43.342071533203125],[-1.960357,43.343084994662746],[-1.9456270000000002,43.34263699466256],[-1.9446636631156557,43.342071533203125],[-1.9446636540222375,43.342071533203125],[-1.933705,43.335639],[-1.926584,43.325873],[-1.918691,43.32099],[-1.904652,43.328437],[-1.910227,43.331366],[-1.918853,43.338568],[-1.9247389956962224,43.342071527865414],[-1.9247390046636865,43.342071533203125],[-1.925688994220905,43.34263699656011],[-1.8849180000000003,43.35602399466811],[-1.847401,43.380926994678426],[-1.8112689999999998,43.39508699468428],[-1.791371,43.38458899467995],[-1.7907610000000003,43.38426299467981],[-1.775502,43.37616599467639],[-1.7679740000000002,43.383611994679526],[-1.749623,43.38922799468186],[-1.661,43.399684994686154],[-1.6378069999999998,43.42377399469617],[-1.6154679999999995,43.432562994699786],[-1.5967499999999997,43.442531994703884],[-1.588043,43.45115799470748],[-1.5663959999999997,43.48216399472024],[-1.5620819999999997,43.49339399472486],[-1.553334,43.501369994728165],[-1.5139870000000004,43.53864199474343],[-1.506337,43.55011599474816],[-1.4768770000000002,43.58006399476048],[-1.4700409999999995,43.611517994773315],[-1.445953,43.668442994796614],[-1.4049369999999997,43.83234299486309],[-1.381174,43.88959399488618],[-1.3708806928906916,43.92762641436157],[-1.3883893798427305,43.6681527695268],[-1.3708803102029274,43.92762783344122],[-1.347595,44.013664],[-1.346099,44.019192],[-1.292365154981296,44.25482940673828],[-1.2923651538483294,44.25482940673828],[-1.281565,44.30219099505042],[-1.2740123613279166,44.34081726844777],[-1.2740123615833554,44.340817272075846],[-1.25414,44.44245],[-1.247304,44.504543],[-1.2492045478841554,44.5159797668457],[-1.2492045307022255,44.5159797668457],[-1.2497207129926244,44.51908585012235],[-1.249745,44.519232],[-1.2582899995724295,44.54755299858289],[-1.2572319999999997,44.55605699514944],[-1.230784,44.5835639951601],[-1.2268769999999998,44.58991099516256],[-1.2241919999999997,44.60199599516722],[-1.2134521726247305,44.62952879995318],[-1.2134521729147831,44.62952880403174],[-1.206288,44.647895],[-1.186513,44.665473],[-1.161448,44.666164],[-1.100209,44.655341],[-1.065012,44.659125],[-1.044749,44.66942],[-1.044423,44.684638],[-1.069163,44.703192],[-1.055491,44.703192],[-1.065297,44.717475],[-1.140859,44.768134],[-1.151723,44.77143],[-1.156402,44.773424],[-1.160634,44.776516],[-1.165354,44.778713],[-1.172231,44.778266],[-1.176503,44.775214],[-1.178456,44.770901],[-1.179758,44.766913],[-1.182118,44.765204],[-1.188588,44.755845],[-1.2200053029999796,44.721675439704086],[-1.2200053690875423,44.721676368992306],[-1.233567082130169,44.706925604885065],[-1.233632,44.706855],[-1.244944,44.662746],[-1.253814,44.638658],[-1.2603649992447419,44.627427001294805],[-1.2305042377535633,44.869305885477104],[-1.2305042379670437,44.869305888478955],[-1.199452,45.120836],[-1.18664415900833,45.169586181640625],[-1.1866441577952216,45.169586181640625],[-1.1740246432167614,45.21761954093557],[-1.174024643476183,45.217619544547695],[-1.157867,45.27912],[-1.1433299808234827,45.45038953479983],[-1.0314906571625266,45.496681142154614],[-1.1433298205177955,45.45039141894566],[-1.1399629999999996,45.49005799550082],[-1.1336969999999997,45.50482799550617],[-1.099599,45.55353399552393],[-1.085276,45.56903699552959],[-1.0691629999999999,45.573309995531176],[-1.0585829999999994,45.56964799552982],[-1.056223000276985,45.56513099605833],[-1.056752,45.557603],[-1.057362,45.546332],[-1.06017,45.543036],[-1.062327,45.537746],[-1.0623269999999998,45.5377459955182],[-1.062327,45.532416],[-1.0623269999999998,45.532415995516295],[-1.059234,45.52704499551431],[-1.0486949999999997,45.515040995509956],[-1.0399470000000002,45.50726999550711],[-1.0316375812296232,45.502711328471],[-1.0316375815646077,45.502711333149335],[-0.972971,45.470526],[-0.930776,45.453803],[-0.915273,45.450426],[-0.794179,45.355414],[-0.766184,45.326077],[-0.754506,45.295885],[-0.751943,45.275946],[-0.738678,45.238715],[-0.720041,45.145941],[-0.715972,45.134508],[-0.6822,45.076483],[-0.648183,45.044908],[-0.609853,45.018459],[-0.577789,45.005072],[-0.568959,44.997992],[-0.560699,44.985419],[-0.559193,44.976142],[-0.562082,44.96015],[-0.560862,44.939276],[-0.556508,44.918524],[-0.548166,44.902289],[-0.534657,44.894965],[-0.538645,44.908759],[-0.542388,44.937201],[-0.548451,44.94953],[-0.538971,44.976508],[-0.550364,44.998196],[-0.572581,45.014309],[-0.596181,45.024644],[-0.565297,45.023586],[-0.539418,45.019517],[-0.516428,45.011379],[-0.493764,44.997992],[-0.518951,45.029446],[-0.558746,45.043443],[-0.602162,45.053453],[-0.637766,45.073065],[-0.655995,45.099107],[-0.668691,45.130805],[-0.706654,45.322414],[-0.719716,45.36107],[-0.753041,45.424058],[-0.773101,45.452094],[-0.795481,45.477118],[-0.841786,45.514553],[-0.98351,45.586982],[-0.986887,45.591254],[-0.990875,45.610053],[-0.997222,45.614325],[-1.030263,45.62287],[-1.0407683605635714,45.63023010881644],[-1.0407683967469294,45.63023061414655],[-1.0834167222262048,45.660109766994815],[-1.083811,45.660386],[-1.113922,45.668931],[-1.132802,45.671698],[-1.149322,45.6789],[-1.163442,45.688951],[-1.175608,45.700263],[-1.194203,45.710191],[-1.22936,45.704779],[-1.2473039989828565,45.70990599970938],[-1.230133,45.77960799560553],[-1.230133000052829,45.779607999785554],[-1.230133,45.779608],[-1.230295,45.79242599561009],[-1.189871071376016,45.80110941565935],[-1.2131278204030007,45.75879650140898],[-1.1898666901782535,45.80111036116646],[-1.163808,45.806708],[-1.144276,45.806098],[-1.080556,45.753404],[-1.069163,45.748114],[-1.05724,45.74022],[-0.987172,45.717353],[-1.009633,45.735175],[-1.099477,45.786038],[-1.125356,45.807685],[-1.130686,45.816718],[-1.132151,45.828315],[-1.136586,45.843248],[-1.143219,45.857733],[-1.151723,45.86815],[-1.140614,45.872301],[-1.133656,45.878241],[-1.128529,45.884223],[-1.123769,45.888658],[-1.112538,45.895657],[-1.097035,45.902289],[-1.087758,45.903225],[-1.079742,45.902004],[-1.073354,45.904364],[-1.069163,45.915961],[-1.070424,45.926337],[-1.076324,45.936713],[-1.083485,45.94538],[-1.089752,45.950751],[-1.084218,45.953925],[-1.074208,45.961575],[-1.069163,45.964342],[-1.085561,45.971991],[-1.096588,45.985419],[-1.110748,46.018378],[-1.089752,46.008205],[-1.072987,46.007473],[-1.059722,46.015774],[-1.048695,46.03266],[-1.048695,46.038804],[-1.052887,46.04328],[-1.058583,46.047919],[-1.065175,46.051581],[-1.084218,46.056545],[-1.087758,46.064683],[-1.088735,46.074774],[-1.096018,46.088365],[-1.095693,46.097724],[-1.097035,46.101549],[-1.100738,46.103095],[-1.113596,46.106147],[-1.117014,46.107815],[-1.122955,46.112494],[-1.129018,46.11579],[-1.128896,46.120063],[-1.117014,46.128241],[-1.14037,46.14057],[-1.14802,46.141913],[-1.152089,46.143866],[-1.151845,46.148424],[-1.150543,46.153266],[-1.151723,46.156195],[-1.157094,46.156968],[-1.172231,46.156195],[-1.182607,46.158393],[-1.19164,46.157945],[-1.200185,46.159125],[-1.209706,46.166164],[-1.210805,46.174547],[-1.204416,46.184312],[-1.194488,46.192776],[-1.18517,46.19717],[-1.190541,46.216295],[-1.179596,46.229478],[-1.110748,46.259223],[-1.102651,46.271959],[-1.103505,46.280015],[-1.108022,46.28852],[-1.110748,46.30268],[-1.132476,46.324123],[-1.177235,46.326158],[-1.214345,46.310696],[-1.213206,46.27912],[-1.240102,46.284247],[-1.259185,46.300442],[-1.277415,46.319525],[-1.293365,46.322659],[-1.303456,46.323879],[-1.334218,46.336737],[-1.356842,46.350328],[-1.370229,46.354193],[-1.423329,46.342475],[-1.44872,46.343411],[-1.459584,46.364732],[-1.465484,46.38996],[-1.481435,46.408189],[-1.504465,46.419338],[-1.53189,46.423082],[-1.598785,46.425035],[-1.62564,46.431138],[-1.617177,46.443549],[-1.633453,46.454291],[-1.686757,46.460883],[-1.720286,46.481269],[-1.748606,46.486558],[-1.761138,46.492011],[-1.768422,46.50023],[-1.779652,46.522121],[-1.789174,46.532945],[-1.788889,46.520453],[-1.78307,46.504136],[-1.781728,46.495429],[-1.786,46.490953],[-1.7954,46.494534],[-1.804799,46.503607],[-1.827056,46.576972],[-1.822662,46.594387],[-1.838694,46.599066],[-1.846588,46.610256],[-1.851226,46.623725],[-1.857411,46.635321],[-1.872426,46.647406],[-1.887807,46.656562],[-1.89977,46.666246],[-1.909901,46.691799],[-1.923166,46.699164],[-1.940012,46.70307],[-1.956451,46.704291],[-1.964996,46.710395],[-1.994618,46.752021],[-2.050282,46.79206],[-2.081288,46.807359],[-2.107167,46.813463],[-2.118764,46.819973],[-2.126088,46.835598],[-2.130035,46.854682],[-2.131256,46.871812],[-2.128774,46.893459],[-2.121978,46.903713],[-2.096344,46.91649],[-2.102162,46.93065],[-2.087473,46.94123],[-2.049224,46.957465],[-2.037017,46.972561],[-2.020172,47.008612],[-2.00829,47.026353],[-1.990712,47.035386],[-1.992584,47.052314],[-2.003774,47.070014],[-2.014556,47.08161],[-2.030019,47.092108],[-2.090159,47.11518],[-2.141767083045444,47.12140796759884],[-2.1390832344574164,47.13735594101975],[-2.141767613361571,47.12140812737963],[-2.202960998905895,47.12879273569591],[-2.205474,47.129096],[-2.2411189953153765,47.14248299824062],[-2.2278539999999993,47.14862699607284],[-2.217029999999999,47.155503996075105],[-2.2053929999999995,47.16119999607691],[-2.1728409999999996,47.164373996078005],[-2.165191,47.167872996079076],[-2.163611116800921,47.17203117508242],[-2.1636111177699813,47.172031176451455],[-2.162099,47.176011],[-2.159088,47.190863],[-2.158681,47.204495],[-2.169301,47.22016],[-2.172109,47.235256],[-2.170888,47.246324],[-2.166982,47.259223],[-2.160553,47.271186],[-2.151682,47.27969],[-2.127675,47.286811],[-2.035634,47.29328],[-2.028717,47.296942],[-2.021962,47.299262],[-2.014556,47.300116],[-2.006581,47.29328],[-1.999135,47.28856],[-1.947865,47.279364],[-1.932485,47.27969],[-1.939361,47.286444],[-1.927805,47.286322],[-1.917063,47.284166],[-1.907338,47.279934],[-1.898427,47.273424],[-1.918853,47.273424],[-1.918853,47.266018],[-1.877838,47.24551],[-1.836252,47.239936],[-1.82608,47.235256],[-1.803944,47.21898],[-1.780995,47.211982],[-1.72704,47.210761],[-1.747222,47.219916],[-1.788238,47.225572],[-1.805653,47.235256],[-1.835927,47.259752],[-1.871165,47.27969],[-1.905629,47.293931],[-1.925689,47.298489],[-1.94929,47.300116],[-1.95816,47.302395],[-1.972157,47.312161],[-2.010121,47.319729],[-2.148101,47.313218],[-2.179555,47.300116],[-2.186594,47.292711],[-2.190582,47.2862],[-2.195953,47.279934],[-2.206288,47.273424],[-2.2317815184383587,47.26833899100076],[-2.231781521425383,47.26833899522068],[-2.2341557741886993,47.267865415260864],[-2.236073,47.267483],[-2.259429,47.251614],[-2.278391,47.246405],[-2.298085,47.246649],[-2.31607,47.251654],[-2.330963,47.26081],[-2.3311593361849035,47.260965366019704],[-2.3412751599971258,47.268970485613686],[-2.232228517532349,47.268970485613686],[-2.2322197206972874,47.26895806176277],[-2.232228517532349,47.26897048950195],[-2.34127541824188,47.26897048950195],[-2.355336,47.280097],[-2.371409,47.286444],[-2.388092,47.287909],[-2.39745,47.287584],[-2.404897,47.286444],[-2.412831,47.281724],[-2.416575,47.27497],[-2.4180945352604826,47.26897048950195],[-2.455044334869628,47.26897048950195],[-2.541982,47.300116],[-2.541982,47.306952],[-2.519032,47.304633],[-2.476064,47.290676],[-2.453359,47.29328],[-2.436187,47.307034],[-2.445383,47.32038],[-2.465443,47.333808],[-2.480621,47.347886],[-2.487945,47.345404],[-2.491282,47.343899],[-2.494252,47.341742],[-2.489369,47.334418],[-2.488922,47.33039],[-2.494252,47.320624],[-2.501698,47.320624],[-2.503326,47.349595],[-2.514801,47.364936],[-2.556386,47.383246],[-2.476796,47.415676],[-2.466135,47.415229],[-2.4558,47.412177],[-2.439036,47.40998],[-2.441029,47.404446],[-2.442209,47.404364],[-2.446401,47.402533],[-2.439036,47.396308],[-2.429433,47.403876],[-2.395009,47.416978],[-2.391835,47.423651],[-2.407135,47.425727],[-2.431752,47.426174],[-2.44815,47.430609],[-2.439036,47.44477],[-2.455312,47.452216],[-2.476186,47.453762],[-2.488922,47.459174],[-2.480621,47.478217],[-2.49474,47.491197],[-2.483632,47.497952],[-2.421213,47.50023],[-2.384674,47.507148],[-2.363922,47.506171],[-2.380116,47.509223],[-2.407053,47.506049],[-2.425364,47.506171],[-2.501698,47.526679],[-2.517486,47.528388],[-2.530507,47.527248],[-2.563222,47.519843],[-2.600697,47.519843],[-2.609853,47.517727],[-2.61559,47.514146],[-2.621693,47.513414],[-2.631988,47.519843],[-2.616933,47.521715],[-2.599355,47.52912],[-2.584462,47.540473],[-2.576812,47.553941],[-2.592275,47.543647],[-2.606435,47.54206],[-2.621205,47.543036],[-2.638254,47.540269],[-2.630116,47.53913],[-2.623931,47.537177],[-2.619944,47.533393],[-2.617787,47.526679],[-2.643056,47.526435],[-2.654775,47.528306],[-2.665517,47.533515],[-2.667104,47.509589],[-2.680735,47.504218],[-2.714019,47.512397],[-2.730702,47.511623],[-2.782786,47.499416],[-2.802154,47.498114],[-2.817128,47.499213],[-2.828960472943691,47.50319339244485],[-2.828962228554605,47.50319398302472],[-2.83019,47.503607],[-2.843658,47.512397],[-2.845693,47.516181],[-2.861073,47.535834],[-2.864817,47.536851],[-2.868967,47.542182],[-2.878529,47.545315],[-2.889882,47.546617],[-2.892933997116903,47.54767499900055],[-2.8915100000000002,47.54905799620091],[-2.8915100003976892,47.549057999613765],[-2.89151,47.549058],[-2.892079,47.553941],[-2.9092499949448736,47.55841699868227],[-2.8925679999999994,47.56659599620639],[-2.8653050000000007,47.56663599620643],[-2.850574999999999,47.546535996200134],[-2.843657999999999,47.546535996200134],[-2.8381240000000005,47.55182499620178],[-2.8333690776290217,47.55365984862004],[-2.833369077949838,47.55365985229393],[-2.832428,47.554023],[-2.825429,47.552476],[-2.816396,47.546536],[-2.815297,47.552965],[-2.80956,47.567613],[-2.794016,47.555121],[-2.768666,47.549547],[-2.741444,47.551337],[-2.720204,47.560777],[-2.727651,47.567613],[-2.688629,47.604397],[-2.68399,47.622992],[-2.706532,47.642727],[-2.706532,47.636542],[-2.696929,47.629788],[-2.695627,47.623358],[-2.701568,47.618354],[-2.714019,47.616034],[-2.699778,47.609198],[-2.704254,47.604438],[-2.708608,47.602281],[-2.720204,47.601752],[-2.725331,47.607367],[-2.77538,47.629096],[-2.754465,47.627021],[-2.734486,47.62226],[-2.746327,47.633857],[-2.758209,47.639065],[-2.789133,47.642727],[-2.77538,47.636542],[-2.796051,47.629869],[-2.847727,47.626166],[-2.857981,47.619127],[-2.86677,47.607164],[-2.886383,47.60102],[-2.919423,47.595526],[-2.919423,47.601752],[-2.912668,47.601752],[-2.912668,47.609198],[-2.925689,47.607652],[-2.928822,47.606024],[-2.933095,47.601752],[-2.939931,47.601752],[-2.943756,47.613959],[-2.944814,47.624091],[-2.94164,47.631822],[-2.933095,47.636542],[-2.947499,47.636908],[-2.957997,47.642157],[-2.964589,47.651435],[-2.967193,47.663804],[-2.97468,47.663804],[-2.973297,47.655992],[-2.968577,47.6435],[-2.967193,47.636542],[-2.967193,47.612616],[-2.963612,47.602607],[-2.954701,47.591539],[-2.943512,47.581488],[-2.933095,47.574449],[-2.935618,47.567572],[-2.937245,47.564683],[-2.939931,47.560777],[-2.942616,47.564399],[-2.952952,47.574449],[-2.961293,47.570543],[-2.970286,47.576972],[-2.980946,47.587348],[-2.994496,47.595526],[-2.988596,47.582261],[-2.994211,47.576077],[-3.003407,47.578681],[-3.008168,47.591783],[-3.01179,47.607164],[-3.018219,47.605658],[-3.021718,47.59455],[-3.015696,47.581244],[-3.029937,47.581936],[-3.035797,47.583319],[-3.042388,47.58808],[-3.073842,47.576483],[-3.089752,47.575507],[-3.103749,47.581244],[-3.09732,47.584052],[-3.090728,47.58808],[-3.100453,47.594184],[-3.11205,47.599189],[-3.12328,47.598782],[-3.131703,47.58808],[-3.127187,47.586615],[-3.122955,47.583238],[-3.118031,47.581244],[-3.128896,47.547593],[-3.12328,47.518988],[-3.10676,47.495795],[-3.09917946242406,47.48979730951479],[-3.099179465592074,47.489797308203514],[-3.0845430050596065,47.47821700018167],[-3.098134,47.478705],[-3.117344061534558,47.48227875216012],[-3.117349856220413,47.48227983017703],[-3.11913,47.482611],[-3.122980416787655,47.47994579342077],[-3.1229804328073305,47.47994578679002],[-3.124325203559943,47.479014950150855],[-3.125478,47.478217],[-3.1271571275516723,47.478217],[-3.1271635841561887,47.478217],[-3.131703,47.478217],[-3.143788,47.507025],[-3.145375,47.516099],[-3.143219,47.527045],[-3.13386,47.543931],[-3.131703,47.55744],[-3.134185,47.580756],[-3.141184,47.598049],[-3.15217,47.611233],[-3.166493,47.62226],[-3.176015,47.62637],[-3.187245,47.629584],[-3.196685,47.63349],[-3.200592,47.639594],[-3.198394,47.652574],[-3.18635,47.680609],[-3.111195,47.704169],[-3.115061,47.709418],[-3.117177,47.715033],[-3.118031,47.722154],[-3.118031,47.732123],[-3.122792,47.729926],[-3.134511,47.726793],[-3.13915,47.724677],[-3.13976,47.745795],[-3.13915,47.75259],[-3.145375,47.75259],[-3.153188,47.742011],[-3.16393,47.743883],[-3.177358,47.748521],[-3.193186,47.746405],[-3.179189,47.742743],[-3.169667,47.735419],[-3.163319,47.724758],[-3.159088,47.711005],[-3.164052,47.710273],[-3.165028,47.70954],[-3.165028,47.707913],[-3.166493,47.704169],[-3.178375,47.710028],[-3.185374,47.706366],[-3.193227,47.699937],[-3.207387,47.697333],[-3.203521,47.694322],[-3.193186,47.683743],[-3.207143,47.679145],[-3.211903,47.669827],[-3.215077,47.66059],[-3.224192,47.656399],[-3.231597,47.660346],[-3.262074,47.683743],[-3.287587,47.688666],[-3.318807982300869,47.69439014277843],[-3.318808002273161,47.694390170657684],[-3.3298247739820934,47.69640999237623],[-3.331532,47.696723],[-3.3582659873889673,47.69733299971225],[-3.3401989999999993,47.702296996248826],[-3.323601696762413,47.70108167153022],[-3.3236016995987314,47.70108167548943],[-3.322418,47.700995],[-3.282623,47.691148],[-3.282623,47.697333],[-3.298451,47.703843],[-3.316274,47.708075],[-3.3292510294489794,47.70898047477977],[-3.329260772210909,47.70898115456701],[-3.329373393455834,47.70898901273637],[-3.358266,47.711005],[-3.358265999999999,47.718450996253885],[-3.3493549999999996,47.71906199625403],[-3.345123,47.721258996254754],[-3.343984,47.72626399625629],[-3.343984,47.726264],[-3.343983992765782,47.72953324511231],[-3.343984,47.72953325521053],[-3.343984,47.735541],[-3.340566,47.739488],[-3.323557,47.737738],[-3.317291,47.738959],[-3.304433,47.761135],[-3.2954,47.773017],[-3.282623,47.779934],[-3.282623,47.78734],[-3.304351,47.770087],[-3.331776,47.752509],[-3.362172,47.740424],[-3.383168,47.737047],[-3.375478,47.734036],[-3.369545288343229,47.730003356933594],[-3.4845429708402262,47.730003356933594],[-3.494862,47.738959],[-3.509185,47.759426],[-3.520253,47.768134],[-3.524485,47.772447],[-3.52831,47.779934],[-3.539296,47.773749],[-3.555653,47.773993],[-3.590972,47.779934],[-3.616851,47.77912],[-3.625152,47.779934],[-3.633046,47.783026],[-3.644399,47.791734],[-3.649037,47.793606],[-3.68692,47.792304],[-3.706166,47.796942],[-3.714589,47.810614],[-3.723215,47.813381],[-3.77538,47.793606],[-3.789906,47.803209],[-3.811187,47.802924],[-3.833567,47.79975],[-3.851715,47.801011],[-3.853098,47.804348],[-3.872222,47.828315],[-3.879221,47.833564],[-3.886464,47.83747],[-3.889963,47.843451],[-3.885854,47.855048],[-3.894521,47.855292],[-3.900787,47.857123],[-3.913197,47.862454],[-3.916331,47.873358],[-3.935129,47.887885],[-3.961822,47.89997],[-3.988271,47.903469],[-3.979237,47.883002],[-3.98648,47.867906],[-4.007863238712982,47.85203427890543],[-4.00786326668207,47.8520342751376],[-4.008715232664376,47.851401885910505],[-4.008901,47.851264],[-4.010864608869129,47.85162995232273],[-4.010868076548072,47.851630598584414],[-4.029205,47.855048],[-4.019154,47.854478],[-4.01122,47.855943],[-4.005442,47.8605],[-4.001943,47.869289],[-4.014068,47.866278],[-4.024037,47.865953],[-4.031565,47.863715],[-4.036692,47.855048],[-4.064931,47.870795],[-4.078236,47.874416],[-4.09439,47.875474],[-4.106557,47.880113],[-4.119293,47.891913],[-4.12914,47.90762],[-4.132192,47.923896],[-4.14273,47.912014],[-4.13683,47.896918],[-4.123362,47.883246],[-4.111195,47.875474],[-4.111195,47.869289],[-4.123769,47.868598],[-4.133616,47.866197],[-4.142649,47.861762],[-4.15274,47.855048],[-4.17162,47.877021],[-4.185618,47.874416],[-4.188466,47.862128],[-4.173899,47.855048],[-4.176666,47.851264],[-4.180043,47.848212],[-4.180043,47.841986],[-4.15274,47.841986],[-4.15274,47.834459],[-4.156514450424294,47.83200887939875],[-4.156514596017776,47.83200885978527],[-4.18385426241029,47.814261703240305],[-4.185211,47.813381],[-4.200551,47.807196],[-4.225168,47.802436],[-4.294247908160477,47.804678242395696],[-4.346744578733503,47.80638221767334],[-4.346744595644765,47.80638221539515],[-4.371816,47.807196],[-4.371246,47.814765],[-4.373443,47.828681],[-4.371816,47.834459],[-4.365468,47.837104],[-4.356068,47.837063],[-4.347646,47.838324],[-4.343861,47.84512],[-4.34732,47.862942],[-4.362213,47.888577],[-4.371978,47.915839],[-4.386952,47.934068],[-4.434641,47.975653],[-4.523264,48.022691],[-4.533274,48.026313],[-4.546702,48.020738],[-4.55899,48.010688],[-4.572011,48.005927],[-4.601959,48.02558],[-4.619211,48.027655],[-4.652984,48.026313],[-4.696162728306733,48.03451842342728],[-4.696162738751983,48.03451852699961],[-4.727030728068554,48.0403843907295],[-4.728138994960337,48.0405949990423],[-4.721505999999999,48.04413499635377],[-4.716461,48.05023799635561],[-4.712269999999999,48.056585996357526],[-4.7062069999999965,48.06390999635971],[-4.705555999999998,48.06744999636079],[-4.704253999999999,48.07123399636195],[-4.7007949999999985,48.074773996363],[-4.700224590408524,48.074794772316224],[-4.700224590773547,48.07479477593569],[-4.697418,48.074897],[-4.689524,48.068834],[-4.683705,48.067328],[-4.361928,48.115709],[-4.304758,48.104071],[-4.289906,48.108222],[-4.28539,48.115383],[-4.275706,48.143622],[-4.280181,48.154934],[-4.294342,48.16706],[-4.297353,48.174058],[-4.302358,48.196357],[-4.315826,48.205512],[-4.358225,48.211859],[-4.366119,48.215155],[-4.372426,48.220038],[-4.376861,48.225979],[-4.379262,48.232367],[-4.404368,48.226142],[-4.457631,48.248969],[-4.485463,48.242621],[-4.499989,48.224921],[-4.513987,48.202094],[-4.531646,48.183092],[-4.557485,48.177191],[-4.548736,48.198432],[-4.543772,48.205064],[-4.555043,48.216539],[-4.561187,48.225043],[-4.563629,48.232367],[-4.558665,48.244208],[-4.550933,48.248603],[-4.54719,48.25259],[-4.554067,48.262763],[-4.566274,48.264879],[-4.612631716830257,48.2661664999446],[-4.612644443218357,48.26616685339652],[-4.626331999104396,48.26654699997513],[-4.623686999999999,48.27704499642359],[-4.623687000461264,48.277044998169245],[-4.623687,48.277045],[-4.62633199913946,48.28705499674329],[-4.6239407925274065,48.28793501321073],[-4.623940794084317,48.28793501621091],[-4.615387,48.291083],[-4.607086,48.290595],[-4.598785,48.288398],[-4.58788,48.287055],[-4.575185,48.290025],[-4.572906,48.29682],[-4.57551,48.30386],[-4.57726,48.307522],[-4.559478,48.33869],[-4.546702,48.346829],[-4.530141,48.34162],[-4.543202,48.304674],[-4.515533,48.295844],[-4.426503,48.300035],[-4.416371,48.296617],[-4.409657,48.292304],[-4.401967,48.28856],[-4.388987,48.287055],[-4.376861,48.287787],[-4.329701,48.297024],[-4.262603,48.300035],[-4.268951,48.295844],[-4.275217,48.294013],[-4.289906,48.29385],[-4.269358,48.288398],[-4.187489,48.300035],[-4.187489,48.307522],[-4.218821,48.306057],[-4.23054,48.309882],[-4.234731,48.321723],[-4.243967,48.31391],[-4.257721,48.311347],[-4.270172,48.314683],[-4.275706,48.324856],[-4.281972,48.323676],[-4.324696,48.321723],[-4.316314,48.330797],[-4.312082,48.333075],[-4.303619,48.335395],[-4.303131,48.339586],[-4.298492,48.343817],[-4.288686,48.348538],[-4.269399,48.362738],[-4.286285,48.362535],[-4.30899,48.351549],[-4.324696,48.348456],[-4.324696,48.355292],[-4.317291,48.355292],[-4.317291,48.362738],[-4.324696,48.362738],[-4.327789,48.357856],[-4.334055,48.352729],[-4.337717,48.348456],[-4.35261,48.352729],[-4.384185,48.338121],[-4.406606,48.335395],[-4.403798,48.339179],[-4.402821,48.339586],[-4.399159,48.34162],[-4.406606,48.348456],[-4.415028,48.342922],[-4.426503,48.338853],[-4.439931,48.336371],[-4.453725,48.335395],[-4.453725,48.34162],[-4.396596,48.387763],[-4.385569,48.393744],[-4.289906,48.431586],[-4.307729,48.428046],[-4.339019,48.416083],[-4.358957,48.411119],[-4.426503,48.403713],[-4.457509,48.394843],[-4.520619,48.368313],[-4.569569,48.360297],[-4.599355,48.350165],[-4.618886,48.348456],[-4.636342,48.351142],[-4.671132,48.360582],[-4.690541,48.362738],[-4.694081,48.359442],[-4.694081,48.3522],[-4.695668,48.344957],[-4.704498,48.34162],[-4.754994,48.341986],[-4.768381,48.345404],[-4.77717,48.355618],[-4.783355,48.37641],[-4.76476,48.377631],[-4.766347,48.390448],[-4.783355,48.417385],[-4.784901,48.436184],[-4.779856,48.454901],[-4.768056,48.468655],[-4.749257,48.472602],[-4.749257,48.478827],[-4.774648,48.491278],[-4.764556,48.520209],[-4.739898,48.550727],[-4.721995,48.568183],[-4.711578,48.563666],[-4.700795,48.560736],[-4.708241,48.568183],[-4.692291,48.575507],[-4.673451,48.579576],[-4.642486,48.581855],[-4.623036,48.578192],[-4.589833,48.565741],[-4.57726,48.568183],[-4.600494,48.589342],[-4.607737,48.603013],[-4.594635,48.609117],[-4.548818,48.601223],[-4.530141,48.601711],[-4.557485,48.609117],[-4.554433,48.613227],[-4.552602,48.616523],[-4.554799,48.619696],[-4.563629,48.62344],[-4.563629,48.629625],[-4.485463,48.629625],[-4.46288,48.63231],[-4.429799,48.642808],[-4.406606,48.643256],[-4.4204,48.648871],[-4.426503,48.650092],[-4.426503,48.657538],[-4.398061,48.660956],[-4.370229,48.67182],[-4.343251,48.67886],[-4.317291,48.678046],[-4.299143,48.663642],[-4.306508,48.641547],[-4.283111,48.643256],[-4.252594,48.655463],[-4.242055,48.657538],[-4.229807,48.655951],[-4.207143,48.64997],[-4.193756,48.650092],[-4.193756,48.657538],[-4.213002,48.6612],[-4.207753,48.671373],[-4.190582,48.683051],[-4.173899,48.691107],[-4.154652,48.696234],[-4.131459,48.699164],[-4.108713,48.698147],[-4.090688,48.691107],[-4.084788,48.69717],[-4.079254,48.696926],[-4.07433,48.692288],[-4.070221,48.684882],[-4.064036,48.684882],[-4.057362,48.689602],[-4.053293,48.695543],[-4.052642,48.70307],[-4.053755965691693,48.70565718318055],[-3.9735760283274986,48.71150018355896],[-3.972727,48.707709],[-3.961008,48.704739],[-3.961008,48.698554],[-3.967763,48.698554],[-3.967763,48.691107],[-3.957753,48.686835],[-3.951039,48.679389],[-3.949534,48.669338],[-3.954742,48.657538],[-3.926584,48.676174],[-3.911936,48.68122],[-3.891998,48.678046],[-3.901967,48.672024],[-3.906321,48.6706],[-3.906321,48.664374],[-3.894195,48.653551],[-3.864654,48.641018],[-3.851715,48.629625],[-3.844309,48.636461],[-3.851715,48.643256],[-3.844309,48.650092],[-3.848948,48.656317],[-3.852447,48.664537],[-3.8579,48.684882],[-3.851715,48.684882],[-3.8485,48.679023],[-3.845448,48.676011],[-3.837473,48.6706],[-3.840077,48.688056],[-3.837148,48.707261],[-3.829254,48.718451],[-3.816965,48.712144],[-3.812652,48.716742],[-3.810455,48.721503],[-3.809804,48.726955],[-3.810129,48.733222],[-3.797109,48.721177],[-3.778432,48.717353],[-3.731923,48.71898],[-3.720855,48.71601],[-3.697865,48.702338],[-3.686635,48.698554],[-3.673818,48.698228],[-3.638173,48.704739],[-3.638539,48.687812],[-3.614003,48.682685],[-3.584788,48.682807],[-3.570546,48.687974],[-3.580474,48.711086],[-3.584543,48.726386],[-3.580474,48.733222],[-3.52831,48.739488],[-3.542836,48.745673],[-3.577382,48.774237],[-3.581532,48.790595],[-3.571401,48.799058],[-3.542592,48.807807],[-3.520863,48.833645],[-3.515289,48.841946],[-3.509185,48.841946],[-3.499827,48.836982],[-3.468129,48.835679],[-3.433583,48.822211],[-3.419749,48.821438],[-3.425404,48.818427],[-3.42809,48.815741],[-3.429921,48.812445],[-3.433339,48.807807],[-3.409901,48.806545],[-3.397613,48.807318],[-3.388743,48.811184],[-3.378651,48.819322],[-3.371816,48.822496],[-3.287465,48.843451],[-3.275787,48.849351],[-3.268951,48.849351],[-3.259511,48.847724],[-3.229726,48.87226],[-3.213612,48.869818],[-3.207143,48.855414],[-3.207753,48.835924],[-3.214955,48.817857],[-3.227895,48.807807],[-3.226796,48.80329],[-3.225575,48.800482],[-3.22053,48.794135],[-3.216868,48.806789],[-3.20873,48.816352],[-3.178822,48.84101],[-3.154205,48.854926],[-3.145375,48.862372],[-3.134999,48.859198],[-3.116444,48.874091],[-3.103749,48.876654],[-3.091461,48.871283],[-3.08434,48.862209],[-3.08373,48.851711],[-3.090728,48.841946],[-3.090728,48.835679],[-3.077056,48.828274],[-3.084625,48.820136],[-3.097524,48.794135],[-3.104075,48.7862],[-3.125478,48.767401],[-3.125478,48.759955],[-3.118031,48.759955],[-3.085032,48.804999],[-3.0655,48.823961],[-3.049184,48.821438],[-3.039296,48.826972],[-3.028717,48.828803],[-3.022121494307594,48.827652650321696],[-3.011743792766601,48.81819090656848],[-3.015696,48.814602],[-3.01179,48.813666],[-3.009389,48.813707],[-3.008372,48.812486],[-3.008168,48.807807],[-3.017812,48.805854],[-3.025502,48.802924],[-3.042388,48.794135],[-3.042388,48.787909],[-3.029286,48.780463],[-3.003651,48.773871],[-2.9616929001201395,48.77255761108682],[-2.933132372688852,48.746517895939476],[-2.933095,48.746324],[-2.942738,48.740912],[-2.946685,48.739488],[-2.946685,48.733222],[-2.932037,48.726955],[-2.913971,48.716498],[-2.898671,48.704779],[-2.892079,48.69477],[-2.849949066970578,48.670676523922474],[-2.8232508296290946,48.64633472922064],[-2.817047,48.627672],[-2.812978,48.619696],[-2.811431,48.614569],[-2.814361,48.609931],[-2.816396,48.604926],[-2.812978,48.598578],[-2.808013,48.595608],[-2.795033,48.591254],[-2.771067,48.579169],[-2.714019,48.560736],[-2.716949,48.551703],[-2.721018,48.544623],[-2.726674,48.538967],[-2.734486,48.534003],[-2.722727,48.533637],[-2.713124,48.530097],[-2.704701,48.524156],[-2.696278,48.516669],[-2.682362,48.509019],[-2.679677,48.518378],[-2.680247,48.532782],[-2.676137,48.540229],[-2.636342,48.538804],[-2.620025,48.543606],[-2.600697,48.557603],[-2.577056,48.582465],[-2.569407,48.58869],[-2.558827,48.594143],[-2.541086,48.59809],[-2.473622,48.625963],[-2.459543,48.636461],[-2.459543,48.643256],[-2.468007,48.643948],[-2.487457,48.650092],[-2.44286,48.659084],[-2.421051,48.656968],[-2.412262,48.643256],[-2.38622,48.650092],[-2.356068,48.663275],[-2.329986,48.680365],[-2.31607,48.698554],[-2.312489,48.686957],[-2.305328,48.679633],[-2.295237,48.676581],[-2.281972,48.678046],[-2.281972,48.6706],[-2.289418,48.666571],[-2.293772,48.661363],[-2.297475,48.655707],[-2.302398,48.650092],[-2.330312,48.629625],[-2.312652,48.620185],[-2.294016,48.628607],[-2.27359,48.642646],[-2.250966,48.650092],[-2.246205,48.644721],[-2.240712,48.621324],[-2.237294,48.615912],[-2.225942,48.612372],[-2.219228,48.603664],[-2.215688,48.592434],[-2.213694,48.581855],[-2.202789,48.585883],[-2.195546,48.593451],[-2.192128,48.603746],[-2.192616,48.615912],[-2.188385,48.601304],[-2.182973,48.588772],[-2.174062,48.582953],[-2.159088,48.58869],[-2.159088,48.595445],[-2.163197,48.596503],[-2.172109,48.601711],[-2.161041,48.613023],[-2.149322,48.618883],[-2.137034,48.617987],[-2.124338,48.609117],[-2.131256,48.615302],[-2.136627,48.622138],[-2.144846,48.636461],[-2.100209,48.646918],[-2.052358,48.650092],[-2.049794,48.645575],[-2.028717,48.619696],[-2.027089,48.608954],[-2.022043,48.598944],[-2.013254,48.59162],[-2.000885,48.58869],[-2.005116,48.578843],[-2.00829,48.575019],[-1.982493,48.548977],[-1.976389,48.535631],[-1.980295,48.513577],[-1.970448,48.520697],[-1.939361,48.534003],[-1.967275,48.547065],[-1.961903,48.554918],[-1.976633,48.572699],[-1.980295,48.58869],[-1.9735,48.58869],[-1.96939,48.584174],[-1.965159,48.581204],[-1.952952,48.575019],[-1.960357,48.586615],[-1.96939,48.59276],[-1.979807,48.59512],[-1.991119,48.595445],[-2.000478,48.601304],[-2.019032,48.631049],[-2.028717,48.643256],[-2.025543,48.651313],[-2.018137,48.660346],[-2.006581,48.667629],[-1.991119,48.6706],[-1.987701,48.673774],[-1.987701,48.680854],[-1.9874250268407012,48.68193923746832],[-1.853695918078963,48.672323920129855],[-1.861195,48.664211],[-1.860951,48.640855],[-1.838206,48.623765],[-1.79601,48.615912],[-1.722808,48.615302],[-1.643951,48.62344],[-1.595693,48.640937],[-1.58967,48.641791],[-1.579701,48.643256],[-1.500559,48.636461],[-1.393137,48.652411],[-1.356557,48.643256],[-1.372304,48.66059],[-1.394602,48.66828],[-1.432851,48.6706],[-1.433013,48.66828],[-1.437734,48.664455],[-1.443267,48.662828],[-1.445953,48.667467],[-1.447092,48.673896],[-1.45051,48.679511],[-1.4558,48.683417],[-1.490224,48.690131],[-1.502675,48.695502],[-1.507965,48.701606],[-1.516469,48.725165],[-1.553619,48.747138],[-1.562082,48.770819],[-1.562571,48.798489],[-1.566762,48.82217],[-1.578847,48.837836],[-1.602935,48.841946],[-1.602935,48.849351],[-1.589101,48.853583],[-1.578521,48.862616],[-1.571848,48.874213],[-1.56371,48.922105],[-1.557037,48.932318],[-1.548411,48.923814],[-1.542795,48.935248],[-1.541982,48.944078],[-1.547027,48.949693],[-1.55899,48.951809],[-1.563059,48.957587],[-1.552235,49.015448],[-1.545766,49.030341],[-1.532338,49.035142],[-1.507965,49.027533],[-1.507965,49.033677],[-1.527252,49.039781],[-1.549713,49.039781],[-1.56843,49.03266],[-1.576324,49.017279],[-1.579457,49.01317],[-1.586537,49.018988],[-1.593577,49.028998],[-1.59675,49.037421],[-1.595937,49.061265],[-1.593739,49.071967],[-1.589345,49.082099],[-1.603424,49.08397],[-1.608754,49.091498],[-1.607737,49.102729],[-1.602935,49.115627],[-1.595937,49.128485],[-1.589019,49.134589],[-1.569488,49.143541],[-1.581776,49.149848],[-1.584218,49.148424],[-1.589345,49.143541],[-1.597768,49.159369],[-1.604482,49.178209],[-1.608795,49.197821],[-1.610422,49.215888],[-1.602651,49.225409],[-1.584462,49.226264],[-1.548411,49.219306],[-1.548411,49.225491],[-1.569569,49.229682],[-1.595286,49.23786],[-1.616851,49.238227],[-1.624664,49.219306],[-1.640533,49.231513],[-1.657094,49.268378],[-1.671864,49.280097],[-1.665395,49.284613],[-1.662587,49.286038],[-1.658193,49.287543],[-1.68692,49.302436],[-1.699086,49.313544],[-1.706654,49.329169],[-1.686187,49.329169],[-1.686187,49.335354],[-1.699127,49.355862],[-1.706654,49.355862],[-1.714752,49.338528],[-1.733266,49.346259],[-1.755727,49.362454],[-1.775502,49.370103],[-1.772857,49.377021],[-1.771108,49.37995],[-1.767974,49.383734],[-1.78189,49.381537],[-1.795074,49.377631],[-1.806793,49.376858],[-1.816477,49.383734],[-1.819569,49.396796],[-1.815785,49.430854],[-1.816477,49.445217],[-1.819407,49.452053],[-1.823598,49.458482],[-1.838206,49.475816],[-1.839508,49.480658],[-1.84024,49.485826],[-1.843739,49.493598],[-1.853586,49.504299],[-1.879465,49.52497],[-1.884674,49.530911],[-1.878407,49.544867],[-1.850168,49.561713],[-1.843739,49.571845],[-1.839223,49.603176],[-1.839508,49.619778],[-1.846913,49.633938],[-1.855051,49.645087],[-1.860585,49.654771],[-1.869496,49.661689],[-1.901601,49.665839],[-1.945627,49.677965],[-1.937652,49.701565],[-1.939565,49.716457],[-1.935211,49.724107],[-1.908355,49.726386],[-1.898997,49.72427],[-1.87914,49.71483],[-1.867299,49.712714],[-1.839426,49.715399],[-1.829457,49.712714],[-1.824615,49.708441],[-1.820953,49.696357],[-1.816477,49.691636],[-1.811838,49.690741],[-1.800893,49.692084],[-1.79601,49.691636],[-1.773997,49.686713],[-1.707753,49.680162],[-1.633046,49.66352],[-1.617177,49.664293],[-1.616689,49.662014],[-1.616363,49.65705],[-1.613922,49.652248],[-1.606679,49.650051],[-1.59732,49.652289],[-1.58373,49.662055],[-1.572865,49.664293],[-1.561187,49.663031],[-1.540395,49.657782],[-1.528432,49.657457],[-1.511464,49.662543],[-1.49592,49.672187],[-1.470123,49.695054],[-1.455719,49.702216],[-1.409495,49.711575],[-1.391265,49.712714],[-1.3368728200439082,49.70624672963749],[-1.2965206812895862,49.585619951969626],[-1.301422,49.581773],[-1.306264,49.558092],[-1.293609,49.538398],[-1.276519,49.520738],[-1.2720616333196446,49.512503229225366],[-1.250784920617845,49.44889962922267],[-1.2720264475806478,49.51243822203543],[-1.2615859999999994,49.49314999676709],[-1.2048671655490582,49.446474084874154],[-1.2502846847528115,49.44886821854924],[-1.2048667775257618,49.446473768801674],[-1.185292,49.430365],[-1.175689,49.415229],[-1.172231,49.393378],[-1.174224,49.382392],[-1.1787,49.374579],[-1.183258,49.369452],[-1.18517,49.3664],[-1.181996,49.356187],[-1.173818,49.357001],[-1.163075,49.361518],[-1.151723,49.362698],[-1.141021,49.356676],[-1.133453,49.349514],[-1.122874,49.345445],[-1.103424,49.349026],[-1.103424,49.355862],[-1.113759,49.36579],[-1.106353,49.379462],[-1.089589,49.391547],[-1.072255,49.396796],[-0.940419,49.392279],[-0.822133,49.362698],[-0.650787,49.355862],[-0.607981,49.347398],[-0.583363,49.345893],[-0.546946,49.358954],[-0.522532,49.355292],[-0.479482,49.34276],[-0.411122,49.34276],[-0.393625,49.338039],[-0.363433,49.325019],[-0.3131,49.317328],[-0.219472,49.280097],[-0.194081,49.295233],[-0.033844,49.320054],[-0.000294,49.330517],[0.012869,49.334621],[0.040294,49.350409],[0.06308,49.354478],[0.071951,49.35928],[0.095958,49.383734],[0.162364,49.415188],[0.286876,49.433621],[0.411306,49.452053],[0.457286,49.467434],[0.476573,49.478664],[0.493175,49.493598],[0.42213,49.464423],[0.33961,49.456732],[0.256847,49.464057],[0.185313,49.479967],[0.164806,49.479967],[0.147309,49.480943],[0.12436,49.485785],[0.104421,49.493598],[0.095958,49.503241],[0.092784,49.509263],[0.078624,49.51553],[0.075369,49.524075],[0.076589,49.53498],[0.079682,49.542182],[0.13087,49.603502],[0.170909,49.691636],[0.185883,49.703192],[0.23585,49.729315],[0.246755,49.729438],[0.256847,49.735907],[0.387462,49.775051],[0.397634,49.784369],[0.522797,49.832953],[0.557384,49.839789],[0.59669,49.857245],[0.674815,49.8758],[0.760916,49.875067],[1.172618,49.961005],[1.196951,49.973578],[1.221202,49.97899],[1.260997,50.007514],[1.391287,50.075181],[1.444102,50.117255],[1.455821,50.123603],[1.464529,50.132148],[1.486827,50.185045],[1.521007,50.214667],[1.555349,50.217719],[1.654307,50.186591],[1.664073,50.187079],[1.672537,50.192532],[1.672537,50.199368],[1.661957,50.19892],[1.655284,50.200507],[1.650076,50.204779],[1.644542,50.212388],[1.66505,50.212388],[1.66505,50.219794],[1.645681,50.220038],[1.625499,50.224311],[1.610037,50.232245],[1.603526,50.243476],[1.593923,50.256293],[1.551117,50.26968],[1.541515,50.277899],[1.543142,50.310004],[1.551524,50.349066],[1.572032,50.375678],[1.594981,50.372667],[1.610362,50.370673],[1.610362,50.376899],[1.555186,50.404771],[1.555186,50.411566],[1.573497,50.44538],[1.574229,50.492377],[1.579275,50.533149],[1.610362,50.548163],[1.583344,50.574693],[1.577891,50.588609],[1.573578,50.635565],[1.563162,50.67829],[1.562673,50.698961],[1.567638,50.716742],[1.588715,50.756293],[1.600108,50.770982],[1.605642,50.790025],[1.599294,50.812934],[1.583181,50.849799],[1.580821,50.863715],[1.580577,50.868801],[1.604828,50.881049],[1.613455,50.883368],[1.634288,50.884589],[1.653331,50.889106],[1.670177,50.900092],[1.699067,50.925605],[1.729828,50.943915],[1.921397,50.996772],[1.939301,50.994452],[1.973481,51.007148],[2.134044,51.019965],[2.305512,51.055406],[2.316091,51.059027],[2.324474,51.059882],[2.384451,51.055325],[2.466075,51.068793],[2.506684,51.080756],[2.521495,51.087388],[2.521821,51.087551],[2.542003,51.096869],[2.579926,51.104804],[2.715668,51.169501],[2.923595,51.246487],[3.124848,51.329657],[3.348969,51.375149],[3.349457,51.37523],[3.510916,51.407945],[3.525727,51.415595],[3.541352,51.416734],[3.604666,51.391059],[3.702159,51.373603],[3.734223,51.35578],[3.755544,51.350084],[3.795909,51.350084],[3.833995,51.343248],[3.858165,51.345445],[3.955821,51.371772],[3.969249,51.381659],[3.97462,51.401597],[3.984141,51.410468],[4.005707,51.409817],[4.029063,51.404202],[4.043468,51.398505],[4.050059,51.392239],[4.06129,51.376654],[4.07016,51.370551],[4.081309,51.36815],[4.105479,51.366116],[4.115489,51.360989],[4.121918,51.359361],[4.156505,51.357571],[4.173676,51.373725],[4.180024,51.377427],[4.199555,51.376044],[4.221528,51.367987],[4.222179,51.367743],[4.241059,51.356594],[4.249034,51.346666],[4.256114,51.328437],[4.272634,51.315823],[4.290782,51.305894],[4.302989,51.296088],[4.306651,51.28974],[4.308116,51.283637],[4.305431,51.276597],[4.298676,51.269599],[4.296723,51.267564],[4.30836,51.271226],[4.316417,51.276842],[4.330821,51.296088],[4.29713,51.305162],[4.289317,51.309149],[4.285411,51.31802],[4.286143,51.339667],[4.283051,51.350084],[4.275645,51.3581],[4.261078,51.369371],[4.257091,51.372504],[4.249034,51.384223],[4.246349,51.39643],[4.246837,51.406724],[4.244884,51.414496],[4.234711,51.419013],[4.222992,51.409491],[4.20102,51.405341],[4.111095,51.406968],[4.090343,51.411282],[4.07016,51.419013],[4.015147,51.44892],[3.99879,51.453111],[3.957042,51.455797],[3.943126,51.450385],[3.913422,51.415269],[3.90211,51.404934],[3.886729,51.399807],[3.850759,51.397366],[3.837901,51.392239],[3.827159,51.391059],[3.816417,51.39411],[3.789073,51.412177],[3.72877,51.430813],[3.689708,51.454291],[3.674001,51.45539],[3.632579,51.445705],[3.610037,51.445054],[3.553396,51.453111],[3.535411,51.459215],[3.520193,51.473375],[3.506847,51.489325],[3.494802,51.500922],[3.461925,51.518988],[3.45102,51.529731],[3.447032,51.545966],[3.45753,51.55508],[3.560395,51.594631],[3.828868,51.612738],[3.851085,51.610785],[3.866059,51.605414],[3.882172,51.596096],[3.896495,51.583808],[3.905772,51.569241],[3.895274,51.566596],[3.878266,51.559394],[3.871593,51.555569],[3.871593,51.549384],[3.967296,51.543118],[4.01588,51.530829],[4.05714,51.508368],[4.070323,51.492743],[4.090017,51.458238],[4.104828,51.445705],[4.128754,51.441352],[4.180837,51.445868],[4.20045,51.439521],[4.220225,51.443549],[4.252778,51.442532],[4.263845,51.444403],[4.283214,51.447699],[4.296723,51.470526],[4.288585,51.492133],[4.267751,51.508287],[4.239757,51.5185],[4.230479,51.519558],[4.194672,51.523586],[4.153331,51.535061],[4.13795,51.535875],[4.106293,51.533515],[4.091319,51.535061],[4.067231,51.544013],[3.988129,51.590277],[4.041189,51.606024],[4.067719,51.610663],[4.157237,51.607896],[4.18336,51.602932],[4.206879,51.590522],[4.207286,51.590277],[4.202647,51.609117],[4.189952,51.616685],[4.186127,51.616807],[4.146658,51.617865],[4.135997,51.620429],[4.125987,51.624701],[4.118012,51.630683],[4.112966,51.63939],[4.109874,51.650865],[4.10963,51.662299],[4.112641,51.670803],[4.125662,51.679633],[4.142914,51.684149],[4.176931,51.685858],[4.166352,51.692694],[4.141124,51.703925],[4.071544,51.71719],[4.05714,51.730292],[4.050792,51.763495],[4.033946,51.784247],[4.009776,51.797919],[3.981456,51.810004],[3.962576,51.801215],[3.937185,51.796332],[3.911388,51.796373],[3.891856,51.792955],[3.888194,51.788886],[3.881114,51.788072],[3.871593,51.788275],[3.862315,51.816067],[3.891368,51.828274],[3.954112,51.840155],[3.962657,51.847357],[3.982188,51.848293],[4.015636,51.843573],[4.043468,51.834215],[4.047618,51.833686],[4.055024,51.834215],[4.06544,51.837104],[4.077647,51.843573],[4.070079,51.852729],[4.044607,51.874498],[4.037852,51.877916],[4.032074,51.882025],[4.029796,51.888251],[4.031993,51.896064],[4.036632,51.901557],[4.04127,51.905504],[4.043468,51.908677],[4.040212,51.924058],[4.021169,51.963324],[4.01002,51.980129],[4.015636,51.987698],[4.022472,51.994371],[4.069021,51.987942],[4.107677,51.991889],[4.141856,52.005601],[4.284679,52.112942],[4.406912,52.223456],[4.508149,52.336371],[4.568614,52.445258],[4.577322,52.473578],[4.577322,52.480943],[4.596934,52.506578],[4.639334,52.70067],[4.657074,52.75019],[4.659841,52.765286],[4.669444,52.796576],[4.711681,52.863105],[4.721365,52.895941],[4.722423,52.914496],[4.72641,52.9383],[4.733897,52.958889],[4.745453,52.967597],[4.806977,52.961819],[4.816905,52.967597],[4.824392,52.96015],[4.809418,52.929592],[4.832774,52.911322],[4.87379,52.903957],[4.8964772039535545,52.90489664861313],[4.896477204670082,52.90489664619199],[4.913096999999999,52.90558499754935],[4.935801999999998,52.91339799755077],[4.978282,52.93569599755507],[4.999034,52.94033399755594],[5.0389100000000004,52.943507997556594],[5.078136000000001,52.95400599755859],[5.279470000000001,53.06293399757932],[5.284956921869163,53.06684450034873],[5.28495692022846,53.06684450159934],[5.2942,53.073432],[5.312755,53.082831],[5.358897,53.089342],[5.379242,53.097357],[5.39975,53.122056],[5.427094,53.190334],[5.447439,53.220893],[5.482595,53.245551],[5.504242,53.257025],[5.541026,53.266588],[5.557872,53.278022],[5.573497,53.291653],[5.591563,53.302802],[5.611827,53.307115],[5.659679,53.311957],[5.694591,53.330064],[5.854747,53.368801],[5.890798,53.384263],[5.913748,53.385403],[5.980805,53.406073],[6.077322,53.408922],[6.186046,53.410997],[6.273936,53.412665],[6.284353,53.410549],[6.301931,53.401109],[6.311534,53.398993],[6.320079,53.400702],[6.345551,53.412665],[6.494395,53.438707],[6.730235,53.460639],[6.829112,53.450588],[6.849783,53.444892],[6.866873,53.434272],[6.900564,53.351793],[6.905772,53.350491],[6.930024,53.340074],[6.931895,53.337592],[6.936697,53.335395],[6.941661,53.330715],[6.948578,53.326077],[6.980154,53.31977],[7.02003,53.306138],[7.037771,53.309638],[7.046235,53.30386],[7.058279,53.301947],[7.070079,53.303941],[7.078624,53.309638],[7.08546,53.309638],[7.08546,53.302802],[7.077485,53.298651],[7.073497,53.29564],[7.073741,53.291327],[7.078624,53.282945],[7.08074,53.266791],[7.111095,53.256334],[7.18336,53.245103],[7.194591,53.245022],[7.204438,53.248277],[7.215831,53.255601],[7.22462,53.262926],[7.233572,53.273627],[7.23699,53.285549],[7.229503,53.296576],[7.254731,53.319525],[7.268321,53.323676],[7.291515,53.32392],[7.313162,53.320502],[7.347667,53.307359],[7.366547,53.302802],[7.34254,53.324042],[7.302908,53.33275],[7.075206,53.337592],[7.038259,53.348578],[7.023611,53.37641],[7.023285,53.450507],[7.02768,53.467353],[7.047048,53.497707],[7.051443,53.5126],[7.059744,53.521715],[7.079356,53.521552],[7.11964,53.516303],[7.125011,53.524359],[7.134532,53.527411],[7.141775,53.537177],[7.139985,53.549791],[7.131114,53.556952],[7.101899,53.565741],[7.088878,53.573717],[7.086762,53.586859],[7.100922,53.597886],[7.133149,53.611274],[7.169444,53.635484],[7.188975,53.6435],[7.226085,53.66649],[7.305024,53.684801],[7.458832,53.695136],[7.469574,53.690741],[7.480235,53.682034],[7.503917,53.678656],[7.651378,53.696967],[7.951427,53.72191],[7.971583605112075,53.718423992803075],[8.028688609429862,53.68883625811871],[8.024913,53.672553],[8.052908,53.636298],[8.094086,53.604722],[8.127615,53.590766],[8.127615,53.584621],[8.119151,53.571926],[8.134613,53.56745],[8.156749,53.563666],[8.167979,53.553209],[8.164887,53.535224],[8.155447,53.526028],[8.1338,53.516303],[8.115733,53.510728],[8.076345,53.508612],[8.058767,53.502021],[8.076996,53.468695],[8.086192,53.456122],[8.099783,53.447414],[8.112478,53.451077],[8.123871,53.454006],[8.140636,53.453599],[8.152354,53.449774],[8.171397,53.436591],[8.178559,53.433743],[8.186697,53.429511],[8.194835,53.420111],[8.205333,53.410712],[8.219737,53.40644],[8.236501,53.406724],[8.248709,53.408393],[8.259451,53.412299],[8.271739,53.419501],[8.292817,53.440497],[8.315115,53.474921],[8.320486,53.509223],[8.291515,53.529364],[8.252208,53.523098],[8.231212,53.525214],[8.233165,53.539862],[8.24171,53.556301],[8.248871,53.590277],[8.257335,53.604438],[8.270681,53.61286],[8.287608,53.616889],[8.329356,53.618109],[8.348481,53.61286],[8.363292,53.600572],[8.375499,53.5869],[8.387706,53.577135],[8.428071,53.564765],[8.513438,53.554755],[8.552094,53.543606],[8.552094,53.5362],[8.528168,53.523912],[8.506196,53.507961],[8.490001,53.486396],[8.483897,53.457343],[8.485037,53.40119],[8.490896,53.376451],[8.504405,53.358059],[8.507335,53.382799],[8.496755,53.445258],[8.497569,53.474758],[8.512869,53.496487],[8.535818,53.506171],[8.556651,53.518215],[8.565766,53.546698],[8.560802,53.551703],[8.535167,53.590766],[8.527517,53.596625],[8.5171,53.610175],[8.508311,53.625149],[8.501231,53.644192],[8.487071,53.666938],[8.483897,53.68358],[8.486095,53.700426],[8.492198,53.715155],[8.529633,53.770697],[8.556163,53.830959],[8.573253,53.857652],[8.587576,53.870429],[8.607107,53.881537],[8.629242,53.88939],[8.651866,53.892483],[8.672699,53.891588],[8.684581,53.888495],[8.709158,53.871975],[8.74464,53.854153],[8.782481,53.842475],[8.860688,53.831],[8.903575,53.831732],[8.976248,53.842434],[9.016287,53.840522],[9.035004,53.853583],[9.114513,53.865139],[9.193614,53.864691],[9.210704,53.871975],[9.224294,53.865912],[9.240733,53.864163],[9.274669,53.865139],[9.283376,53.86164],[9.305349,53.84455],[9.40268,53.742418],[9.442882,53.714301],[9.470958,53.700629],[9.484711,53.69009],[9.498383,53.659857],[9.567068,53.599595],[9.582367,53.591295],[9.600922,53.58633],[9.624766,53.584621],[9.637218,53.581],[9.696625,53.556627],[9.764008,53.547675],[9.819021,53.540351],[9.832042,53.543606],[9.819591,53.556627],[9.782074,53.569729],[9.692393,53.575914],[9.655772,53.584621],[9.583669,53.612454],[9.550792,53.634589],[9.539073,53.66649],[9.536143,53.693752],[9.533943736376175,53.70355803565605],[9.670302665388814,53.597155097099375],[9.533939929402347,53.70357501012],[9.532237,53.711168],[9.522227,53.71662],[9.521723055011785,53.71678682257639],[9.513536980571986,53.71949672325551],[9.396912656929132,53.8105005404654],[9.396658,53.811021],[9.395193,53.831],[9.36953902711647,53.83701275984118],[9.36009820884257,53.839225492924584],[9.237074076083465,53.93520993005115],[9.360074108920708,53.839231140607616],[9.358735,53.839545],[9.295584,53.871894],[9.257823,53.885565],[9.22047,53.890774],[9.093435,53.892483],[9.055431,53.902899],[9.029959,53.907131],[9.018321,53.902737],[9.007823,53.892483],[8.98463,53.89704],[8.949474,53.912909],[8.91900070854457,53.93522644042969],[8.919000748125368,53.93522644042969],[8.916241379711487,53.937247264368196],[8.916026,53.937405],[8.833344001527076,54.036443998170824],[8.871836999999998,54.04694199775616],[8.890636000000002,54.047796997756336],[8.914561,54.04389099775562],[8.953868,54.02830599775304],[8.975352000000003,54.02407499775233],[8.997244,54.03021899775333],[9.004893,54.0411639977552],[9.013031000000003,54.06098099775856],[9.018564999999999,54.08242399776222],[9.01856499996672,54.08242399987105],[9.018565,54.082424],[9.018321,54.09788599776481],[9.018321,54.097886],[9.006684,54.10814],[8.988129,54.117865],[8.974457000469883,54.12807899964896],[8.977305999999997,54.13947199777182],[8.977305999999997,54.139471999999984],[8.977305999999997,54.139472002228146],[8.977305999999999,54.145696997772895],[8.977306,54.145697],[8.952891,54.150092],[8.917979,54.146308],[8.885427,54.13703],[8.867442,54.12519],[8.860688,54.12519],[8.833344,54.153144],[8.815684,54.175605],[8.812836000532137,54.18048699908782],[8.81969991291789,54.19737266214827],[9.258625394265964,54.19737266214827],[9.288848419575691,54.19624518001297],[9.318623888968927,54.192872527382356],[9.33208851727358,54.190284099056434],[9.339174346787377,54.16926947385645],[9.344338435445719,54.14386744643075],[9.344492644971192,54.14182133485243],[9.372798568833565,54.13638905111686],[9.409219666236801,54.12535796152504],[9.447035247213023,54.111637992849595],[9.485276875328653,54.095003290616866],[9.513116516576488,54.080707453052845],[9.53595385533424,54.07432437810777],[9.549815412062166,54.069129216942684],[9.691078234650547,53.95855921242313],[9.697992964772348,53.94575766075329],[9.71904409631476,53.935497890559624],[9.723987027022872,53.9327988771361],[9.804858457375229,53.869491476446086],[9.811228856430946,53.862350975077256],[9.826000720893639,53.841695876304456],[9.83283560452242,53.829454966489656],[9.866133007076794,53.82571234357108],[9.898881539827261,53.81908869998323],[9.930329489610061,53.809701674662605],[9.967901257962533,53.79655339187428],[9.994873182952812,53.78579616949293],[10.020255688042488,53.77297108309605],[10.043819314451708,53.75819491476565],[10.065351369737293,53.74160212955959],[10.084657852947705,53.72334361818071],[10.097091416852578,53.71029075349231],[10.114454091393151,53.68993487808884],[10.129109915616409,53.66818594056346],[10.140920165822282,53.64525296531345],[10.14977360636358,53.621356138372626],[10.155587490196918,53.59672466286878],[10.158308278345086,53.5715945358768],[10.157912074185413,53.54620626913723],[10.154404771413818,53.520802576296056],[10.149776869618348,53.50310370540435],[9.670378537327027,53.597127003461964],[11.046928405761719,53.32708740234375],[11.132898330688477,53.32708740234375],[12.330761909484863,52.99003219604492],[12.328516006469727,52.85536575317383],[12.155176162719727,52.720787048339844],[12.15316104888916,52.586299896240234],[12.323015213012695,52.51908493041992],[12.318733215332031,52.250450134277344],[13.250382423400879,51.98215103149414],[13.158100128173828,51.64724349975586],[13.327818870544434,51.64724349975586],[13.32482624053955,51.51342010498047],[13.494375228881836,51.51342010498047],[13.406560897827148,51.37968063354492],[13.741982460021973,51.24601745605469],[13.735424995422363,50.97892379760742],[13.224713325500488,50.77880859375],[12.29633617401123,50.71213912963867],[12.2103853225708,50.578861236572266],[11.957094192504883,50.51224899291992],[11.955707550048828,50.37908172607422],[11.703483581542969,50.37908172607422],[10.693949699401855,49.58156967163086],[10.4442720413208,48.91886520385742],[10.610790252685547,48.852684020996094],[10.610919952392578,48.72037124633789],[11.02651596069336,48.72037124633789],[11.609875679016113,48.98506164550781],[11.694007873535156,49.11750411987305],[12.11134147644043,49.18375015258789],[12.938261032104492,48.72037124633789],[13.518885612487793,48.654239654541016],[14.257559776306152,48.257774353027344],[14.507759094238281,48.323814392089844],[14.6702241897583,48.191749572753906],[14.91871452331543,48.191749572753906],[14.915191650390625,48.059749603271484],[16.14301109313965,47.664100646972656],[16.138551712036133,47.53233337402344],[16.22102928161621,47.53233337402344],[16.12752342224121,47.20316696166992],[16.207611083984375,47.13737487792969],[16.04092025756836,47.07159423828125],[16.036643981933594,46.94007873535156],[16.11881446838379,46.94007873535156],[16.034515380859375,46.87434005737305],[16.019739151000977,46.414546966552734],[16.101640701293945,46.414546966552734],[16.009300231933594,46.08650588989258],[16.170631408691406,46.02093505859375],[16.166351318359375,45.889827728271484],[16.569950103759766,45.75876998901367],[16.486114501953125,45.693260192871094],[16.551647186279297,45.23500442504883],[16.219921112060547,45.03877639770508],[15.982434272766113,45.23500442504883],[15.819802284240723,45.23500442504883],[15.803844451904297,44.71194839477539],[16.19840431213379,44.38538360595703],[16.268434524536133,44.05907440185547],[16.429935455322266,44.05907440185547],[16.819412231445312,43.6678352355957],[16.98054313659668,43.6678352355957],[17.021988419608938,43.61872584024361],[17.031725100375095,43.61558688127471],[17.057029501656825,43.60486176011394],[17.08057647318834,43.592161792598695],[17.088470950257065,43.587392402578956],[17.108743735214844,43.573803418066746],[17.11040670324663,43.57243510332974],[17.112640951949707,43.57133926686543],[17.13574678307258,43.558620443541194],[17.156888181362053,43.544106908796486],[17.175860179479493,43.52794017057348],[17.234303399352534,43.47238787599094],[17.25621930990946,43.45974292920462],[17.277544381585866,43.444309170902656],[17.29649420043646,43.42714956865315],[17.311379604139045,43.41014823061207],[17.315790846403026,43.407346997547684],[17.323275778932537,43.40204826876848],[17.341143977085842,43.38810753926463],[17.346429086275155,43.38309216675254],[17.34994203314623,43.38099089824679],[17.46954175933062,43.33557868915069],[17.49533167061714,43.324385285681714],[17.519235332865595,43.31112264310606],[17.5410017339603,43.295930693776214],[17.55875023987715,43.28041424914632],[17.558771765044966,43.28040871025664],[17.585014191786563,43.27118982717164],[17.609680899487756,43.25993491891873],[17.63252786144065,43.24675578582844],[17.632730759571416,43.246609745456105],[17.655245629189473,43.23915550748514],[17.67961265581938,43.22866480115681],[17.702312918148092,43.21632573713205],[17.723134066261,43.20225428019693],[17.741881574007724,43.18658262712298],[17.75838055282805,43.16945794620814],[17.77247737245784,43.15104097643933],[17.784041073936976,43.13150450032525],[17.78603070347888,43.12693963012388],[17.795465411181848,43.12230916396942],[17.818930206801767,43.10731554886999],[17.838138494968433,43.102508534935616],[17.864678928448765,43.093366659291],[17.889630583108257,43.082147946207726],[17.912742049466246,43.06896588963868],[17.9337807238037,43.053953799924386],[17.95253515165955,43.037263434462226],[17.958794807592362,43.03102978059856],[17.96705039814139,43.0218226415661],[17.980072328782988,43.017925345188964],[17.98930354790301,43.014245871061604],[17.99324156033305,43.013625211987176],[18.02014023404018,43.007162772139104],[18.0458491975988,42.99868571566279],[18.070128580045093,42.98827339451433],[18.092752047979488,42.97602325043512],[18.113508926138486,42.96204988768491],[18.13220616287522,42.946483983851074],[18.14867012209614,42.929471049734296],[18.154161696745707,42.9223321722471],[18.15643924636212,42.92188957069576],[18.18356458877925,42.91422763354089],[18.20929857406286,42.904469328276136],[18.23338655726728,42.892711560432204],[18.25559041836624,42.879071056261786],[18.27569092402743,42.863683185077015],[18.293489891577906,42.84670059544508],[18.29363451023226,42.84652684306903],[18.295655465264243,42.846258459459364],[18.32228591828358,42.841700400501516],[18.348008671794247,42.83522875709269],[18.372601081076564,42.82689970191352],[18.39585043710706,42.81678551472151],[18.41755582001366,42.80497394414768],[18.437529843744617,42.791567433712515],[18.455600276520833,42.77668221933802],[18.461535729809402,42.77126246266287],[18.47817395826604,42.75431605259906],[18.492420510140104,42.736063293030966],[18.504142691188225,42.71667583040364],[18.505768432823587,42.71303750118312],[18.567837971597086,42.68318682884023],[18.58067931852779,42.68837379323487],[18.608534417669894,42.69726540697654],[18.637140401222453,42.704122698066634],[18.666224730173905,42.70888024966299],[18.695510269782947,42.71149266860175],[18.724717968293927,42.71193502649576],[18.753569554212092,42.71020310207091],[18.781790224578913,42.70631342220953],[18.809111296834462,42.70030310127156],[18.835272797337527,42.69222948037271],[18.860025960424224,42.68216957038383],[18.883135613007155,42.67021930445183],[18.904382421125735,42.656492607801916],[18.923564976529345,42.641120294439986],[18.937030597560415,42.62770653832539],[18.944318771362305,42.62621307373047],[18.944017001205026,42.619843429416726],[18.955032566426585,42.60603877844541],[18.967020567176558,42.58666353271269],[18.976353011144433,42.56630736874615],[18.98294253901428,42.54516381581425],[18.986727911246383,42.52343377498068],[18.986761662959086,42.522644733161975],[18.99288763782959,42.510672387501096],[18.99416972616983,42.50700485602917],[19.01117031000915,42.50225431220397],[19.036212725438695,42.49290529384014],[19.050624767601565,42.4867901239018],[19.073455342008224,42.47589980283923],[19.094625757944435,42.46331881356904],[19.11394915044036,42.449158753334494],[19.131255179175074,42.433545180220435],[19.146391524176348,42.41661648432113],[19.159225214820246,42.39852264558207],[19.167908547682167,42.38463336591193],[19.1771205598058,42.36784759148173],[19.19065445618662,42.35746831636528],[19.204316422237344,42.34573136824216],[19.21103465259953,42.343293073886564],[19.23528718789122,42.331894866232915],[19.25768657100368,42.31859926247839],[19.27801110300526,42.30353850280797],[19.296059897706204,42.286862326120186],[19.29675784269195,42.28605111045557],[19.302022844352493,42.28226236749154],[19.309423500871944,42.276393628843124],[19.32777536691939,42.26015827604427],[19.343746587296465,42.24246344343022],[19.357182371487713,42.22348206476481],[19.365856034625185,42.20730912967076],[19.371821271786562,42.20272619059052],[19.389936228837097,42.18523696889825],[19.405406119181137,42.16624663245462],[19.418069022472814,42.14595577171534],[19.424344146085705,42.13216004140969],[18.93237768000138,42.365996707186824],[19.47878074645996,42.10627746582031],[19.48257900223093,42.09572187567409],[19.489464825135762,42.09550184158158],[19.518862062872202,42.09222564138681],[19.54737853358082,42.086664777950006],[19.574722155975326,42.078876345803565],[19.592965803476012,42.0728020178834],[19.612461875240555,42.06557586111295],[19.62212406524839,42.06121428406574],[19.691519356889234,42.0397986019099],[19.695230913041808,42.039198758493384],[19.723184059059292,42.0322341444859],[19.74977592839769,42.02306802725462],[19.7747318035399,42.011795409972045],[19.797794112940085,41.99853309669678],[19.803798725605713,41.994197060271816],[19.898473739624023,42.496177673339844],[19.825267791748047,42.62621307373047],[19.988920211791992,42.691246032714844],[20.09383201599121,43.146724700927734],[20.174156188964844,43.146724700927734],[20.181367874145508,43.276947021484375],[19.950815200805664,43.472347259521484],[19.95791244506836,43.6026611328125],[20.122600555419922,43.6678352355957],[20.148086547851562,44.12431716918945],[19.909313201904297,44.18956756591797],[19.846254348754883,44.5159797668457],[19.370576858520508,44.71194839477539],[19.37734603881836,44.842647552490234],[19.22174644470215,44.973392486572266],[18.890594482421875,44.842647552490234],[18.656532287597656,45.03877639770508],[18.747180938720703,45.23500442504883],[19.15045738220215,45.169586181640625],[19.23841667175293,45.300437927246094],[20.218318939208984,45.36587905883789],[20.369718551635742,45.169586181640625],[20.609695434570312,45.10417556762695],[20.52076530456543,44.973392486572266],[20.671459197998047,44.77729415893555],[21.409656524658203,44.908016204833984],[21.48239517211914,44.77729415893555],[21.960176467895508,44.64661407470703],[21.955795288085938,44.58129119873047],[22.194320678710938,44.5159797668457],[22.369874954223633,44.71194839477539],[22.694124221801758,44.71194839477539],[22.76578712463379,44.58129119873047],[22.518192291259766,44.5159797668457],[22.509014129638672,44.38538360595703]],[[27.328767776489258,42.36617660522461],[27.174896240750957,42.43117141701813],[27.174896240234375,42.43117141151154],[27.328767775969684,42.36617659969103],[27.328767776489258,42.36617660522461]],[[28.794937133789062,44.908016204833984],[28.79493713407687,44.908016202780274],[28.802005767822266,44.973392481881305],[28.802005767292975,44.97339248167697],[28.794937133789062,44.908016204833984]],[[28.576906204223633,44.38538360595703],[28.53555679321289,43.99384307861328],[28.53555679374852,43.99384307861328],[28.576906204223633,44.385383601040026],[28.57693033418132,44.38540152447908],[28.576906204223633,44.38538360595703]],[[28.48109245300293,43.472347259521484],[28.159194946289062,43.472347259521484],[28.159194949013447,43.47234725423765],[28.481092453002923,43.47234725423765],[28.616275787353512,43.993843073541356],[28.61627578603876,43.993843073541356],[28.48109245300293,43.472347259521484]],[[27.89820098876953,43.276947021484375],[27.80489730834961,43.146724700927734],[27.80489730885362,43.146724696211976],[27.898200988769528,43.27694701611964],[27.898508535699428,43.27700805431946],[27.89820098876953,43.276947021484375]],[[27.84657709456912,42.756267413103394],[27.84662628173828,42.75628661550922],[27.846626281165335,42.75628662087001],[27.84657709456912,42.756267413103394]],[[27.513538360595703,42.62621307373047],[27.513538205576236,42.626211452376204],[27.513538360595692,42.6262130680901],[27.513633723861844,42.62625031386296],[27.513538360595703,42.62621307373047]],[[27.494890213012695,42.43117141723633],[27.494890213525395,42.431171416904405],[27.494890309120404,42.43117242243036],[27.494890213012695,42.43117141723633]],[[27.783546447753906,42.10627746582031],[27.78354644827344,42.10627746536168],[27.783548155427873,42.10629523700362],[27.783546447753906,42.10627746582031]],[[28.004253310888313,41.91144100408877],[28.004253387451172,41.91144179702507],[28.004253386925118,41.91144179748946],[28.004253310888313,41.91144100408877]],[[27.979368209838867,41.65177917480469],[27.979368210418517,41.65177917480469],[27.979368374840277,41.65178089650023],[27.979368209838867,41.65177917480469]],[[28.96312141418457,41.132843017578125],[28.963121414810107,41.13284301760488],[28.96312415371355,41.132870744808464],[28.96312141418457,41.132843017578125]],[[24.34656524658203,41.00318908691406],[24.010608673095703,40.74397277832031],[24.010162072183675,40.744065347837186],[24.010608673095703,40.7439727718341],[24.346565246582028,41.00318908054835],[24.348579425702216,41.00310222065454],[24.34656524658203,41.00318908691406]],[[23.698017120361328,40.80876541137695],[23.684629440307617,40.614410400390625],[23.68462944074588,40.61441040020623],[23.698017120361328,40.80876540492096],[23.698509120560516,40.80866343169103],[23.698017120361328,40.80876541137695]],[[23.838574598382976,40.549638208994764],[23.838575363159173,40.54964064894029],[23.838575361342116,40.549640649704784],[23.838574598382976,40.549638208994764]],[[23.73737335205078,40.225894927978516],[23.736583965220433,40.22600362692009],[23.73737335205079,40.225894921248],[23.737374065564087,40.22589721051106],[23.73737335205078,40.225894927978516]],[[23.267255783081055,40.29063034057617],[22.884185791424407,40.48487472513452],[22.884185791015625,40.48487471873396],[23.267255783081055,40.290630333876415],[23.26781185139987,40.29055376970449],[23.267255783081055,40.29063034057617]],[[22.55951499938965,40.355369567871094],[22.543659210205078,40.0964469909668],[22.54365921062102,40.0964469909668],[22.559514999389645,40.35536956120208],[22.559516895514957,40.355374719954206],[22.55951499938965,40.355369567871094]],[[22.610868453979492,39.90232849121094],[22.610868456272264,39.90232848923125],[22.610872677433147,39.90233752084715],[22.610868453979492,39.90232849121094]],[[22.816326141357422,39.38497543334961],[22.797286987304688,39.06184005737305],[22.797286987744886,39.06184005754969],[22.81632614135742,39.384975426213444],[22.83672324558449,39.38911110439721],[22.816326141357422,39.38497543334961]],[[22.935583114624023,38.738853454589844],[22.935583117681404,38.7388534537374],[22.935586034819895,38.73885975301749],[22.935583114624023,38.738853454589844]],[[23.9786319732666,37.835243225097656],[23.978450288323316,37.83530884998709],[23.978631973266594,37.83524321718944],[23.978632066066908,37.83524475595576],[23.9786319732666,37.835243225097656]],[[23.44280242919922,38.028785705566406],[23.208162307739258,38.028785705566406],[23.20816213731754,38.0287827055588],[23.20816230773926,38.02878569775605],[23.442802429199215,38.02878569775605],[23.44288982413875,38.028754138375746],[23.44280242919922,38.028785705566406]],[[21.696598052978516,37.51277160644531],[21.24358177490661,37.83524322292228],[21.24358177185058,37.83524321718944],[21.69659805103817,37.512771599754494],[21.696598052978516,37.51277160644531]],[[21.738431930541992,38.351463317871094],[21.73788196749156,38.35152843636545],[21.738431930155716,38.35146331026884],[21.738431930541992,38.351463317871094]],[[21.19325065612793,38.416015625],[20.973709106445312,38.738853454589844],[20.973291678182694,38.73896948512505],[20.97370910644531,38.73885344713528],[21.193250656127926,38.41601561738437],[21.193973521002857,38.41593003402759],[21.19325065612793,38.416015625]],[[20.741353992764065,38.80344009284987],[20.74135398864746,38.80344008657164],[20.741762343480072,38.803326585556825],[20.741353992764065,38.80344009284987]],[[20.009418487548828,39.9670295715332],[19.62952995300293,40.29063034057617],[19.47136878997814,40.29063034057617],[19.47136878967285,40.290630333876415],[19.629529953002926,40.290630333876415],[20.009418487238484,39.967029564943324],[20.009418487548828,39.9670295715332]],[[19.523332595825195,41.39224624633789],[19.443790439884843,41.39224624633789],[19.44379043579102,41.3922462401507],[19.52333259173394,41.3922462401507],[19.523332595825195,41.39224624633789]],[[18.85202980041504,42.36617660522461],[18.851891580613277,42.36622220526163],[18.85202980041504,42.366176599471565],[18.85218462439152,42.36604551293469],[18.85202980041504,42.36617660522461]],[[18.457979206108327,42.49617767207371],[18.457979202270508,42.49617766764327],[18.458120788161875,42.49613096279761],[18.457979206108327,42.49617767207371]],[[18.93199920654297,42.36617660522461],[18.931999206809454,42.36617660509794],[18.932000219048465,42.366197976787454],[18.93199920654297,42.36617660522461]],[[18.380830764770508,42.56119155883789],[18.300773620854546,42.56119155883789],[18.30077362060546,42.56119155316948],[18.380830764770504,42.56119155316948],[18.383716583251946,42.6262130680901],[18.38371658300162,42.6262130680901],[18.380830764770508,42.56119155883789]],[[18.226377487418997,42.691246032515856],[18.229217529296868,42.75628661550922],[18.2292175290559,42.75628661557517],[18.226377487182617,42.691246032714844],[18.226377487418997,42.691246032515856]],[[17.911367416381836,42.82133865356445],[17.831192016832567,42.82133865356445],[17.831192016601562,42.821338648007654],[17.911367416381832,42.821338648007654],[17.91410064697265,42.88639830990059],[17.914100646740373,42.88639830990059],[17.911367416381836,42.82133865356445]],[[17.365039192967775,43.211738183211736],[17.36538314819336,43.21183013376823],[17.365383144480603,43.21183013816756],[17.365039192967775,43.211738183211736]],[[16.734172821044922,43.53750228881836],[16.575437545776367,43.6026611328125],[16.575240761725464,43.60262157986434],[16.575437545776364,43.60266112758224],[16.734172820859804,43.53750228363735],[16.734172821044922,43.53750228881836]],[[16.01169204711914,43.6026611328125],[16.01127045734185,43.603192821133],[16.011692045252286,43.60266112993664],[16.01169204711914,43.6026611328125]],[[15.856636047363281,43.79821014404297],[15.695383071899414,43.79821014404297],[15.618592262268066,43.92862319946289],[15.61840362636677,43.928572761425016],[15.618592262268068,43.928623194364754],[15.695383071899412,43.79821013889228],[15.856636047363287,43.79821013889228],[15.857176151319303,43.79752899146114],[15.856636047363281,43.79821014404297]],[[15.459075927734375,43.99384307861328],[15.458797495487211,43.99391863329224],[15.459075924943383,43.993843074298766],[15.459075927734375,43.99384307861328]],[[14.91874885559082,44.973392486572266],[14.918680150897183,44.97341478446851],[14.918748855473543,44.973392481919376],[14.91874885559082,44.973392486572266]],[[14.603090286254883,45.36587905883789],[14.196189880371094,45.36587905883789],[14.196189866538862,45.36587839146627],[14.19618988037109,45.36587905429321],[14.60309028473863,45.36587905429321],[14.603090286254883,45.36587905883789]],[[13.714865684509277,45.75876998901367],[13.714516384137267,45.758810137245895],[13.71486568443154,45.758769984620635],[13.714865684509277,45.75876998901367]],[[13.144780158996582,45.82429504394531],[13.14477771063384,45.824289336204345],[13.144780158996582,45.82429503956677],[13.145722998818629,45.82418667488775],[13.144780158996582,45.82429504394531]],[[12.816752433776855,45.693260192871094],[12.652192115783691,45.56227111816406],[12.651930911078061,45.56223617278375],[12.652192115783693,45.562271113691175],[12.816752433776852,45.69326018844561],[12.817911262046175,45.69294876936481],[12.816752433776855,45.693260192871094]],[[12.162785530090332,45.496795654296875],[12.16278553009033,45.49679564980017],[12.163200530365625,45.49685117528152],[12.162785530090332,45.496795654296875]],[[12.157197952270508,44.842647552490234],[12.157197952270504,44.84264754774969],[12.157495232545989,44.84256750462063],[12.157197952270508,44.842647552490234]],[[13.033763885498047,43.73301696777344],[13.033763885571968,43.733016967758445],[13.033763921264644,43.73301946027866],[13.033763885498047,43.73301696777344]],[[13.901384353637695,42.75628662109375],[13.90138435503292,42.7562866187536],[13.901387988025938,42.75629506671033],[13.901384353637695,42.75628662109375]],[[14.765887260437012,42.041324615478516],[14.76588726057429,42.04132461542211],[14.7658872834019,42.04132558641859],[14.765887260437012,42.041324615478516]],[[16.114879608154297,41.781593322753906],[15.87384033203125,41.71668243408203],[15.873840333264647,41.716682428373694],[16.114879608154293,41.78159331674254],[16.11888313293457,41.91144179702507],[16.118883132751012,41.91144179702507],[16.114879608154297,41.781593322753906]],[[16.45665168762207,39.9670295715332],[16.44725799560547,39.64360046386719],[16.447257995807455,39.64360046381148],[16.45665168762207,39.96702956467896],[16.456731092327033,39.96707224151595],[16.45665168762207,39.9670295715332]],[[16.502395629882812,38.80344009399414],[16.491945266723633,38.416015625],[16.49193705993676,38.41600899495128],[16.49194526672363,38.41601561738437],[16.502395629882812,38.80344008657164],[17.13830184936523,39.06184005007836],[17.1383018479369,39.06184005679265],[16.502395629882812,38.80344009399414]],[[12.131669044494629,42.041324615478516],[11.812841415405273,42.10627746582031],[11.654799461364746,42.36617660522461],[11.654620092486468,42.3661038865832],[11.654799461364748,42.366176599471565],[11.812841415405273,42.10627745995325],[12.131669044494625,42.041324609582745],[12.131669044494629,42.041324615478516]],[[11.01634693145752,42.82133865356445],[11.013050680474974,42.82312232051761],[11.016346931457521,42.821338648007654],[11.01634693145752,42.82133865356445]],[[9.969700813293457,44.12431716918945],[9.7273588180542,44.12431716918945],[9.159077644348145,44.45067596435547],[9.158395187512156,44.450614720993045],[9.159077644348143,44.45067595946399],[9.7273588180542,44.1243171641695],[9.969700810206344,44.1243171641695],[9.969700813293457,44.12431716918945]],[[8.431501388549805,44.38538360595703],[8.033902168273926,43.92862319946289],[7.150246143341064,43.73301696777344],[7.150118260061114,43.73285785331838],[7.1502461433410645,43.73301696259628],[8.033902168273924,43.928623194364754],[8.431501388549803,44.385383601040026],[8.43210307956292,44.385437601431676],[8.431501388549805,44.38538360595703]],[[6.67255163192749,43.472347259521484],[6.517646789550781,43.211830139160156],[6.278174877166748,43.146724700927734],[5.796233177185059,43.146724700927734],[5.631923198699951,43.276947021484375],[5.390771865844727,43.276947021484375],[5.386905193328857,43.407203674316406],[5.386431369250263,43.407298988765575],[5.3869051933288565,43.40720366900566],[5.3907718658447275,43.27694701611964],[5.631923198699952,43.27694701611964],[5.796233177185058,43.14672469550853],[6.278174877166746,43.14672469550853],[6.51764678955078,43.21183013376823],[6.672551631927489,43.47234725423765],[6.673742668633304,43.47258934548227],[6.67255163192749,43.472347259521484]],[[3.116764783859253,41.911441802978516],[2.572504997253418,41.586883544921875],[2.333626985549927,41.586883544921875],[2.106574535369873,41.32738494873047],[1.238392949104309,41.19768524169922],[0.695793092250824,40.93837356567383],[0.6957930925749994,40.93837355943299],[1.2383929491043093,41.1976852354231],[2.1065745353698726,41.327384942513675],[2.3336269855499276,41.586883538822974],[2.572504997253419,41.586883538822974],[3.116764783859253,41.91144179702507],[3.1167655249727853,41.911447300928245],[3.116764783859253,41.911441802978516]],[[0.247769102454185,40.42012023925781],[0.182543575763702,40.16116714477539],[-0.126465529203415,40.031734466552734],[-0.345421016216278,39.70827102661133],[-0.34542101586422275,39.708271020152466],[-0.126465529203415,40.03173445972953],[0.18254357576370198,40.16116713801404],[0.247769102454185,40.420120232619425],[0.7092562913894649,40.6791877681417],[0.7092562910606027,40.67918777447359],[0.247769102454185,40.42012023925781]],[[-0.660861134529114,38.28691864013672],[-0.803495347499847,38.028785705566406],[-0.8034953461366563,38.02878570022309],[-0.6608611345291138,38.28691863245637],[0.099359586834908,38.73885344713528],[0.09935958197161937,38.73885345169872],[-0.660861134529114,38.28691864013672]],[[-1.708719491958618,37.44829177856445],[-1.708719487205778,37.448291771375665],[-1.7085719430200583,37.44832020985201],[-1.708719491958618,37.44829177856445]],[[-5.831079006195068,36.2239875793457],[-6.063849925994873,36.2239875793457],[-6.063858605063741,36.2240022775276],[-6.063849925994873,36.22398757061187],[-5.831079006195069,36.22398757061187],[-5.830997336718473,36.2238941133438],[-5.831079006195068,36.2239875793457]],[[-6.330093860626221,36.67487716674805],[-6.330094384732256,36.6748841124059],[-6.33009386062622,36.67487715824678],[-6.330089643031725,36.674870024164896],[-6.330093860626221,36.67487716674805]],[[-6.349542140960693,36.932613372802734],[-6.3506887710247355,36.93292326872993],[-6.3495421409606925,36.93261336443394],[-6.349541847595475,36.93260948501229],[-6.349542140960693,36.932613372802734]],[[-8.70113754272461,37.12596130371094],[-8.701806648344524,37.125674025256714],[-8.70113754272461,37.12596129544134],[-8.700889216146406,37.12593002063775],[-8.70113754272461,37.12596130371094]],[[-9.20852279663086,38.416015625],[-9.208523088844748,38.41601870841216],[-9.208522796630856,38.41601561738437],[-9.208126460929435,38.416081943348516],[-9.20852279663086,38.416015625]],[[-8.65738296508789,42.36617660522461],[-8.657412090205467,42.36619008782627],[-8.657382970244253,42.366176601859564],[-8.65738296508789,42.36617660522461]],[[-7.343485832214355,43.6026611328125],[-7.343485829972941,43.60266113194198],[-7.343447427007514,43.60273582892742],[-7.343485832214355,43.6026611328125]],[[-1.267958283424377,44.25482940673828],[-1.2679587810459427,44.25483647460478],[-1.267958283773927,44.25482940673828],[-1.267958283424377,44.25482940673828]],[[-1.205376982688904,44.5159797668457],[-1.2053771458145157,44.51598206063144],[-1.20537698303423,44.5159797668457],[-1.205376982688904,44.5159797668457]],[[-1.170574903488159,45.169586181640625],[-1.1705753070866087,45.169591801249894],[-1.1705749038195064,45.169586181640625],[-1.170574903488159,45.169586181640625]],[[-1.031213998794556,45.496795654296875],[-1.0312144628239417,45.4968021348457],[-1.0312139991070568,45.49679565416753],[-1.031213998794556,45.496795654296875]],[[-1.045281529426575,45.693260192871094],[-1.2131423930273666,45.7587699882362],[-1.213142395019531,45.758769984611696],[-1.0452815294265747,45.69326018844561],[-1.045280877431867,45.69325108723324],[-1.045281529426575,45.693260192871094]],[[-2.139080047607422,47.13737487792969],[-2.1390920694452347,47.137391861795344],[-2.1390800481418397,47.137374874754066],[-2.139080047607422,47.13737487792969]],[[4.970867156982422,52.653533935546875],[5.388438879519482,52.854216574803246],[4.97320631965208,52.65465855132338],[4.970647847136561,52.65427498075007],[4.970867156982422,52.653533935546875]],[[5.390830039978027,52.85536575317383],[5.385728359222412,52.99003219604492],[5.3856772917590305,52.990071121852075],[5.385728359222412,52.99003219361041],[5.390830039886485,52.85536575312983],[5.390830039978027,52.85536575317383]]],[[[29.884613,41.148993],[30.136892,41.143785],[30.165212,41.146633],[30.180024,41.151557],[30.203461,41.164496],[30.217052,41.167141],[30.22641,41.172919],[30.233653,41.184475],[30.236100577648774,41.187286706740174],[30.247931608982157,41.187792704804295],[30.248302,41.187567],[30.2486381176607,41.18782292127601],[30.351392248116465,41.19221758389046],[30.369965,41.181342],[30.530019860692978,41.15226599566199],[30.53001986952866,41.152265987759876],[30.699228999999992,41.121526993688875],[30.732431999999996,41.09943299367867],[30.748057000000003,41.09198599367523],[30.83326299999999,41.079900993669725],[31.090586999999992,41.08514999367209],[31.115244999999994,41.09601499367714],[31.124765999999994,41.09813099367811],[31.137055000000007,41.09760199367785],[31.158458,41.093084993675795],[31.169444000000002,41.09198599367523],[31.210459999999998,41.09813099367811],[31.21256006234868,41.09781853006714],[31.180058444874977,41.06801657193874],[31.212600936349475,41.09781245483741],[31.216482,41.097235],[31.226085,41.092963],[31.231212,41.091986],[31.23878,41.093695],[31.240977,41.097724],[31.242931,41.102362],[31.248871,41.105658],[31.290212,41.117865],[31.323578,41.133857],[31.378591,41.174506],[31.392751,41.188422],[31.401052,41.202094],[31.40504,41.218166],[31.406016,41.239407],[31.408051,41.248358],[31.417491,41.268297],[31.419607,41.280341],[31.41631775954948,41.284335438589686],[31.4599017301354,41.32424089219808],[31.471039,41.324774],[31.476573,41.329006],[31.492686,41.347724],[31.498302,41.352037],[31.508556,41.353827],[31.658946,41.397935],[31.773195160495604,41.45523446210243],[32.026407080785745,41.52196283044182],[31.773247696579876,41.45526080440328],[31.87159300000001,41.50458399386384],[31.993336999999997,41.54950599388418],[32.02963299999998,41.571193993894],[32.03242587851655,41.57245058904117],[32.026531529096566,41.52199818843272],[32.03244030109803,41.5724570842745],[32.039399,41.575588],[32.134125,41.599433],[32.14865930962024,41.60601798341881],[32.192977450577615,41.587051888279774],[32.14866009643677,41.60601833380734],[32.16187599999999,41.612005993912376],[32.17839599999999,41.6369079939236],[32.243419,41.69293899394885],[32.24822,41.69806499395114],[32.263357,41.720159993961076],[32.29704799999999,41.72736199396427],[32.351817000000004,41.729437993965234],[32.353689,41.73574499396808],[32.361827,41.737859993968996],[32.37232499999999,41.74249899397108],[32.37436,41.749415993974225],[32.377207999999996,41.754054993976276],[32.38257900000001,41.756089993977206],[32.387218,41.753851993976234],[32.39625099999999,41.74428899397192],[32.39966900000001,41.74249899397108],[32.417247,41.74892799397396],[32.439464,41.76752399398229],[32.45427500000001,41.7772479939867],[32.523204,41.80451099399884],[32.534841,41.810735994001654],[32.54835,41.815740994003924],[32.56283599999999,41.816880994004414],[32.57781,41.811346994001966],[32.589366,41.82697199400889],[32.61255899999998,41.83954499401456],[32.639658999999995,41.84389899401647],[32.66309699999999,41.83494699401244],[32.668212351638516,41.83538605137726],[32.69470596064948,41.78159332178866],[32.694705963134766,41.781593322753906],[32.66822090925484,41.83538679187609],[32.67921,41.83633],[32.740408,41.853176],[32.755382,41.859117],[32.770274,41.857978],[32.798513,41.859687],[32.827485,41.864691],[32.844574,41.872789],[32.855642,41.868313],[32.926117,41.881822],[32.961925,41.89411],[32.99640478153982,41.911441802978516],[32.99640479338351,41.911441802978516],[33.00806699999999,41.917303994049185],[33.165538,41.95697699406689],[33.324474,42.01902899409437],[33.36085,42.02065699409509],[33.434337,42.01064699409068],[33.54053799999999,42.01064699409068],[33.56324299999999,42.00771699408937],[33.613454999999995,41.993719994083165],[33.827159,41.97768799407602],[33.84522499999999,41.98265199407828],[33.873546,41.97443299407462],[34.00359099999999,41.98265199407828],[34.33130899999999,41.94794299406279],[34.44548600000001,41.972845994073865],[34.48267700000001,41.97524599407497],[34.498709,41.97190999407346],[34.527029,41.960638994068454],[34.561778,41.95184999406456],[34.694184,41.94594999406197],[34.746349,41.950384994063896],[34.798595000000006,41.96222599406917],[34.815115,41.96914299407227],[34.837696801485016,41.982527017310076],[34.78451130746722,41.911456743755046],[34.837734906635866,41.98254960779955],[34.852875,41.991523],[34.889008,42.007799],[34.918793,42.035549],[34.9227502520141,42.041324615478516],[34.92275025605367,42.041324615478516],[34.941905000000006,42.0692809941166],[34.94809,42.09878199412963],[34.96208699999998,42.09503799412802],[34.99073299999999,42.09113199412629],[35.00342899999999,42.085109994123634],[35.005869999999994,42.09137599412637],[35.010102,42.09275999412699],[35.01612399999999,42.09218999412677],[35.02393599999999,42.09251499412686],[35.031098,42.08063399412165],[35.04184,42.072088994117856],[35.04883899778799,42.06513099631382],[35.044444,42.057807],[35.04444399999999,42.05780699411153],[35.044444,42.051580994108754],[35.06145165051166,42.041324615478516],[35.06145166028831,42.041324615478516],[35.081554,42.029202],[35.104503,42.021877],[35.123231131687334,42.02299568895972],[35.12323113233346,42.02299568309444],[35.1338,42.023626994096404],[35.144216,42.028509994098584],[35.160410999999996,42.04148999410431],[35.171235,42.04413499410553],[35.186209,42.04246699410479],[35.195811,42.03807199410286],[35.216319,42.023626994096404],[35.216319,42.016791],[35.162608,42.021715],[35.137543,42.019517],[35.13705557133967,42.01922187087211],[35.12448528241628,42.01161094341458],[35.124485298144116,42.01161080064273],[35.11671,42.006903],[35.107432,41.991685],[35.098806,41.969713],[35.093028,41.946682],[35.092133,41.928046],[35.098643,41.912665],[35.125743,41.875312],[35.14117732701079,41.86008634916113],[35.14117736243295,41.860086027611025],[35.15577199999999,41.845688994017266],[35.20948299999999,41.811346994001966],[35.209483,41.804511],[35.195811,41.804511],[35.195811002841616,41.80451099399884],[35.19581099999999,41.80451099399884],[35.201996,41.791448993993036],[35.21176199999999,41.77537699398585],[35.224783,41.761867993979784],[35.25359100000001,41.75063699397475],[35.28256299999999,41.72418899396289],[35.295546174461585,41.71668243408203],[35.29554618490905,41.71668243408203],[35.298188,41.715155],[35.357677,41.696845],[35.401052,41.691555],[35.417328,41.683417],[35.449067,41.660549],[35.48585,41.645087],[35.530121,41.634263],[35.576671,41.629706],[35.619802,41.632636],[35.64088,41.639309],[35.678722,41.656928],[35.740571,41.664984],[35.846202,41.698717],[35.870128,41.701483],[35.893809,41.707465],[35.908966049124345,41.71668243408203],[35.90896605905725,41.71668243408203],[35.934825,41.732407993966554],[35.956797999999985,41.73627399396835],[35.956798,41.729438],[35.952485,41.723293],[35.946788,41.717231],[35.946339551456745,41.7169367217866],[35.94595203622058,41.71668243408203],[35.94595204417455,41.71668243408203],[35.938975,41.712104],[35.928966,41.70893],[35.930512,41.693834],[35.911632,41.662787],[35.915294,41.646226],[35.922699,41.646226],[35.924815,41.670233],[35.934337,41.692125],[35.947927,41.710028],[35.95449303787299,41.71545044312265],[35.95449304019288,41.715450438997465],[35.962413,41.721990993961896],[35.97291099999999,41.728582993964814],[35.97787499999999,41.72968199396538],[36.03809699999999,41.68781199394656],[36.03809699999999,41.68781200000001],[36.038097,41.694647493949624],[36.03809700000001,41.70148299395269],[36.044932,41.70148299395269],[36.120453,41.62775299391951],[36.134451,41.599065993906535],[36.134451,41.558173],[36.131033,41.548245],[36.122325,41.531806],[36.120779,41.527045],[36.119965,41.49433],[36.11996500013906,41.49432999944824],[36.11996499999999,41.49432999385916],[36.12379000000001,41.479152993852324],[36.134450999999984,41.46189999384449],[36.178883999999975,41.419988993825406],[36.204762999999986,41.406479993819275],[36.23682699999999,41.358872993797604],[36.253266,41.348821993793024],[36.303396,41.32851799378377],[36.331879,41.323187993781325],[36.33725,41.31854899377921],[36.339854,41.31093999377574],[36.34050499999999,41.30052299377099],[36.343761,41.28872299376556],[36.352223999999985,41.28363699376327],[36.36329199999999,41.28107299376209],[36.37452199999999,41.277003993760225],[36.380138,41.27216199375801],[36.388278644044874,41.26253128051758],[36.38827868670717,41.26253128051758],[36.390147,41.260321],[36.39503,41.256415],[36.40504,41.253607],[36.423839,41.251695],[36.432465,41.246243],[36.45102,41.240424],[36.476085,41.24494],[36.51765472333595,41.26253128051758],[36.51765473809681,41.26253128051758],[36.51791399999998,41.262640993753614],[36.570811000000006,41.297918993769784],[36.579356,41.30731799377407],[36.58253,41.317083993778525],[36.59669,41.33527299378685],[36.59986399999999,41.34149799378968],[36.601898999999996,41.343735993790716],[36.60865299999999,41.36493599380036],[36.60865299837961,41.3649359949138],[36.608653,41.364936],[36.606700004579004,41.36627799685355],[36.61988399999999,41.375066993804985],[36.633556,41.37409099380456],[36.65015700000001,41.369288993802336],[36.67172299999999,41.366277993800985],[36.758067,41.366277993800985],[36.836681,41.350774993793934],[36.98487399999999,41.29450099376822],[37.01531000000001,41.27460399375914],[37.03191199999999,41.24282499374457],[37.033865,41.198797993724355],[37.039723999999985,41.18154499371644],[37.05640699999999,41.17450599371324],[37.077484999999996,41.17084399371156],[37.11573299999999,41.153143993703424],[37.135509,41.146632993700436],[37.20543665761033,41.14730040820362],[37.19649514094991,41.084636491790434],[37.19206587841355,41.06304451092874],[37.18494945631068,41.04150185204265],[37.17521184074128,41.020205073234834],[37.16294274510367,40.99934838302399],[37.14825478147081,40.97912187469235],[37.13128241062119,40.95970980173123],[37.11218070106891,40.94128890972727],[37.09112390887187,40.92402683940587],[37.08631123502721,40.92066402589793],[37.08540304610041,40.92065536179156],[37.0565594965998,40.92146612911815],[37.02847354404732,40.92444558048627],[37.001414983695554,40.92956515563143],[36.97564392607497,40.93677577462321],[36.955877992859556,40.94327510977912],[36.92666450124051,40.95474383652128],[36.91923015650956,40.95817858148792],[36.91795611728121,40.95844660179823],[36.89617656760134,40.96473099628241],[36.875506787490764,40.97247285587408],[36.85882699005279,40.97949969877687],[36.836032830696,40.990450222184656],[36.81520841800345,41.0032539958201],[36.79655602703532,41.01778741300575],[36.79373777063002,41.02057520506052],[36.47333526611328,40.873565673828125],[36.411773681640625,41.00318908691406],[36.08548355102539,40.93837356567383],[35.184478759765625,41.32738494873047],[34.84946823120117,41.19768524169922],[34.577850341796875,40.93837356567383],[34.561397552490234,40.80876541137695],[34.791015625,40.74397277832031],[34.616146087646484,40.614410400390625],[34.48881149291992,40.225894927978516],[34.56786346435547,40.225894927978516],[34.53628921508789,39.9670295715332],[34.82843017578125,39.77294921875],[34.726253509521484,39.57893371582031],[34.766693115234375,39.25570297241211],[34.47871780395508,38.80344009399414],[33.67961502075195,38.67427444458008],[33.266754150390625,38.48057174682617],[33.304447174072266,38.09331130981445],[33.12809753417969,37.89975357055664],[33.09543228149414,37.5772590637207],[32.75785827636719,37.3193473815918],[32.73283004760742,37.06150817871094],[32.86370086669922,36.80373764038086],[33.09705352783203,36.80373764038086],[33.433685302734375,37.06150817871094],[34.30364990234375,37.1904182434082],[34.56466293334961,37.44829177856445],[34.87669372558594,37.44829177856445],[35.05380630493164,37.641746520996094],[35.67116928100586,37.5772590637207],[35.998069763183594,37.706241607666016],[36.34809112548828,38.028785705566406],[37.1146354675293,37.89975357055664],[37.13022994995117,38.028785705566406],[37.451019287109375,38.09331130981445],[38.31162643432617,38.09331130981445],[38.38986587524414,38.09331130981445],[38.38165283203125,38.028785705566406],[38.45986557006836,38.028785705566406],[38.45166015625,37.96426773071289],[38.4434814453125,37.89975357055664],[38.332977294921875,37.641746520996094],[37.989139556884766,37.38381576538086],[37.95802688598633,37.12596130371094],[38.176177978515625,36.9970588684082],[38.130165100097656,36.61045455932617],[38.2078857421875,36.61045455932617],[38.07014083862305,36.09519577026367],[38.42798614501953,35.837650299072266],[39.497074127197266,35.708900451660156],[39.938289642333984,35.51579284667969],[40.06206512451172,35.258358001708984],[40.27842712402344,35.12965774536133],[40.26304244995117,35.00096893310547],[40.47920608520508,34.87228775024414],[40.549720764160156,34.164703369140625],[40.472782135009766,34.164703369140625],[40.31147003173828,34.10039138793945],[40.403316497802734,34.22901916503906],[40.25685501098633,34.2933349609375],[39.12379455566406,34.48630142211914],[37.990238189697266,33.971771240234375],[37.73945236206055,33.77885055541992],[37.72612380981445,33.65024948120117],[37.57255172729492,33.65024948120117],[37.0732307434082,33.26447677612305],[37.054195404052734,33.07160949707031],[36.90095901489258,33.07160949707031],[36.716766357421875,32.75019073486328],[36.750667572021484,32.30024337768555],[36.5155143737793,32.23596954345703],[36.65636444091797,32.107421875],[36.491905212402344,31.978878021240234],[36.46286392211914,31.65752601623535],[36.38663864135742,31.65752601623535],[36.423099517822266,31.20764923095703],[36.2708854675293,31.20764923095703],[36.40085220336914,30.950578689575195],[36.15102767944336,30.69350814819336],[36.14565658569336,30.629240036010742],[35.84181594848633,30.629240036010742],[35.59312438964844,30.372163772583008],[34.38864517211914,30.500701904296875],[34.30289840698242,30.372163772583008],[33.15059280395508,30.179353713989258],[32.85788483949552,30.042209875231396],[32.857884840078604,30.04220986368994],[32.857884573312404,30.04220973870072],[32.85788457272901,30.04220975024203],[32.60188293457031,29.922264099121094],[32.57927053221576,29.922264099121094],[32.571544,29.9289],[32.580414,29.934027],[32.584321,29.938707],[32.583507,29.943427],[32.57781,29.948798],[32.583507,29.950629],[32.58546,29.95246],[32.583507,29.954332],[32.57781,29.956204],[32.573741,29.962144],[32.569021,29.967597],[32.563487,29.972398],[32.561615,29.976386],[32.562755,29.978949],[32.566091,29.981024],[32.570079,29.982652],[32.57781,29.983547],[32.57781,29.989691],[32.57545,29.997016],[32.57545,30.002875],[32.57781,30.01142],[32.571544,30.01142],[32.558604,29.987128],[32.557465,29.976467],[32.560069,29.968573],[32.565603,29.963039],[32.570486,29.955756],[32.571544,29.942572],[32.564138,29.942572],[32.561778,29.955227],[32.553966,29.962104],[32.542735,29.962551],[32.53004,29.956204],[32.513438,29.961575],[32.493907,29.950629],[32.476899,29.932196],[32.467947,29.915229],[32.466807,29.896877],[32.472911,29.881985],[32.48699,29.871568],[32.50931375023845,29.86689369864584],[32.50931374684874,29.86689368746225],[32.509531987069785,29.866847990814048],[32.5092362066193,29.86663786088267],[32.50917651095542,29.8665954515695],[32.50917461852858,29.866594107204804],[32.491547,29.854071],[32.40797,29.751899],[32.403005,29.743964],[32.392833,29.734361],[32.363943,29.688218],[32.358084,29.671942],[32.357432,29.630561],[32.351573,29.613674],[32.337657,29.599921],[32.337657,29.592475],[32.348318,29.585028],[32.35963,29.571275],[32.368663,29.557196],[32.376801,29.536078],[32.387706,29.525621],[32.43865,29.496772],[32.451345,29.487291],[32.497325,29.44009],[32.528575,29.423651],[32.556977,29.397854],[32.581228,29.369127],[32.591482,29.349514],[32.595388,29.324897],[32.605479,29.291938],[32.618663,29.261176],[32.632335,29.243069],[32.632335,29.236802],[32.628673,29.21894],[32.656179,29.120632],[32.658946,29.110785],[32.659679,29.089097],[32.654145,29.080878],[32.644216,29.072903],[32.638927,29.061347],[32.628184,29.057034],[32.624685,29.048163],[32.632335,29.037584],[32.627208,29.00788],[32.625499,28.972724],[32.632091,28.9619],[32.662771,28.934068],[32.67335,28.921536],[32.676524,28.910956],[32.677257,28.890774],[32.680837,28.880561],[32.703461,28.85871],[32.70753,28.85635],[32.749197,28.804836],[32.784516,28.799384],[32.806895,28.778144],[32.820649,28.74787],[32.865245,28.599555],[32.868907,28.578925],[32.879568,28.575426],[32.927257,28.551581],[32.951427,28.530992],[32.963552,28.517727],[32.972911,28.499823],[32.982595,28.496568],[32.993826,28.494208],[33.00294,28.489488],[33.006196,28.483344],[33.013031,28.463039],[33.041759,28.41413],[33.050792,28.406928],[33.051036,28.402574],[33.049571,28.401353],[33.046723,28.401435],[33.043224,28.400784],[33.087576,28.368598],[33.1067,28.347113],[33.105317,28.325629],[33.112966,28.320014],[33.119802,28.308783],[33.124685,28.296332],[33.126475,28.287502],[33.130544,28.284166],[33.153087,28.256171],[33.200531,28.211371],[33.212169,28.189927],[33.222179,28.184638],[33.233653,28.180325],[33.241954,28.174872],[33.246755,28.161526],[33.246104,28.150458],[33.24936,28.14289],[33.266124,28.140082],[33.283214,28.132392],[33.316417,28.096381],[33.338145,28.085435],[33.336762,28.079169],[33.338145,28.071031],[33.338145,28.065009],[33.336111,28.056789],[33.343598,28.050605],[33.355479,28.048082],[33.366059,28.050686],[33.374685,28.035875],[33.396658,28.027248],[33.441742,28.016547],[33.512543,27.959052],[33.535411,27.916409],[33.547374,27.906684],[33.554373,27.89647],[33.576182,27.850491],[33.57838,27.838446],[33.57838,27.832221],[33.583263,27.82453],[33.587087,27.805121],[33.592052,27.797431],[33.592052,27.791246],[33.585216,27.791246],[33.571544,27.791246],[33.560069,27.813422],[33.536469,27.826077],[33.509776,27.834947],[33.488943,27.845893],[33.482188,27.845893],[33.476085,27.83161],[33.473481,27.823188],[33.475434,27.815863],[33.482188,27.804918],[33.501231,27.787502],[33.511729,27.775092],[33.516287,27.759914],[33.522716,27.751899],[33.53712,27.755764],[33.551443,27.761623],[33.557872,27.759914],[33.556407,27.746283],[33.552501,27.731879],[33.545909,27.718492],[33.536794,27.708075],[33.540782,27.704535],[33.546153,27.698188],[33.550466,27.695054],[33.568533,27.683254],[33.574962,27.681383],[33.577891,27.677436],[33.587576,27.659003],[33.58819620203454,27.65823619971869],[33.58819620097855,27.65823618257912],[33.592052,27.65346898719644],[33.592052,27.646633],[33.58768268830908,27.649901451582092],[33.58764344815733,27.649930805069584],[33.581554,27.654486],[33.557872,27.681383],[33.550466,27.681383],[33.550466,27.673977],[33.553966,27.668647],[33.557872,27.659654],[33.550466,27.659654],[33.5442,27.679185],[33.526541,27.677558],[33.507172,27.663723],[33.496349,27.646633],[33.519705,27.63581],[33.536306,27.616197],[33.564708,27.571519],[33.560802,27.565172],[33.558279,27.557115],[33.556977,27.547593],[33.557872,27.53677],[33.574474,27.525865],[33.618175,27.508124],[33.632986,27.495836],[33.635916,27.486721],[33.637218,27.464789],[33.640391,27.45482],[33.647146,27.446479],[33.664073,27.430325],[33.671153,27.420396],[33.677501,27.400133],[33.684825,27.355699],[33.691661,27.341864],[33.724783,27.313707],[33.763357,27.290351],[33.805675,27.272121],[33.825369,27.259711],[33.83839,27.24258],[33.840505,27.232082],[33.83839,27.194159],[33.836111,27.190823],[33.826996,27.184149],[33.824718,27.180487],[33.825369,27.174628],[33.830333,27.16592],[33.831554,27.15998],[33.83253,27.137885],[33.836762,27.120754],[33.847179,27.107001],[33.865977,27.09516],[33.883149,27.080797],[33.901378,27.058743],[33.908702,27.042141],[33.893728,27.043931],[33.893891,27.027899],[33.90089,27.014228],[33.920909,26.989325],[33.929454,26.974189],[33.942068,26.944566],[33.951671,26.930976],[33.964366,26.921861],[33.978852,26.914944],[33.990977,26.907416],[33.996104,26.896552],[34.002696,26.864895],[34.003591,26.848944],[33.996104,26.837877],[33.979666,26.837104],[33.968761,26.846381],[33.959646,26.849799],[33.948253,26.831],[33.945811,26.817776],[33.945811,26.799994],[33.947765,26.782416],[33.951671,26.769273],[33.951915,26.743354],[33.93214,26.682603],[33.941417,26.65351],[33.955414,26.643012],[33.987804,26.634101],[34.003591,26.625637],[34.014008,26.61164],[34.023936,26.580715],[34.056407,26.542304],[34.070649,26.514879],[34.104828,26.426663],[34.11964,26.400295],[34.139985,26.372301],[34.153331,26.347113],[34.177501,26.314846],[34.261974,26.139472],[34.301036,26.087795],[34.338715,26.001776],[34.417491,25.903144],[34.424978,25.890204],[34.434744,25.861884],[34.501801,25.771633],[34.538259,25.735663],[34.54656,25.725043],[34.633474,25.569403],[34.647146,25.52204],[34.671397,25.479722],[34.681895,25.428697],[34.699962,25.401028],[34.743337,25.351304],[34.74936,25.338813],[34.7588,25.309638],[34.764985,25.296088],[34.794932,25.254381],[34.806895,25.211615],[34.853142,25.138789],[34.939138,25.003363],[34.943044,24.971259],[34.953725,24.944142],[34.969898,24.926411],[34.989757,24.905015],[34.993012,24.886705],[34.993907,24.849311],[34.996593,24.830552],[35.002208,24.815619],[35.010265,24.804429],[35.021821,24.795152],[35.037608,24.785875],[35.063487,24.764106],[35.08074,24.735419],[35.104015,24.656887],[35.109548,24.643785],[35.126964,24.617662],[35.146014,24.585898],[35.16027,24.574618],[35.160655,24.558498],[35.144445,24.527675],[35.144556,24.500206],[35.18572,24.485663],[35.235455,24.400126],[35.370616,24.306098],[35.391856,24.282782],[35.428645,24.185953],[35.455737,24.158988],[35.493828,24.1089],[35.510509,24.111233],[35.503082,24.125107],[35.493767,24.138989],[35.5039,24.140538],[35.524189,24.121275],[35.552059,24.1105],[35.588372,24.075837],[35.602725,24.048101],[35.605261,24.018817],[35.635631,24.001865],[35.66685,24.007253],[35.691315,24.001078],[35.717479,23.993355],[35.738571,23.983317],[35.753747,23.968659],[35.774825,23.923912],[35.792535,23.902291],[35.78640716637183,23.893905591194134],[35.78640715059475,23.89390559462818],[35.786003221009786,23.893352827003476],[35.785779,23.893046],[35.78483358807188,23.89424809668425],[35.78483295455308,23.894248902207035],[35.770597,23.91235],[35.750356,23.932423],[35.736012,23.933209],[35.699718,23.917828],[35.692202841339856,23.91441013076333],[35.692202812007245,23.914410137147875],[35.687694215512494,23.91235962268867],[35.68452,23.910916],[35.664274,23.918649],[35.65244274393674,23.923064324614842],[35.652437540687956,23.92306626642324],[35.64575,23.925562],[35.627202,23.928644],[35.626945622155034,23.928614696417096],[35.62694363037505,23.92861446875979],[35.613711,23.927102],[35.598533,23.929413],[35.579981,23.936349],[35.577585221437246,23.939357833767655],[35.57758501612946,23.93935809161159],[35.573232,23.944825],[35.561778,23.95718],[35.551443,23.960395],[35.550548,23.965481],[35.535275,23.97179],[35.513927,23.977118],[35.504921,23.971001],[35.491222,23.947577],[35.483871,23.917787],[35.490658,23.869996],[35.481425,23.828348],[35.4807502635003,23.825263388929624],[35.48075001023605,23.825263425550723],[35.474836856282984,23.79822978192281],[35.474768,23.797915],[35.474768001835244,23.797914994481232],[35.474768,23.797914986091246],[35.483224,23.772486986086474],[35.501720999999996,23.76869498608576],[35.51014799927509,23.75637898714291],[35.509322,23.741729],[35.506114,23.734565],[35.506114001067886,23.734564988464182],[35.506114,23.73456498607941],[35.507663,23.717831986076316],[35.50851599999999,23.706271986074192],[35.51022099936592,23.68392199438196],[35.505544,23.642483],[35.50554395921598,23.642481107215882],[35.50488526135436,23.612136074095194],[35.50232056117693,23.612221166335818],[35.476933774333226,23.614928707709176],[35.234529966759716,23.649970286584516],[35.23652780194363,23.667830552174717],[35.23644911879638,23.66884721283298],[35.235361347716,23.670312837053103],[35.22532439508367,23.688019724930747],[35.21776144520398,23.706538137903898],[35.20927431188374,23.731959448702572],[35.20418535791895,23.75150731626697],[35.20179965510904,23.77152013906233],[35.202141711376115,23.791798153325885],[35.20520874918204,23.812138899623424],[35.21183954243698,23.842573632584045],[35.21192986163119,23.84298543534223],[35.21504080903497,23.857079158355024],[35.214075460823125,23.86382360625338],[35.10795974731445,23.879167556762695],[33.75636291503906,23.68630027770996],[33.6817741394043,23.68630027770996],[33.38899612426758,23.814878463745117],[32.040863037109375,23.68630027770996],[31.670488357543945,23.75058937072754],[30.537214279174805,23.36486053466797],[30.462675094604492,23.36486053466797],[30.39519500732422,23.557723999023438],[30.10396385192871,23.75058937072754],[30.10871124267578,23.879167556762695],[29.95948028564453,23.879167556762695],[29.672801971435547,24.200613021850586],[28.568815231323242,24.650644302368164],[28.288646697998047,25.164974212646484],[28.24367904663086,25.936485290527344],[28.34531593322754,26.57941436767578],[28.270244598388672,26.57941436767578],[28.15372657775879,27.35091781616211],[27.93669891357422,27.54378890991211],[27.710918426513672,27.54378890991211],[27.791961669921875,27.6723690032959],[27.429920196533203,27.993812561035156],[27.27633285522461,27.92952537536621],[27.28502082824707,28.12238883972168],[27.140071868896484,28.25096321105957],[25.586284637451172,28.958093643188477],[25.37345314025879,29.279497146606445],[25.14654541015625,29.279497146606445],[25.000762939453125,29.40805435180664],[24.846712112426758,29.34377670288086],[24.779218673706055,29.536611557006836],[24.330371856689453,29.665164947509766],[24.25998878479004,29.79371452331543],[23.51007843017578,29.986536026000977],[22.91602325439453,30.307893753051758],[22.76180076599121,30.243623733520508],[22.76673698425293,30.372163772583008],[21.938846588134766,30.564971923828125],[20.95157814025879,30.564971923828125],[19.55269766185499,30.156425137824826],[19.545140681212196,30.152677567000715],[19.464803241231202,30.118287185175518],[19.43849427836196,30.10826512113406],[19.41112974451932,30.100260240802704],[19.364448183189612,30.08856081961426],[19.31280634572292,30.075559971711307],[19.285781842590964,30.06981719715945],[19.258307707190717,30.06607256103778],[19.235651320311558,30.0638309056146],[19.19106674194336,30.050809860229492],[18.28125762939453,30.050809860229492],[16.701202392578125,30.69350814819336],[15.489551544189453,30.950578689575195],[15.184454917907715,30.886310577392578],[15.187263488769531,31.079113006591797],[14.584433555603027,31.528987884521484],[14.586112022399902,31.65752601623535],[13.82862377166748,32.107421875],[13.29533576965332,32.23596954345703],[13.06567096710205,32.171695709228516],[13.0667085647583,32.30024337768555],[12.455889701843262,32.36451721191406],[11.767910957336426,32.30024337768555],[11.768352508544922,32.428794860839844],[11.539045333862305,32.428794860839844],[11.462910652160645,32.557350158691406],[11.309853553771973,32.493072509765625],[11.157184600830078,32.685909271240234],[10.391599655151367,33.00732421875],[10.008606910705566,33.00732421875],[10.08484935760498,33.13589859008789],[9.62503719329834,33.13589859008789],[9.547471046447754,33.32876968383789],[9.623573303222656,33.45735549926758],[9.315913200378418,33.5859489440918],[9.082552909851074,34.03607940673828],[8.928751945495605,34.03607940673828],[8.927783012390137,34.164703369140625],[8.773378372192383,34.22901916503906],[8.0807523727417,34.22901916503906],[8.001612663269043,34.42197799682617],[7.614861011505127,34.55062484741211],[7.153473854064941,34.48630142211914],[6.920335292816162,34.614952087402344],[6.459011077880859,34.55062484741211],[6.14835262298584,34.679283142089844],[5.378806114196777,34.614952087402344],[5.301729679107666,34.614952087402344],[5.290097236633301,35.12965774536133],[5.438797950744629,35.38706970214844],[5.338839530944824,36.3527946472168],[5.416472434997559,36.3527946472168],[5.409157102209295,36.659489236550584],[5.428071,36.663886],[5.433849,36.665229],[5.464854,36.665229],[5.469574,36.667711],[5.482188,36.680243],[5.489106,36.685126],[5.529145,36.697659],[5.533216827040055,36.70012883707043],[5.5641232010981785,36.675007356860284],[5.533217988685632,36.70012953319837],[5.5490010000000005,36.709702991516664],[5.562754999999999,36.74599799153528],[5.576182,36.76137899154326],[5.593923,36.77387099154966],[5.6119900000000005,36.78131699155349],[5.628303840327063,36.785214197056774],[5.564373293919612,36.67503213730107],[5.628307917444367,36.785215179481874],[5.655935,36.791815],[5.674571,36.799628],[5.680270249724823,36.80373764038086],[5.680270261422478,36.80373764038086],[5.71046,36.82550699157621],[5.733734999999999,36.83234299157973],[5.758799999999998,36.833400991580284],[5.827809999999999,36.821762991574296],[5.868825999999999,36.822942991574884],[6.03712,36.85358299159064],[6.104276732185993,36.87405480874978],[6.105763912022531,36.80373764038086],[6.105763912200928,36.80373764038086],[6.10427883750485,36.87405545892646],[6.197032,36.90233],[6.235688,36.92121],[6.256847,36.945787],[6.258556,36.966783],[6.254731,36.983303],[6.254405,36.998969],[6.266856,37.017768],[6.274425,37.024237],[6.314626,37.048651],[6.320209863436487,37.05385181087523],[6.333873268957201,37.06147969318115],[6.320215841574557,37.05385737060698],[6.328868,37.061915991697596],[6.338715,37.069280991701355],[6.371593,37.08348199170864],[6.415782,37.09296299171352],[6.462412999999998,37.093939991714024],[6.502696,37.08295299170836],[6.538585,37.06036999169677],[6.5442,37.05878299169596],[6.544687999999998,37.04856999169075],[6.547047999999999,37.04120499168696],[6.552256999999998,37.03668899168466],[6.56129,37.035141991683844],[6.5727649999999995,37.02777699168008],[6.583262999999999,36.98981399166063],[6.599456999999999,36.973089991652024],[6.614106,36.97785099165446],[6.631601999999997,36.97239799165167],[6.651134000000001,36.96385299164733],[6.671152999999999,36.95941799164503],[6.822032,36.95262299164152],[6.834809,36.94912299163971],[6.852794,36.94033399163524],[6.86964,36.92918499162946],[6.8800559997968,36.918442991833544],[6.879649,36.902086],[6.87964900020706,36.90208599993719],[6.879648999999999,36.90208599161557],[6.909433999999998,36.8930519916109],[6.948578,36.89004099160936],[6.975596999999999,36.891180991609964],[7.064463999999998,36.9133159916213],[7.092296,36.92592999162784],[7.108084000000001,36.92031499162497],[7.133310999999999,36.91526899162234],[7.156993,36.91469999162202],[7.167491,36.922186991625885],[7.176442999999999,36.931870991630895],[7.218760999999998,36.960841991645744],[7.232920999999998,36.96686399164884],[7.239023999999999,36.971502991651185],[7.247081,36.98232699165678],[7.254242,36.99469599166312],[7.257334999999999,37.00413599166795],[7.257334999106276,37.00413599727231],[7.257335,37.004136],[7.255544,37.015367],[7.250499,37.023139],[7.211111,37.057034],[7.181651,37.076728],[7.181650999999997,37.08295299170836],[7.192719,37.08429599170906],[7.2121689999999985,37.089300991711625],[7.2226669999999995,37.08978899171186],[7.232757999999998,37.08722599171055],[7.251313,37.07859899170611],[7.260508999999998,37.07672799170517],[7.2627060000000006,37.075994991704775],[7.266448999999998,37.07469299170415],[7.270681,37.07103099170224],[7.27475,37.06932199170137],[7.281015999999999,37.07306499170332],[7.288258999999997,37.08026799170697],[7.292654,37.08250599170811],[7.297698999999999,37.08295299170836],[7.307301999999998,37.08014599170693],[7.325857,37.07119399170232],[7.335947999999998,37.069280991701355],[7.344411999999998,37.07143799170249],[7.369964999999998,37.08295299170836],[7.383474,37.08299399170837],[7.3862409999999965,37.08209899170794],[7.386891999999998,37.07811099170591],[7.394053999999998,37.069280991701355],[7.3969159620170135,37.06150817871094],[7.396915965074049,37.06150817871094],[7.398204,37.05801],[7.404633,37.051581],[7.418224,37.048814],[7.438324,37.04857],[7.447113,37.046617],[7.456065,37.041978],[7.472423,37.050035],[7.490245,37.054999],[7.526134,37.033149],[7.555919,37.00788],[7.588878,36.987616],[7.593174318291928,36.98693517423549],[7.738253171385896,36.8682499685826],[7.593194630721347,36.98693194703971],[7.633555999999999,36.98053599165585],[7.643403,36.98265199165693],[7.652191999999999,36.986232991658746],[7.661876000000001,36.98847099165989],[7.674490000000001,36.986761991658994],[7.685801999999999,36.98240799165681],[7.695973999999998,36.97699599165403],[7.704844999999999,36.970525991650725],[7.712738000000002,36.963201991646976],[7.760752999999999,36.96686399164884],[7.770762999999999,36.97011999165048],[7.789072999999999,36.98655799165895],[7.798594995733175,36.99359798850793],[7.791026,36.973212],[7.778575,36.951117],[7.774262,36.931464],[7.774262001571433,36.93146399879118],[7.774262,36.93146399163065],[7.791188996472861,36.91844299433722],[7.773448,36.88996],[7.773448003765692,36.889959997655104],[7.773447999999998,36.889959991609324],[7.773774000000002,36.889756991609225],[7.809863332912949,36.8681755065918],[7.809863346962799,36.8681755065918],[7.809906,36.86815],[7.866466,36.854397],[7.908458,36.849555],[8.00245386562765,36.8681755065918],[8.00245390804005,36.8681755065918],[8.049978,36.87758999160297],[8.073009,36.88739699160803],[8.093028,36.90180099161542],[8.233164999999998,36.958074991644295],[8.25115,36.948675991639504],[8.268728,36.93374299163183],[8.288097,36.92592999162784],[8.333262999999997,36.92780199162876],[8.355968,36.92592999162784],[8.374033999999998,36.918442991623984],[8.388845,36.923244991626426],[8.401622,36.91860599162404],[8.414399,36.910223991619745],[8.428722000000002,36.90420199161667],[8.463227000000002,36.901556991615315],[8.497569,36.90420199161667],[8.601899,36.9393579916347],[8.60255,36.93952099163482],[8.621103999999999,36.94578699163803],[8.64439993050386,36.95352552299383],[8.516438777407236,36.86819413660176],[8.644514995399813,36.95356375404934],[8.692149,36.969387],[8.716563,36.97309],[8.802013,36.97309],[8.824392,36.979478],[8.865733,37.007636],[8.896007,37.018866],[8.903656,37.021674],[8.925792,37.038886],[8.956879,37.069281],[8.974508445396841,37.096541250607615],[9.059083034913364,37.06166976965196],[8.974509364406444,37.0965426633791],[8.987641,37.11684799172571],[9.000986999999997,37.123968991729384],[9.010753,37.127833991731364],[9.038748,37.15184199174365],[9.049327000000002,37.15696799174628],[9.079438,37.16681499175131],[9.159189999999999,37.19281599176463],[9.171397,37.198797991767684],[9.192393,37.22614199178168],[9.210703999999998,37.23383199178559],[9.342539999999998,37.2353379917864],[9.380707,37.24746299179259],[9.405120999999998,37.26849999180331],[9.419119000000002,37.27582399180706],[9.432628,37.27138899180485],[9.442882,37.26654699180234],[9.453867999999995,37.26829699180321],[9.464528999999999,37.27244699180539],[9.493907,37.27814399180826],[9.517345000000002,37.286688991812625],[9.538585000000001,37.29799999181841],[9.552744999999998,37.3095159918243],[9.567831826139832,37.30263589484731],[9.059893835798999,37.061706861863925],[9.56784265631703,37.30263096410374],[9.57309,37.300238],[9.591482,37.302924],[9.614562130961183,37.31555694688142],[9.820323545516905,37.247593513987496],[9.792735,37.238023],[9.771821,37.213324],[9.775076,37.205797],[9.790701,37.178412],[9.795665,37.172349],[9.801524,37.169135],[9.807791,37.155015],[9.815929,37.151842],[9.859711,37.14704],[9.879893,37.150092],[9.90211,37.164862],[9.914317,37.17829],[9.925304,37.196763],[9.924979907311712,37.21302529507667],[9.993292500778638,37.190461500149794],[9.924979821120923,37.21302961995072],[9.924978,37.213121],[9.924070517098713,37.21341558133552],[9.909125344483767,37.21826712380144],[9.835324275162911,37.24264591065193],[9.843923,37.24746299179259],[9.853525999999999,37.24949799179364],[9.85963,37.25413599179599],[9.863943000000003,37.259018991798484],[9.867442,37.26170499179987],[9.882498,37.26357699180084],[9.979827999999998,37.246038991791885],[9.997812999999997,37.24746299179259],[10.05128,37.26658799180234],[10.059825,37.26483799180144],[10.075856999999997,37.24493999179129],[10.146250999999998,37.236517991787004],[10.150133540332364,37.23367176006889],[9.994023135073824,37.19058375086921],[10.150135673368169,37.233670204586986],[10.178722,37.212714],[10.227150482382273,37.19883152865174],[10.227150482407305,37.198831520412284],[10.253103,37.191391991763915],[10.272145990695144,37.17853399804001],[10.240082,37.17178],[10.227245951011602,37.167406851448554],[10.22723731242402,37.16740390834458],[10.225271,37.166734],[10.211274,37.158677],[10.205821,37.175116],[10.177989,37.177965],[10.146007,37.17121],[10.128103,37.158677],[10.135427,37.14232],[10.161632,37.134345],[10.191905,37.133246],[10.211274,37.1376],[10.218191,37.128933],[10.227061,37.117662],[10.227400102010767,37.1166661482104],[10.227400102053323,37.11666613420279],[10.230316998339173,37.108099996598675],[10.230156237806984,37.10777076357475],[10.22744400080475,37.10221631856247],[10.22744400122645,37.10221617975463],[10.224376,37.095933],[10.21754,37.110297],[10.174327,37.076239],[10.182384,37.027045],[10.220063,36.97663],[10.26588,36.93891],[10.26847511985123,36.93790079830378],[10.268475117609954,36.93790079080933],[10.303233,36.92438399162705],[10.313730999999999,36.918442991623984],[10.337006,36.891831991610296],[10.347178997514495,36.88027599442778],[10.34197,36.868598],[10.319021,36.850246],[10.309337,36.829779],[10.298839,36.821763],[10.285167,36.819973],[10.272146003057141,36.82908799785993],[10.279551999999999,36.844305991585905],[10.279551996631996,36.84430599307936],[10.279552,36.844306],[10.270193,36.848456],[10.25294,36.84634],[10.250275488425455,36.84563879114861],[10.240081116430893,36.842956011242926],[10.240081105982389,36.84295597630488],[10.22047,36.837795],[10.210704,36.831855],[10.193614,36.812323],[10.188487,36.797593],[10.202891,36.792629],[10.234223,36.791897],[10.247244,36.786282],[10.253917,36.791449],[10.257009,36.79385],[10.258144469560104,36.79551656056133],[10.288333953698332,36.78718577372663],[10.29363,36.777737],[10.320079,36.748765],[10.355317,36.731187],[10.403005,36.726711],[10.416759,36.72956],[10.436995,36.728839],[10.487727,36.749652],[10.518713,36.755797],[10.538233,36.772026],[10.53934742751215,36.776002839638146],[11.00608268575672,36.99696954317703],[10.539354092402304,36.77602661487969],[10.546049999999997,36.79992099156304],[10.552597999999998,36.822920991574904],[10.566905,36.8632269915956],[10.584971999999999,36.87616599160224],[10.606130000000002,36.87970599160408],[10.652599000000002,36.87689899160263],[10.694672,36.88344999160597],[10.733465999999998,36.89581199161234],[10.783204999999997,36.92441799162706],[10.813975,36.95038499164035],[10.82309,36.95392499164221],[10.826915,36.963201991646976],[10.830089,36.96824799164954],[10.887543,37.00600799166892],[10.895843999999999,37.01410599167308],[10.898448000000002,37.02521399167876],[10.89844799864136,37.02521399420439],[10.898448,37.025214],[10.894705,37.032172],[10.892914001762016,37.038641993634705],[10.902110000000002,37.048813991690906],[10.923676,37.05703399169507],[10.974131999999999,37.06126499169726],[11.012705999999994,37.084783991709315],[11.033375999999997,37.08746999171071],[11.051035999999998,37.080307991707016],[11.060312998978743,37.062485993659784],[11.05893,37.0539],[11.048595,37.041978],[11.046072,37.03144],[11.046072000918773,37.03143999551948],[11.046072,37.03143999168197],[11.048349999999996,37.02033099167627],[11.058116000000004,37.00600799166892],[11.060313,36.997015991664284],[11.063974999999997,36.990057991660734],[11.081309,36.96938699165012],[11.087738,36.95941799164503],[11.090099000000002,36.94961199163999],[11.091806999999998,36.92820899162898],[11.094492999999998,36.918442991623984],[11.099131999999999,36.91058999161994],[11.105968000000003,36.90159699161536],[11.113128999999999,36.89423199161152],[11.118419,36.891180991609964],[11.124278,36.88568799160712],[11.13622699798589,36.87052999415441],[11.130545,36.854039],[11.116767,36.838412],[11.076735,36.825188],[11.02214,36.788276],[10.992548,36.744064],[10.94993,36.693878],[10.879519,36.588475],[10.825662,36.479811],[10.799929,36.451885],[10.717154,36.434551],[10.620441,36.39028],[10.585564,36.398132],[10.550928,36.377256],[10.55082053628569,36.37712173700939],[10.534897512530303,36.357229115631895],[10.464328829836443,36.41568118624495],[10.534897970420653,36.35722840533917],[10.519085,36.337472],[10.504845,36.299355],[10.491068,36.258066],[10.479267,36.216962],[10.476856,36.165522],[10.474695,36.112486],[10.479528,36.079327],[10.489301464883923,36.0535080355581],[10.489301452868101,36.053507964974735],[10.492393,36.045340991173866],[10.499847999999998,36.02728899116454],[10.504731,36.020940991161204],[10.509124999999997,36.01117599115615],[10.514821999999997,35.98908099114474],[10.518564999999999,35.979966991140046],[10.540538000000002,35.952825991126],[10.556488,35.9379739911183],[10.570323,35.93158599111502],[10.582286000000002,35.92181999110992],[10.608572000000002,35.85586199107585],[10.622080999999994,35.842596991068916],[10.691334999999999,35.789617991041546],[10.693696,35.78778699104055],[10.713064000000003,35.779241991036166],[10.743620000000002,35.76967199103123],[10.803721999999997,35.78693299104015],[10.813813000000001,35.78497999103911],[10.823089999999997,35.780462991036764],[10.839078245762396,35.768325705717714],[10.697938520065858,35.70964138594149],[10.8390788601089,35.7683252483134],[10.84142,35.766548],[10.83034,35.753234],[10.824522,35.733389],[10.8296,35.713121],[10.841156,35.698798],[10.881521,35.68301],[10.888007685255662,35.680935869907515],[10.888007689402308,35.680935859566894],[10.971815999999999,35.654137990971385],[11.011973999999995,35.65790399097335],[11.040998,35.637729990962896],[11.05502199542911,35.61447599853009],[11.0171,35.602281],[11.016824617123364,35.60103280535393],[11.012219132450575,35.58015823364258],[11.012219165862609,35.58015823364258],[11.011974,35.579047],[11.013927,35.562893],[11.014903,35.555162],[11.023936,35.533759],[11.039236,35.5185],[11.083131112717929,35.50727738928678],[11.083131112711769,35.50727738018367],[11.085056990787983,35.506784993250285],[11.084816355787227,35.50660867823457],[11.083129824118085,35.50537300802178],[11.083129824074886,35.50537294417911],[11.05769,35.486733],[11.050666,35.459782],[11.04553,35.434755],[11.049412,35.391255],[11.0469082767477,35.38706970214844],[11.005731582641602,35.38706970214844],[11.005731584470697,35.38706969298154],[11.046908126495488,35.38706969298154],[11.037543073822805,35.371414551905694],[11.037188,35.370821],[11.037188001032805,35.370820992551124],[11.037187999999999,35.370820990824654],[11.042233,35.3344349908058],[11.065891000000002,35.30326799078969],[11.101328999999998,35.26683199077083],[11.122081,35.253647990763994],[11.147104,35.244004990759],[11.160781999256248,35.23823199106994],[11.15916,35.218757],[11.131352,35.217959],[11.111578,35.205595],[11.092316,35.173939],[11.062912,35.153639],[11.06274300428822,35.15336998935696],[11.054864572091217,35.140829381574385],[11.054864637660355,35.14082905296084],[11.04883,35.131223],[11.03499,35.107056],[11.01588,35.092841],[11.022453,35.064502],[11.018105,35.034191],[10.984366,34.999414],[10.945863,34.983531],[10.917654,34.957424],[10.918325783229001,34.955278749513205],[10.918325766451977,34.95527874485181],[10.924950998338888,34.93412199590314],[10.916515,34.913316],[10.916515,34.91331599058785],[10.916336,34.873569],[10.875499,34.849066],[10.86671,34.841254],[10.860362,34.836819],[10.856293,34.830878],[10.856293002905986,34.83087799478814],[10.856292999999999,34.83087799054521],[10.867358,34.81103299053493],[10.871420997471311,34.797366999033194],[10.834885,34.783398],[10.811262,34.76888],[10.779042,34.739501],[10.763469,34.713448],[10.743988,34.698676],[10.734711,34.680854],[10.717296,34.66474],[10.701182,34.655951],[10.698227327454996,34.6551530343499],[10.653856439641178,34.64316997352914],[10.653856185876105,34.643169761653326],[10.634288,34.637885],[10.625255,34.633246],[10.62143,34.626288],[10.619884,34.615871],[10.619250300905774,34.61427630524885],[10.619250263588551,34.61427627409162],[10.615563404442762,34.604998282775476],[10.615001,34.603583],[10.607432,34.593329],[10.60571,34.573668],[10.598752,34.562453],[10.597023,34.544713],[10.581615,34.532679],[10.559376,34.52349],[10.465994,34.511949],[10.431895,34.496324],[10.378724,34.42308],[10.330414,34.412584],[10.320486,34.413235],[10.31129,34.416815],[10.300059,34.417711],[10.288097,34.414008],[10.281993,34.408881],[10.278005,34.402737],[10.256602,34.379096],[10.247244,34.372138],[10.234223,34.36933],[10.186778,34.351955],[10.166677,34.338813],[10.12672,34.325629],[10.102161,34.304075],[10.089778,34.272975],[10.08971372202587,34.27286744085193],[10.069547172765098,34.23912492779864],[10.005410680914332,34.29257396262543],[10.069548119468763,34.239123455283845],[10.054034,34.213163],[10.032777,34.184655],[10.018809,34.180569],[10.010265,34.173163],[10.010102,34.173082],[10.005219,34.17064],[10.014659,34.153388],[10.018403,34.13349],[10.01824,34.091539],[10.021495,34.07331],[10.035906849452564,34.03511682796975],[10.035906846841389,34.03511681690663],[10.036143000000001,34.03449099013469],[10.039317000000002,34.01609899012519],[10.048839,33.98346599010843],[10.071299999999999,33.94623399008938],[10.163097,33.83624899003301],[10.172699,33.8280699900288],[10.18686,33.821762990025555],[10.316116456942094,33.71455001831055],[10.31611646903346,33.71455001831055],[10.330251,33.702826],[10.367686,33.684068],[10.446056,33.655422],[10.460216,33.652696],[10.489268,33.647121],[10.558373,33.655721],[10.585748687850815,33.66219686417713],[10.675311839439805,33.54980018508767],[10.674083,33.5456],[10.679942,33.529853],[10.703624,33.496039],[10.717133,33.483547],[10.738129,33.478013],[10.780528,33.485745],[10.856212,33.524319],[10.892263,33.533271],[10.909434,33.539618],[10.925141,33.55508],[10.927160646209064,33.56008608253807],[11.080308396042113,33.58574243957185],[11.082020947174621,33.58352221831006],[11.08202094985947,33.5835222047331],[11.108164999999998,33.54962798988652],[11.111583000000001,33.54002498988159],[11.116620999100478,33.48997299879273],[11.116497860959502,33.48980773201758],[11.103897118514158,33.472896998822094],[11.103897280730408,33.47289617851364],[11.089929,33.454149],[11.110783,33.39297],[11.102074,33.364081],[11.124289117062128,33.36977706617233],[11.124289118982805,33.36977705645969],[11.131113999999998,33.37152698979577],[11.150890000000002,33.353948989786886],[11.170664999999996,33.331772989775594],[11.193858,33.32098998977011],[11.217783999999998,33.316310989767764],[11.269053999999995,33.29425698975652],[11.293711990259007,33.28681099269426],[11.287364,33.28205],[11.284434,33.280829],[11.28004,33.280015],[11.181895,33.306789],[11.135870113448625,33.311213332726425],[11.135852103156711,33.31121506404028],[11.133637,33.311428],[11.121837,33.280015],[11.131521,33.268052],[11.146435704571939,33.25778438399058],[11.14643570692104,33.25778437211145],[11.147716000000003,33.2569029897376],[11.163340999999999,33.24262098973037],[11.170176999999997,33.22101498971939],[11.179534999999996,33.21108598971433],[11.201507999999997,33.21116798971441],[11.245372,33.21792198971786],[11.287851999999997,33.21010998971387],[11.319658255892135,33.20018768310547],[11.31965828888074,33.20018768310547],[11.372244,33.183783],[11.416759,33.183783],[11.433116,33.193549],[11.430388169932101,33.20018767281432],[11.43038816570347,33.20018768310547],[11.427582,33.207017],[11.410655,33.21894],[11.392751,33.224107],[11.381358,33.230699],[11.367442,33.245266],[11.351899037249492,33.258856967428564],[11.442393000000001,33.204656989711076],[11.4536659370088,33.20018768310547],[11.453665962966266,33.20018768310547],[11.497813,33.182685],[11.499991111402425,33.1822519572741],[11.583885858785184,33.139925061444806],[11.587657,33.13231],[11.603038,33.121487],[11.635753,33.10871],[11.649374241253778,33.106884614584274],[12.228801239869435,32.8145499097762],[11.649480711204214,33.10687033618534],[11.756601999999999,33.09251498965433],[11.793467999999997,33.080755989648395],[11.793467982387835,33.08075600561768],[11.793468,33.080756],[11.77296,33.099351],[11.707774,33.117174],[11.691091015892907,33.13597198209226],[11.739267999999997,33.11298198966473],[11.847016,33.08283098964943],[12.080739999999999,32.95783098958636],[12.122405999999996,32.92133198956796],[12.160655,32.91168898956311],[12.224864000000002,32.875921989545105],[12.303883999999998,32.84308498952857],[12.343763303952354,32.833735781501375],[12.229605803335852,32.81458134091561],[12.343767904893012,32.83373471334405],[12.348318,32.832668],[12.572313138907655,32.81264811520937],[12.572313132918264,32.812648105257956],[12.729827999999992,32.798569989506206],[12.824391999999998,32.80434798950911],[12.841255733164397,32.80852963321604],[12.84082413455791,32.75019171926164],[12.841260353348005,32.808530789356354],[13.074474,32.86636],[13.115489,32.882148],[13.147716,32.903998],[13.164724,32.912746],[13.187755,32.916246],[13.257091,32.918647],[13.346679220332533,32.90501164352169],[13.453319498726549,32.81475474723737],[13.346684060446474,32.90501089641451],[13.351735999999994,32.90424198955937],[13.363128999999999,32.899562989557005],[13.373545999999997,32.89203498955321],[13.516415284103958,32.827620516570434],[13.45409828289554,32.81456540234064],[13.516417523973514,32.82761951717532],[13.571462,32.802802],[13.616954,32.793402],[13.759656213565757,32.79862316040607],[13.759656213451594,32.79862314990814],[13.787119999999998,32.79962798950674],[13.830333000000001,32.79409398950395],[13.915293999999996,32.772772989493234],[13.976098476353128,32.75019073486328],[13.976098504673953,32.75019073486328],[13.991222,32.744574],[14.096080981770067,32.72927346088079],[14.443767050939964,32.493528719584866],[14.096091340189929,32.72927193889934],[14.175548,32.71767798946561],[14.185313,32.71450398946406],[14.20338,32.70034398945694],[14.209321000000001,32.69721098945536],[14.226329,32.69090398945222],[14.262461999999996,32.660304989436874],[14.317149,32.63043898942195],[14.404062999999999,32.56683998939016],[14.449391999999996,32.525376989369434],[14.469492999999996,32.519028989366305],[14.514294452209393,32.512574179834914],[14.44481152872304,32.493176252091985],[14.51429918058225,32.51257350922726],[14.631602,32.495673],[14.647634,32.488267],[14.662934,32.476752],[14.706716,32.456285],[14.726817,32.450751],[14.73680321012905,32.450380646753885],[14.736803216458302,32.45038063585128],[14.911143000000001,32.44391498932885],[15.010046554376588,32.428794860839844],[15.010046624227574,32.428794860839844],[15.071750704109462,32.419361695151025],[15.28062682535879,32.301192650302305],[15.071753968952274,32.41936118534668],[15.114756999999997,32.41278698931342],[15.160003999999999,32.39866798930638],[15.181976999999996,32.39549398930479],[15.195974,32.389796989301956],[15.233245999999996,32.34711298928081],[15.269704999999998,32.32884298927169],[15.283051,32.31728798926596],[15.292166,32.28091098924795],[15.300792000000001,32.26080998923801],[15.322601999999998,32.22418898921986],[15.364512999999997,32.17470898919542],[15.370452999249423,32.15908399116207],[15.368663,32.138007],[15.35963,32.102118],[15.356863,32.061672],[15.355235,32.03852],[15.355235000406982,32.038519994916065],[15.355235,32.038519989128325],[15.361094999999999,31.96531798909239],[15.370453,31.929388989074763],[15.490408,31.664861988945788],[15.514414999999998,31.628362988928078],[15.525838981822,31.614546144617904],[15.425503801647293,31.65713975075313],[15.525840549416765,31.614544259754],[15.603467935243907,31.52065707397478],[15.603467943012445,31.520657053455036],[15.622812999999999,31.49725998886468],[15.687510999999997,31.437811988836035],[15.761484999999997,31.388128988812138],[16.044607,31.27553898875819],[16.358653,31.227117988735035],[16.728038000000005,31.223821988733487],[16.813384045493912,31.20764923095703],[16.813384104989574,31.20764923095703],[16.941905,31.183295],[17.16033,31.118801],[17.31733462845158,31.08900602249077],[17.416739034143564,31.06301821100414],[17.41863,31.062161],[17.447276,31.038723],[17.457774,31.033352],[17.466807,31.029975],[17.613943,30.992499],[17.691742,30.959662],[17.776052,30.935207],[17.848643,30.923651],[17.861664,30.913642],[17.889171,30.877916],[17.907481,30.863511],[17.926768,30.85517],[18.016856,30.837877],[18.152927990965743,30.793393049050575],[18.22215752157803,30.757843329351857],[18.152960666993312,30.793382355302864],[18.175304,30.786077988526664],[18.208344000000004,30.769231988518754],[18.235688,30.7468119885083],[18.324229,30.6568869884664],[18.568369999999994,30.500066988393783],[18.623301999999992,30.44574598836877],[18.653168000000004,30.422308988357997],[18.719249,30.39150598834382],[18.760996999999996,30.384222988340493],[18.780528,30.37592198833667],[18.787147985975754,30.372163772583008],[18.78714800652339,30.372163772583008],[18.925955,30.293362],[18.944384227859555,30.286517784343744],[18.944384236215544,30.286517769536303],[18.968028,30.277736988291775],[19.056814,30.26618098828652],[19.086424315203622,30.26569463720749],[18.968862894142315,30.24367487674334],[19.086449148576143,30.26569424103165],[19.146007,30.264716],[19.239757,30.273993],[19.291637,30.287055],[19.338552,30.298814],[19.397044080167813,30.323856676579485],[19.654649987561186,30.372096314324786],[19.39707875472552,30.323871510384794],[19.418956000000005,30.333237988317144],[19.530527999999997,30.39679598834622],[19.551036,30.40493398835002],[19.596038999999994,30.412013988353245],[19.616384000000004,30.42137298835753],[19.748871000000005,30.510931988398774],[19.914317,30.68292898847851],[19.958181,30.74970098850963],[19.982188,30.77863198852317],[20.018727999999996,30.80377798853492],[20.036469,30.819077988542087],[20.099863999999997,30.935003988596584],[20.14665799999999,31.045558988648747],[20.1511207982489,31.07896964627136],[20.202085492513536,30.88631057534721],[20.202085494995117,30.886310577392578],[20.151125836016828,31.07900737276432],[20.152354,31.088202],[20.14886165648817,31.16703785342248],[20.214232296386125,31.27181278628212],[20.14886118179848,31.167048569025514],[20.146658,31.216783],[20.128103,31.242987],[20.103282,31.308743],[20.082205,31.336615],[20.038341,31.375881],[20.022227,31.396796],[19.954845,31.559475],[19.948904,31.60102],[19.948009,31.645087],[19.944347,31.661444],[19.926931,31.699164],[19.920665,31.717719],[19.917247000357847,31.759222995654746],[19.919688,31.80467398901384],[19.934336999999992,31.88841398905471],[19.948009,31.925970989073125],[19.9480089985034,31.925970995888843],[19.948009,31.925971],[19.945811,31.935981],[19.941742,31.946926],[19.9401150012351,31.957749991783203],[19.944590999999996,31.96751498909348],[19.957205000000002,31.98273298910092],[20.048024999999992,32.14606398918127],[20.0592612997167,32.16056573848053],[20.08907508701864,32.10742186680455],[20.089075088500977,32.107421875],[20.059262786926077,32.16056766870846],[20.071544,32.176418],[20.140973403424177,32.23596954345703],[20.14097341598556,32.23596954345703],[20.261729,32.33954498927705],[20.277191999999996,32.36082598928759],[20.29267713966038,32.376546335706394],[20.246117075992025,32.235982370918215],[20.29273609097898,32.376606193152455],[20.32545,32.409817],[20.345714,32.419908],[20.385509,32.434638],[20.403331,32.447333],[20.414630542802865,32.45753692136041],[20.48140053162616,32.42904753614169],[20.414631456284795,32.45753773560536],[20.416758999999995,32.45945898933661],[20.562673,32.557846989385695],[20.689788972137507,32.60413357980114],[20.71593474748582,32.557350158691406],[20.71593475341797,32.557350158691406],[20.689791191093395,32.60413439837814],[20.796174430767564,32.642871603125954],[20.87063880165782,32.62179865699448],[20.796176464076517,32.64287233294052],[20.796559999999996,32.643011989428224],[20.934093,32.722601989468096],[21.050955,32.77228398949302],[21.057809414845384,32.773601218138616],[20.87133520578653,32.6217032943035],[21.057843646408134,32.773607807002975],[21.09669,32.781073],[21.286794,32.771145],[21.305742418666906,32.77261556708252],[21.410914610605644,32.75035159624812],[21.305747486731,32.7726159499029],[21.331879000000004,32.774643989494194],[21.414805999999995,32.79340198950361],[21.4546,32.81256698951325],[21.608652999999997,32.93073198957269],[21.62322,32.93675398957573],[21.671722999999997,32.9398869895773],[21.71631899999999,32.95038498958262],[21.743662999999998,32.93085398957275],[21.78744599999999,32.915960989565264],[21.80493582847796,32.912583060911246],[21.411980744432775,32.7503171843468],[21.804958115154065,32.91257876697148],[21.836111,32.906562],[21.877452,32.903225],[21.990162042946295,32.91345623804702],[23.088496487769454,32.62187609955931],[21.990196955204436,32.91345939676625],[22.096201999999995,32.923081989568814],[22.101329,32.92641798957054],[22.11182700000001,32.94090398957782],[22.116709999999994,32.94415898957946],[22.138844999999993,32.94757698958117],[22.149587000000004,32.947942989581335],[22.161388,32.94415898957946],[22.169443999999988,32.93821798957645],[22.171071999999995,32.93292898957383],[22.171071999999995,32.92625598957043],[22.175058999999997,32.91624598956539],[22.206797999999992,32.88812898955125],[22.247325000000004,32.8808449895476],[22.339609999999997,32.88214798954822],[22.379160999999996,32.87034698954228],[22.477305999999995,32.80707398951049],[22.496754999999993,32.797308989505574],[22.513845,32.79096098950236],[22.532237000000006,32.78754298950063],[22.578868000000003,32.78461298949922],[22.812510999999997,32.72451398946903],[22.866709999999994,32.69415898945386],[22.884532000000004,32.68976498945166],[22.895844,32.68817798945088],[22.929209999999998,32.676702989445076],[22.942638,32.67503498944429],[22.976898999999996,32.676702989445076],[22.999684999999992,32.67055898944202],[23.041352000000003,32.65253298943298],[23.086436,32.646469989429974],[23.106129999999993,32.63983798942662],[23.118662999999994,32.62933998942137],[23.12094199867722,32.61521999760985],[23.115245,32.604926],[23.097911,32.586656],[23.094412,32.577379],[23.094412001163168,32.577378992479325],[23.094412000000005,32.5773789893954],[23.103852000000007,32.51634298936498],[23.113291999999998,32.5007999893572],[23.128672999999996,32.48847098935108],[23.148935996401978,32.47809499118835],[23.140961,32.458564],[23.128429,32.395494],[23.108653003460805,32.4023299988037],[23.112152999999992,32.41193298931295],[23.112152998335773,32.41193299543384],[23.112153,32.411933],[23.109874,32.420315],[23.103363,32.428168],[23.094412,32.436469],[23.09439168421929,32.43636007687534],[23.080562923825884,32.362224399076844],[23.078272784901063,32.36422629089173],[23.080564077276442,32.362223317063005],[23.079112,32.354438],[23.080577,32.334052],[23.095551,32.323554],[23.14240300754697,32.30816572045985],[23.29737098464372,32.17269771744532],[23.14240570424576,32.3081648240057],[23.156505000000003,32.30353398925918],[23.178966,32.29995398925737],[23.195078999999996,32.291652989253286],[23.214529,32.272405989243744],[23.230805,32.250636989232945],[23.2435,32.22060798921811],[23.257335000000005,32.2137719892147],[23.273204000000003,32.20970298921271],[23.285411000000003,32.20376198920976],[23.293224000000002,32.19232798920414],[23.302082888850244,32.171695709228516],[23.302082917036333,32.171695709228516],[23.302501,32.170722],[23.312185,32.162746],[23.31121532745135,32.17169569842248],[23.31121532628055,32.171695709228516],[23.310395,32.179267],[23.29908300295991,32.22418898824566],[23.31837,32.21784098921673],[23.36198999999999,32.21710798921635],[23.37086,32.214015989214865],[23.398936,32.19403698920499],[23.405283999999998,32.19065998920331],[23.531098,32.18138298919871],[23.669687999999994,32.183253989199656],[23.840342999999987,32.14911498918281],[23.99870899087876,32.093898992335795],[23.975271,32.074205],[23.970714,32.066596],[23.970714004912605,32.0665959973449],[23.970714,32.06659598914213],[23.97876999999999,32.06224198914],[24.004893000000006,32.05292398913543],[24.067881999999994,32.011175989114896],[24.090667999999997,32.0057639891122],[24.280934999999996,32.00755398911312],[24.546072000000002,31.991440989105186],[24.63624099999999,32.0148789891167],[24.658539,32.02863198912347],[24.670258,32.03241598912536],[24.710623,32.02557998912197],[24.718597999999997,32.02753298912291],[24.726329000000007,32.03131698912481],[24.733735,32.033148989125664],[24.741873,32.02899798912362],[24.74586,32.02618998912228],[24.758067,32.01996498911918],[24.771983,32.01674998911762],[24.791758999999995,32.007757989113216],[24.824391999999996,32.002996989110834],[24.865408000000002,31.98932498910414],[24.981699999999993,31.9679219890937],[25.017914,31.94904198908438],[25.0333759983317,31.916326992598222],[25.024425,31.876614],[25.02441990262705,31.876563137587084],[25.02315427609136,31.863937230056273],[24.89703532188716,31.974875120468777],[25.023154498688697,31.863936732138516],[25.022227,31.854682],[25.029552,31.8369],[25.063731,31.804104],[25.1097232710397,31.746878059205763],[25.109723252446187,31.746877687015157],[25.116872999999995,31.73798198898132],[25.122080999999994,31.72085198897299],[25.136729000000006,31.692571988959262],[25.156260995354465,31.66307199596121],[25.152517,31.659817],[25.15089,31.65648],[25.149425,31.648871],[25.149425001056166,31.64887099442356],[25.149425,31.64887098893799],[25.161793999999997,31.58356398890635],[25.172862000000002,31.55158098889089],[25.190928999999997,31.53147998888119],[25.212575999999995,31.52635298887875],[25.263437999999997,31.523667988877403],[25.302093999999997,31.506536988869147],[25.322764999999997,31.506414988869132],[25.3685,31.51227398887192],[25.378103,31.50971098887067],[25.389658999999998,31.50511298886844],[25.401866,31.503159988867502],[25.420176999999992,31.512192988871856],[25.444835000000005,31.5176459888745],[25.473888000000002,31.520493988875874],[25.636484999999993,31.56069598889531],[25.824066999999992,31.61493598892157],[25.868825999999995,31.62091698892446],[25.966807,31.61660398892238],[26.362152999999992,31.52191798887661],[26.650644999999997,31.48875598886055],[26.667246999999996,31.48094298885682],[26.683116,31.47622298885452],[26.732920999999997,31.479233988855952],[26.753183999999997,31.477483988855127],[26.783965629094666,31.464719772338867],[26.78396565598596,31.464719772338867],[26.824718,31.447821],[26.865733,31.436835],[26.911632,31.43651],[26.927961860693927,31.441782167174857],[27.296078287032625,31.336577498954767],[26.927966798703384,31.441783750270833],[26.947927,31.44822798884105],[26.965504999999993,31.449651988841712],[26.982595,31.439926988837076],[26.99643,31.428696988831653],[27.006520999999996,31.425034988829896],[27.015797999999997,31.4244649888296],[27.027029,31.42226798882856],[27.054373,31.408636988822014],[27.117361,31.390447988813253],[27.185069000000006,31.384344988810344],[27.209972000000004,31.378118988807316],[27.226247999999995,31.367661988802322],[27.232432000000006,31.372259988804554],[27.242035,31.377345988807008],[27.246104,31.381292988808873],[27.257986,31.38003198880826],[27.32064899999999,31.38100798880872],[27.327484999999996,31.37921798880787],[27.334808999999993,31.375148988805883],[27.34229599905972,31.368231989671298],[27.34197,31.364651],[27.340099,31.360989],[27.340099002177908,31.360988993061817],[27.340099,31.360988988799118],[27.342296,31.35398998879576],[27.349783,31.34129498878968],[27.35434,31.335760988787015],[27.359386000000004,31.333481988785916],[27.36231499999999,31.33051198878452],[27.36378,31.31549698877731],[27.366466000000003,31.309637988774544],[27.373545999999997,31.29840698876915],[27.383474,31.268499988754844],[27.39356499999999,31.25470598874822],[27.417491000000002,31.237208988739898],[27.4463,31.223211988733205],[27.478038,31.213934988728756],[27.540538,31.2057559887249],[27.56543999999999,31.19696698872072],[27.587738000000005,31.193100988718875],[27.609874000000005,31.203191988723663],[27.660329999999988,31.180242988712696],[27.719493000000003,31.189275988717007],[27.835703999999993,31.23794198874023],[27.852875000000004,31.240301988741365],[27.863292,31.23354698873813],[27.86849999999999,31.219386988731355],[27.869884000000003,31.199773988722043],[27.872731999999992,31.191595988718152],[27.89031,31.155421988700905],[27.894297999999996,31.122625988685318],[27.897146,31.11440698868143],[27.926930999999996,31.099025988674136],[27.975108,31.093084988671293],[28.154552,31.093328988671406],[28.16627,31.090765988670178],[28.175304000000008,31.084905988667415],[28.183278999999988,31.078314988664285],[28.191417,31.07343198866198],[28.203867999999993,31.070501988660585],[28.233572,31.07343198866198],[28.256358,31.07127498866097],[28.299083,31.061956988656537],[28.318369999999994,31.059800988655518],[28.338634,31.0641139886576],[28.382090999999996,31.08274998866642],[28.404959000000005,31.086492988668162],[28.424326999999998,31.08344098866673],[28.442231,31.076401988663388],[28.457774,31.066839988658852],[28.469737000000002,31.056056988653747],[28.478525999999988,31.05182498865175],[28.514170999999997,31.05231398865199],[28.52759899999999,31.050115988650926],[28.538258999999993,31.046535988649218],[28.555024,31.03872298864552],[28.732677,30.984075988619743],[28.76824,30.966701988611536],[28.787771,30.9596619886082],[28.812022000000002,30.95677298860681],[28.818043999999997,30.951157988604177],[28.824961999999996,30.924464988591613],[28.828868000000003,30.915187988587245],[28.835704000000003,30.910792988585204],[28.854339999999997,30.905950988582894],[29.028086999999992,30.827052988545827],[29.189220000000006,30.83323798854874],[29.218922999999993,30.838038988551006],[29.355724000000006,30.895086988577795],[29.448017939716383,30.933623596180396],[29.39709778864428,30.822063606080285],[29.44805542367674,30.933639258716877],[29.503266,30.956692],[29.549870925144514,30.986748926845937],[29.632017330907548,30.951089464301194],[29.54987167302717,30.986749397799077],[29.556326000000002,30.99091198862295],[29.598074000000004,31.009507988631693],[29.60377,31.012029988632904],[29.611012999999993,31.02191798863762],[29.61866299999999,31.02928298864106],[29.765961,31.12156798868484],[29.781504999999996,31.147934988697344],[29.809336999999996,31.14231998869467],[29.83147317160183,31.151310689311668],[29.86956023705243,31.079113004064904],[29.86956024169922,31.079113006591797],[29.831478311973054,31.15131278839645],[29.83839,31.15412],[29.884613,31.189521],[29.875662,31.200873],[29.871837,31.200141],[29.863536,31.196357],[29.869151,31.206488],[29.876964,31.213568],[29.884776,31.213772],[29.89088,31.203192],[29.898204,31.203192],[29.909679,31.214097],[29.956228,31.250067],[29.969981,31.257799],[29.983165,31.263251],[29.990410073007936,31.271915435791016],[29.99041008240963,31.271915435791016],[30.003102999999996,31.287094988763705],[30.011241,31.29254798876635],[30.02507599999999,31.29486698876742],[30.03296999999999,31.300359988770108],[30.039561000000003,31.307114988773307],[30.049082999999996,31.31305598877611],[30.049082988427298,31.31305599277952],[30.049083,31.313056],[30.045909,31.314154],[30.043224,31.314154],[30.041677001163112,31.315496998990266],[30.042247,31.32050198877973],[30.069590998792638,31.333481988212792],[30.066661,31.304877],[30.06666100107486,31.30487699926588],[30.066661000000003,31.304876988772264],[30.094899999999996,31.285589988762997],[30.098481000000003,31.28465398876257],[30.135996999999993,31.274847988757855],[30.167416842641305,31.271915435791016],[30.167416963106252,31.271915435791016],[30.172618,31.27143],[30.164399,31.266995],[30.153087,31.255845],[30.144705,31.251614],[30.144054,31.246568],[30.145518,31.245103],[30.148611,31.245063],[30.15211,31.244127],[30.140147,31.23725],[30.143728,31.229478],[30.154633,31.222154],[30.165212,31.216783],[30.206798,31.237942],[30.201671,31.226508],[30.207205,31.220893],[30.215831,31.219387],[30.22047,31.220201],[30.224376,31.226874],[30.254568,31.251614],[30.257335,31.246812],[30.258067,31.246405],[30.261404,31.244127],[30.263845,31.249905],[30.265961,31.253241],[30.267751,31.25731],[30.268809,31.265286],[30.275076,31.265286],[30.274587,31.254543],[30.276622,31.246405],[30.281423,31.240912],[30.288748,31.237942],[30.292735,31.244574],[30.302989,31.27143],[30.301890204567364,31.271915424547476],[30.301890179116757,31.271915435791016],[30.287608,31.278225],[30.273448,31.275295],[30.270623814572367,31.27406910788507],[30.265662182918128,31.271915435791016],[30.26566222841822,31.271915435791016],[30.258637,31.268866],[30.240896,31.265286],[30.240896,31.27143],[30.243971753003734,31.271915435791016],[30.243971824225437,31.271915435791016],[30.243988,31.271917988756474],[30.244009897537822,31.271915435791016],[30.24400999394708,31.271915435791016],[30.251313,31.271064],[30.254568,31.27143],[30.254568,31.271915424547476],[30.254568,31.271915435791016],[30.254568,31.278265988759497],[30.254568,31.278266],[30.238455,31.273993],[30.190628872066235,31.271915435791016],[30.19062861323671,31.271915424547476],[30.179454,31.27143],[30.179454,31.271915424547476],[30.179454,31.271915435791016],[30.179453999999996,31.278265988759497],[30.216563,31.286443988763423],[30.251720000000002,31.303411988771533],[30.301889500877248,31.34212515165041],[30.338792794993537,31.271915435791016],[30.33879280090332,31.271915435791016],[30.301894103013044,31.342128714086247],[30.312836,31.350572],[30.334483,31.381008],[30.348399,31.421332],[30.352387,31.463202],[30.35201774645893,31.464719761187837],[30.352017743746014,31.464719772338867],[30.343923002709005,31.49799198886505],[30.350758999999993,31.49799198886505],[30.355723999999995,31.478826988855793],[30.362409310741864,31.464719772338867],[30.362409425514464,31.464719772338867],[30.364594,31.46011],[30.378429,31.446682],[30.398611,31.443345],[30.370616,31.461615],[30.3690487275818,31.464719761187837],[30.369048721952797,31.464719772338867],[30.35572400235911,31.491115995326613],[30.362153000000003,31.508733988870226],[30.398610999999995,31.491155988861745],[30.425629000000004,31.4736189888533],[30.45073286962725,31.464719772338867],[30.450732901083146,31.464719772338867],[30.456391,31.462714],[30.492524,31.459215],[30.535818,31.463853],[30.539592918556163,31.464719772338867],[30.539592967120445,31.464719772338867],[30.676524,31.49616098886416],[30.969553724952974,31.585416784388034],[30.96912698547014,31.579325098724702],[30.958751,31.57807],[30.866384,31.548285],[30.789073,31.510321],[30.736095,31.488715],[30.729638174318694,31.484957724398157],[30.694859433056003,31.464719772338867],[30.694859536166767,31.464719772338867],[30.69337,31.463853],[30.687755,31.461615],[30.674083,31.459662],[30.666026,31.457017],[30.628103,31.434312],[30.610688,31.429145],[30.570974,31.426581],[30.562348,31.422268],[30.557872,31.422187],[30.542654,31.402411],[30.542654,31.394965],[30.563243,31.390204],[30.570323,31.390082],[30.576671,31.394965],[30.583507,31.394965],[30.598643,31.387356],[30.62672,31.388658],[30.653819,31.395819],[30.666026,31.405504],[30.675059,31.421576],[30.695079,31.416897],[30.715994,31.402086],[30.72755,31.388129],[30.734386,31.388129],[30.740733,31.405504],[30.756196,31.423],[30.774669,31.436835],[30.789561,31.443345],[30.798513,31.446479],[30.809581,31.442084],[30.822602,31.434719],[30.837413,31.429145],[30.846853,31.430162],[30.859711,31.433336],[30.873709,31.434516],[30.885753,31.429145],[30.88266,31.428127],[30.879893,31.428168],[30.878429,31.426988],[30.878917,31.422268],[30.892426,31.419094],[30.909434,31.423814],[30.926443,31.433051],[30.939708,31.443345],[30.937266,31.444403],[30.934825,31.444241],[30.933279,31.445136],[30.933604,31.449612],[30.937022,31.451728],[30.937511,31.452623],[30.937673,31.453803],[30.939708,31.457017],[30.973969,31.444078],[30.980724,31.43651],[30.990001,31.443264],[30.996918,31.451117],[31.008067,31.47134],[31.002208,31.479641],[31.005707,31.486233],[31.021739,31.497992],[31.024669,31.504055],[31.023611,31.509182],[31.023285,31.513821],[31.029145,31.5185],[31.034923,31.51968],[31.0713,31.51732],[31.08074,31.514228],[31.097423,31.504828],[31.100108,31.501044],[31.099783,31.496405],[31.101573,31.492499],[31.111095,31.491156],[31.119151,31.493109],[31.125255,31.497789],[31.129242,31.504462],[31.111095,31.512274],[31.117524,31.516018],[31.123546,31.51789],[31.130382,31.516995],[31.12150976420346,31.52745795448708],[31.243412095975508,31.474463436901033],[31.121509682747536,31.527458050547377],[31.118966011566073,31.530457780988733],[31.11896560511151,31.530458260317246],[31.111095,31.53974],[31.070811,31.565375],[31.023204,31.582994],[30.978038,31.584296],[30.987559,31.588935],[31.01238,31.59691],[31.097423,31.607896],[31.128673,31.604926],[31.162330661129342,31.595799024112672],[31.16233065489314,31.59579901471605],[31.220957999999996,31.5799009889046],[31.349946,31.529648988880293],[31.378590999999997,31.518499988874932],[31.419606999999992,31.491155988861745],[31.48590455193368,31.464719772338867],[31.48590457989854,31.464719772338867],[31.523692,31.449652],[31.556814,31.443345],[31.571625,31.443752],[31.597423,31.444485],[31.679694206869378,31.464719772338867],[31.679694252207522,31.464719772338867],[31.748302,31.481593988857135],[31.837901000000006,31.5253359888782],[31.87435999999999,31.535589988883206],[31.912934,31.534897988882843],[31.94483500000001,31.520940988876117],[31.959158000000006,31.49432998886327],[31.964202999999994,31.482407988857506],[31.99577900000001,31.445745988839874],[32.00904400000001,31.417181988826094],[32.024913,31.40005098881786],[32.056976999999996,31.375148988805883],[32.067556,31.37107998880394],[32.091969999999996,31.366399988801703],[32.093761,31.365667988801377],[32.104259,31.36147698879938],[32.129161,31.337387988787793],[32.135265,31.333481988785916],[32.149668999999996,31.327785988783205],[32.189464,31.300766988770274],[32.19955497041137,31.29507100546924],[32.168956,31.300727],[32.0700790248008,31.35398998664032],[32.07569399999999,31.353501988795536],[32.080089,31.35398998879576],[32.082774,31.352768988795177],[32.090587,31.34715398879247],[32.090586995049954,31.347154003557467],[32.090587,31.347154],[32.088145,31.354438],[32.083507,31.358832],[32.076508,31.360907],[32.056,31.36286],[32.051443,31.366441],[32.048839,31.370998],[32.043956,31.375149],[32.017345,31.387519],[32.006602,31.395331],[32.002452,31.394965],[31.994965,31.394965],[31.991954,31.408515],[31.985688,31.420356],[31.97755,31.429877],[31.968272015616606,31.43650998883542],[31.981292999999987,31.43650998883542],[31.993499999999994,31.437811988836035],[31.993499990501387,31.437811998986877],[31.9935,31.437812],[31.943126,31.491645],[31.932384,31.507758],[31.917979,31.523993],[31.906586,31.529608],[31.906261,31.525336],[31.889496,31.53205],[31.882986,31.52851],[31.878917,31.5185],[31.865245,31.525336],[31.865001,31.522121],[31.865001000495266,31.52212099540254],[31.865000999999992,31.522120988876686],[31.865732999283857,31.515325995521177],[31.865245,31.512274],[31.861664,31.51435],[31.854747,31.516506],[31.850922,31.5185],[31.850922000592593,31.51849998856601],[31.850922000000004,31.518499988874932],[31.85132899950034,31.51064699851196],[31.849457,31.505072],[31.844737,31.497992],[31.8447370074233,31.497992],[31.844737000000002,31.49799198886505],[31.865244994452574,31.49799198886505],[31.859711,31.486884],[31.85971100314069,31.48688399516375],[31.859710999999997,31.48688398885967],[31.87410452440242,31.464719772338867],[31.87410457738605,31.464719772338867],[31.874817167928445,31.463622476052674],[31.874817161593196,31.46362245884923],[31.87501099820705,31.46332399160923],[31.872081,31.449612],[31.872081002384316,31.449612],[31.872080999999998,31.449611988841706],[31.878917,31.449611988841706],[31.878916999999994,31.443345],[31.872081,31.443345],[31.872081005529072,31.443344988838675],[31.872080999999994,31.443344988838675],[31.874278000000004,31.438909988836585],[31.877451999999998,31.434148988834284],[31.878916996730347,31.429145],[31.872081,31.429145],[31.868663,31.441352],[31.86731267338339,31.44324393213456],[31.86730131740527,31.443259842907295],[31.862071,31.450588],[31.851899,31.456122],[31.837901,31.457017],[31.841645,31.464504],[31.840764288007076,31.464719761187837],[31.84076424248987,31.464719772338867],[31.837657,31.465481],[31.837191249716692,31.465051902714276],[31.83683073977756,31.464719772338867],[31.83683074914587,31.464719772338867],[31.830414,31.458808],[31.824229,31.443345],[31.830414,31.442572],[31.833751,31.443793],[31.837901,31.449612],[31.844981,31.44481],[31.850597,31.442939],[31.858409,31.443345],[31.858409,31.43651],[31.850922,31.43651],[31.850922,31.429145],[31.854828,31.423163],[31.858853142345723,31.42027197529686],[31.858853139041077,31.420271966323053],[31.860605999999994,31.419012988827],[31.868419000000003,31.41657098882582],[31.878916988004015,31.416082989383213],[31.871837,31.409817],[31.861664,31.40762],[31.85471803945474,31.409043054366343],[31.854682549713598,31.409050325330636],[31.851736,31.409654],[31.844737,31.416083],[31.837901,31.416083],[31.838552,31.410834],[31.836681,31.409654],[31.833669,31.409817],[31.830414,31.408637],[31.834972,31.405748],[31.838552,31.402493],[31.844737,31.394965],[31.83074,31.379788],[31.827891,31.368354],[31.836925,31.361884],[31.837348541342816,31.36187597629275],[31.837348537248662,31.361875965175024],[31.858409,31.36147698879938],[31.858409,31.35399],[31.845063,31.356187],[31.836354576226412,31.35917685223368],[31.836306267232427,31.359193438100117],[31.834158,31.359931],[31.825043,31.360663],[31.816742,31.35399],[31.810557,31.35399],[31.803884,31.360053],[31.797211,31.359524],[31.792247,31.353583],[31.790212,31.343451],[31.794281,31.338446],[31.80128,31.334866],[31.802745,31.331285],[31.790212,31.326646],[31.790212,31.320502],[31.795909,31.310981],[31.78891,31.30744],[31.777517,31.304999],[31.769054,31.298774],[31.766938,31.284654],[31.773204,31.275865],[31.78419,31.273383],[31.794932,31.277696],[31.796397,31.278266],[31.794444,31.280015],[31.793142,31.280463],[31.79184,31.28144],[31.790212,31.285102],[31.804373,31.279975],[31.807008921958985,31.279488380118163],[31.807008918083316,31.27948836959374],[31.811209,31.27871298875971],[31.820567,31.278265988759497],[31.828624,31.274114988757514],[31.830250999999993,31.2648789887531],[31.830333000000003,31.255763988748757],[31.834157999999995,31.251613988746758],[31.845387999999993,31.24896898874551],[31.861013,31.242376988742336],[31.862742874438656,31.24132871302016],[31.780853784250805,31.207772140181067],[31.862745915659005,31.24132688134835],[31.875987,31.233303],[31.885753,31.223619],[31.893403,31.239936],[31.898611,31.246649],[31.906261,31.251614],[31.90211,31.242336],[31.900645,31.23607],[31.902029,31.230618],[31.906261,31.223619],[31.892589,31.223619],[31.892589,31.216783],[31.906261,31.216783],[31.903005,31.214586],[31.900157,31.213039],[31.898448,31.209906],[31.899425,31.203192],[31.904145,31.203843],[31.906912,31.205634],[31.90919,31.208075],[31.912934,31.210639],[31.914236,31.20897],[31.91391,31.206488],[31.91505,31.20425],[31.91977,31.203192],[31.91977,31.210639],[31.926606,31.210639],[31.921641,31.196479],[31.926443,31.186998],[31.934744,31.187567],[31.940278,31.203192],[31.951915,31.204576],[31.957494577995202,31.2096613612947],[31.95749458080697,31.209661352584174],[31.967539999999996,31.218816988731124],[31.986582999999996,31.23029198873658],[32.00928796166523,31.223619],[31.994965,31.223619],[31.99496499999999,31.22361898873341],[31.994965,31.218491988730968],[31.994965,31.216783],[31.994965000000004,31.216782988730156],[32.00928799999999,31.210638988727236],[32.011974,31.214788988729207],[32.01823999999999,31.219061988731262],[32.02279699999999,31.22361898873341],[32.03712000000001,31.216782988730156],[32.03712,31.210639],[32.03297,31.206204],[32.031261,31.202867],[32.029633,31.189521],[32.02963300144584,31.18952100056983],[32.029633,31.18952098871714],[32.040782,31.193914988719268],[32.04395599743905,31.19635698675007],[32.042328,31.187934],[32.040375,31.182318],[32.036794,31.178616],[32.029633,31.175849],[32.029633000000004,31.17584898871061],[32.029633,31.169623],[32.029633,31.169622988707683],[32.036387999999995,31.161077988703607],[32.03687599950513,31.15029499963321],[32.016124,31.134914],[32.016123999999984,31.13491398869119],[32.016123999999984,31.12807898868791],[32.026865999999984,31.127671988687712],[32.035167,31.12970598868868],[32.041025999999995,31.13426298869087],[32.043956,31.141749988694414],[32.050140999999996,31.141749988694414],[32.051443,31.131170988689373],[32.05233799999999,31.128769988688244],[32.05453500000001,31.12299198868554],[32.060557,31.117376988682842],[32.07007899999999,31.11440698868143],[32.070079,31.10692],[32.059906,31.104641],[32.052582,31.100775],[32.047618,31.094875],[32.043956,31.086493],[32.04395600423457,31.08649299836073],[32.043956,31.086492988668162],[32.04900099999999,31.084539988667238],[32.056977,31.079656988664908],[32.06658,31.084946988667404],[32.07553099999999,31.08637098866812],[32.083751,31.08441798866721],[32.090587,31.079656988664908],[32.090586991598144,31.079113006591797],[32.090587,31.079113006591797],[32.090587,31.073432],[32.083751,31.073432],[32.083751,31.065985],[32.093761,31.058539],[32.106456,31.053371],[32.119802,31.052924],[32.132091,31.059801],[32.132091,31.065985],[32.117442,31.066311],[32.107432,31.072821],[32.103513206700974,31.079112995256473],[32.103513199641085,31.079113006591797],[32.101248,31.08275],[32.097992003696966,31.09332898798825],[32.112966,31.09056198867011],[32.133148999999996,31.081731988665908],[32.142589,31.080267988665213],[32.146332,31.079656988664908],[32.14633199269232,31.079657001192892],[32.146332,31.079657],[32.13835700649221,31.093328988870038],[32.154306999999996,31.093816988671637],[32.159434,31.093328988671406],[32.159434,31.093329],[32.15943399999999,31.10077498867493],[32.159434,31.100775],[32.154959,31.101752],[32.154063001649114,31.102524998577273],[32.154307,31.103989988676457],[32.15430699854505,31.103989991264353],[32.154307,31.10399],[32.1528430044285,31.106593992123084],[32.154306999999996,31.10773298867824],[32.16626999999999,31.11440698868143],[32.16684,31.10834398867856],[32.169687999999994,31.107122988677965],[32.17416399999999,31.10757098867816],[32.179942,31.106919988677863],[32.179941995774044,31.106920000476133],[32.179942,31.10692],[32.17603600305603,31.117824991468],[32.183849,31.124944988686426],[32.194835000000005,31.125799988686843],[32.20573999999999,31.10919798867894],[32.218515999999994,31.105210988677065],[32.234141,31.104884988676915],[32.24822000000001,31.106919988677863],[32.272226999999994,31.118882988683538],[32.27831080923198,31.128448832088274],[32.30393218405469,31.079113006591797],[32.303932189941406,31.079113006591797],[32.27831458844534,31.12845478562517],[32.283458,31.136542],[32.280528,31.154975],[32.262462,31.169623],[32.286469,31.170356],[32.287364,31.170152],[32.289806,31.169623],[32.29477,31.199368],[32.294962284065235,31.20764923095703],[32.294962284327006,31.20764923095703],[32.295094999999996,31.213364988728493],[32.29509499975655,31.213364989515117],[32.295095,31.213365],[32.289806,31.230455],[32.27296,31.248847],[32.27051800268733,31.257553990418284],[32.28297,31.265285988753305],[32.28296998986831,31.265285993708787],[32.28297,31.265286],[32.267914,31.27265],[32.246755,31.279242],[32.226329,31.28205],[32.214122,31.278266],[32.20704200495036,31.29507098824989],[32.219493,31.293768988766903],[32.232677,31.292872988766472],[32.256601999999994,31.28880398876455],[32.30046599999999,31.281439988761015],[32.313813,31.272690988756814],[32.32007899999999,31.272690988756814],[32.331391,31.271429988756243],[32.33383199999999,31.25470598874822],[32.344249000000005,31.241888988742126],[32.359141,31.23346598873813],[32.389903,31.226507988734774],[32.401378,31.21710798873027],[32.42017699999999,31.196356988720407],[32.462657,31.161037988703562],[32.48121199999999,31.14887098869782],[32.50953199999999,31.106919988677863],[32.535818,31.086614988668206],[32.5437923295545,31.08232370678711],[32.53240831083484,31.079183130516594],[32.54379296706899,31.0823233750508],[32.565684,31.070543],[32.599701,31.06151],[32.601573,31.060981],[32.645518,31.059801],[32.687511,31.064439],[32.761974,31.081204],[32.79097617135006,31.093485293419477],[32.79097617615925,31.093485284127475],[32.850759,31.118800988683475],[32.86801199999999,31.130275988688958],[32.909189999999995,31.148178988697456],[32.920421,31.155421988700905],[32.927257,31.155421988700905],[32.92725699999999,31.147934999999997],[32.895356,31.137397],[32.83961,31.101223],[32.80714,31.093329],[32.80657447928756,31.093101790720205],[32.793825550559255,31.087979908491207],[32.793825659984606,31.087979697066668],[32.752452,31.071357],[32.666515,31.052314],[32.715017,31.052314],[32.715017,31.045559],[32.700694,31.038723],[32.731293,31.038764],[32.742849,31.042629],[32.749197,31.052314],[32.755382,31.052314],[32.756196,31.046536],[32.759451,31.0456],[32.763845,31.046332],[32.769542,31.045559],[32.80547395088286,31.06547362804486],[32.80547395544446,31.065473619231227],[32.831065,31.079656988664908],[32.882823,31.093572988671557],[32.89307699999999,31.10077498867493],[32.899262,31.10077498867493],[32.903494,31.09544498867241],[32.917734993342506,31.092230990173416],[32.914399,31.087307],[32.906749,31.086493],[32.906749,31.086492988668162],[32.906748999999984,31.079656988664908],[32.917246999999996,31.082830988666448],[32.94092899999998,31.093328988671406],[32.94092899999998,31.093328999999994],[32.94092899999998,31.09332901132858],[32.94092899999999,31.10077498867493],[32.940929,31.100775],[32.913585,31.100775],[32.91358499999999,31.106919988677863],[32.92709399999999,31.111801988680195],[32.94402099999999,31.107895988678337],[32.959483,31.09845598867387],[32.968761,31.086492988668162],[32.971202,31.080877988665513],[32.973318,31.071030988660866],[32.975107995976735,31.065985],[32.961274,31.065985],[32.96127403615341,31.06598498865844],[32.961273999999996,31.06598498865844],[32.994476999999996,31.05556898865349],[33.009939,31.056300988653835],[33.023447999999995,31.06598498865844],[33.023447999999995,31.065984999999998],[33.023448,31.07343198866198],[33.023448,31.073432],[33.013927,31.078192],[33.009125,31.079657],[33.009125,31.086492988668162],[33.047862,31.09511998867224],[33.05746499999999,31.10077498867493],[33.05746499462093,31.10077499683238],[33.057465,31.100775],[33.05250100235212,31.108302996432954],[33.054697999999995,31.11554598868195],[33.060069,31.123927988685924],[33.064301,31.13491398869119],[33.06430099564365,31.13491398869119],[33.064301,31.134914],[33.057465,31.134914],[33.051036,31.128119],[33.030284,31.114407],[33.02711,31.110745],[33.023774,31.107733],[33.023774,31.10773298867824],[33.023774,31.104641],[33.023774,31.104640988676767],[33.03028398570008,31.100774997167015],[33.016938,31.098131],[32.994151,31.098456],[32.970551,31.101467],[32.954438026661,31.10691999097732],[32.98463,31.10952398867909],[33.001801,31.12482298868639],[33.014415,31.14496498869591],[33.030283999999995,31.16217698870413],[33.042328,31.167221988706554],[33.067068,31.170965988708303],[33.07862400000001,31.17584898871061],[33.09783,31.191554988718142],[33.109386,31.196437988720437],[33.12647499999999,31.196356988720407],[33.126475,31.189521],[33.098643,31.189521],[33.09864300000002,31.18952098871714],[33.098643,31.183295],[33.098643,31.183294988714206],[33.111094999999985,31.17535998871038],[33.146983,31.13491398869119],[33.157724996112016,31.117864994853807],[33.153575,31.112372],[33.140961,31.109605],[33.126475,31.100775],[33.125255,31.103258],[33.125255,31.105901988677388],[33.125255,31.105902],[33.124034,31.107571],[33.118988,31.10692],[33.118988,31.106919988677863],[33.118987999999995,31.10077498867493],[33.135753,31.090765988670178],[33.14470499970958,31.07786698908255],[33.144298,31.062567],[33.133311,31.045559],[33.13331100945707,31.04555900328837],[33.13331100000001,31.045558988648747],[33.16911899999999,31.058009988654696],[33.187673,31.06167198865642],[33.200937999999994,31.059800988655518],[33.207693,31.06102098865614],[33.212413,31.060980988656105],[33.221446,31.059800988655518],[33.221446,31.059801],[33.221446,31.06598498865844],[33.221446,31.065985],[33.207774,31.073432],[33.200938,31.073432],[33.200938,31.07343198866198],[33.200938,31.065985],[33.194835,31.065985],[33.19483499999999,31.07343198866198],[33.247895,31.09125398867045],[33.26246199999999,31.10077498867493],[33.26978598886049,31.10077498867493],[33.262462,31.093329],[33.262462005809454,31.093328994577636],[33.26246199999999,31.093328988671406],[33.269786,31.086492988668162],[33.27719199999999,31.092107988670854],[33.285411,31.092718988671145],[33.292490999999984,31.088445988669097],[33.29656,31.079656988664908],[33.30396599999999,31.079656988664908],[33.304861,31.08812098866897],[33.30486099971961,31.088120997348312],[33.304861,31.088121],[33.304535,31.098212],[33.30323300880232,31.0997989892709],[33.317637999999995,31.10077498867493],[33.3176379784289,31.100774998538466],[33.317638,31.100775],[33.308116,31.105129],[33.298188,31.103909],[33.288748,31.104885],[33.277192046287816,31.106919991848763],[33.386485,31.11440698868143],[33.3864849946942,31.114406999636532],[33.386485,31.114407],[33.37769600481722,31.1325539900537],[33.390636,31.136216988691793],[33.406423,31.137273988692264],[33.40642300000001,31.155421988700905],[33.41724700000001,31.150783988698713],[33.42066499999999,31.147934988697344],[33.42750099999999,31.147934988697344],[33.44092899999999,31.15118998869893],[33.480805,31.133245988690376],[33.499522,31.12807898868791],[33.57252,31.12156798868484],[33.592051999999995,31.11440698868143],[33.592051999999995,31.114407000000003],[33.592052,31.121282988684694],[33.614757,31.115382988681894],[33.64795999999999,31.11725498868275],[33.85434000000001,31.16347898870475],[34.047048,31.229192988736067],[34.19849700000001,31.31329998877627],[34.200287,31.314275988776732],[34.222667,31.32664598878264],[34.236664,31.342352988790186],[34.281423,31.37669498880664],[34.301606,31.407700988821595],[34.348399,31.437648988835942],[34.368175,31.468165988850675],[34.443369999999994,31.534572988882665],[34.47877,31.578273988903785],[34.481212,31.583156988906158],[34.489512999999995,31.600408988914534],[34.51392699999999,31.62714298892748],[34.60233140496453,31.757198081117043],[34.63344955167334,31.657526014049996],[34.63344955444336,31.65752601623535],[34.602346413736576,31.75722017210343],[34.602712,31.757758],[34.60963,31.76553],[34.665945,31.873887],[34.68470890599657,31.910071288241937],[34.81294471137552,31.97882602691225],[34.684719266754925,31.91009125697817],[34.69320700000001,31.926458989073335],[34.711924999999994,31.951605989085653],[34.743337000000004,32.03986198912901],[34.743987999999995,32.04462298913134],[34.74398799930997,32.044622994953585],[34.743988,32.044623],[34.74268600068967,32.05560899418066],[34.74333699999999,32.060369989139055],[34.757009000000004,32.06659598914213],[34.79254243218082,32.16093309237375],[34.81304168585416,31.9788780206196],[34.81304168701172,31.978878021240234],[34.79262153507918,32.16114311212105],[34.837657,32.280707],[34.87318,32.430304],[34.88562939114397,32.482694768931744],[35.021741520463955,32.62160993422803],[34.88565519142807,32.48280333360766],[34.904145,32.56061398938706],[34.90984099999999,32.57025798939187],[34.915862999999995,32.61489498941416],[34.92090900000001,32.62824098942087],[34.92090899902712,32.62824099742685],[34.920909,32.628241],[34.91911900089726,32.64297099261639],[34.942068,32.72451398946903],[34.94752,32.81415398951405],[34.955577,32.834376989524195],[34.97046999999999,32.841375989527734],[34.983165,32.838771989526386],[35.00342899999998,32.827540989520756],[35.018727999999996,32.82501898951947],[35.02768,32.826605989520274],[35.04110170828139,32.83875077006621],[35.02175918948285,32.6216295512864],[35.04122946014034,32.83886637821623],[35.062755,32.858344],[35.067068,32.866848],[35.075531,32.893093],[35.0796,32.905829],[35.07781,32.917873],[35.06544,32.923082],[35.071544,32.937934],[35.078461,32.998847],[35.087214388235076,33.0198074413819],[35.214742554305744,33.07134966736576],[35.087215425580816,33.01980991497758],[35.09197000000001,33.03119498962334],[35.09620199999999,33.05035998963304],[35.096201998820405,33.050359994658095],[35.096202,33.05036],[35.09213300202732,33.0676939913636],[35.096446,33.07135698964368],[35.101817,33.077622989646805],[35.106456,33.080755989648395],[35.10645599382127,33.080755995827126],[35.106456,33.080756],[35.09962000861076,33.08759199138924],[35.10425899999999,33.0885279896523],[35.105235,33.08901598965258],[35.105235,33.089016],[35.10523499999999,33.090643989653415],[35.106456,33.09503798965559],[35.106455997021996,33.09503798928309],[35.106456,33.095038],[35.101899,33.094468],[35.10043400000001,33.09568899999999],[35.100434,33.09695048922331],[35.100434,33.09695048965657],[35.10043399999999,33.0982119896572],[35.100434,33.098212],[35.0996200018604,33.10126399302464],[35.105805,33.112453989664445],[35.11475699999999,33.12372498967012],[35.125499,33.13251398967456],[35.147634,33.14032598967857],[35.15479599999999,33.150294989683566],[35.16098099999999,33.16168898968936],[35.16781699999999,33.17015198969362],[35.167816995644294,33.170151994607615],[35.167817,33.170152],[35.161794008026725,33.176946990944444],[35.16781699999999,33.17788298969753],[35.171072,33.17658098969686],[35.174653,33.17015198969362],[35.20476300000001,33.2247989897213],[35.209158,33.254624989736456],[35.20915799871786,33.254624991298975],[35.209158,33.254625],[35.18832400555848,33.280014993226],[35.209726999999994,33.29340198975611],[35.224782999999995,33.31199798976556],[35.243662999999984,33.355698989787776],[35.246104,33.368882989794464],[35.246754999999986,33.39581898980818],[35.250498999999984,33.409734989815206],[35.268728,33.432602989826876],[35.275076,33.444972989833154],[35.27507599797826,33.44497299606034],[35.275076,33.444973],[35.27100700272945,33.45750599159297],[35.323009,33.49091198985657],[35.34913199999999,33.513860989868235],[35.360361999999995,33.543442989883346],[35.362477999999996,33.55634198988992],[35.364165870875915,33.56018021896577],[35.398403166188906,33.39306258885542],[35.39840316772461,33.393062591552734],[35.3641934401226,33.560242921715634],[35.400645,33.643134],[35.394379,33.64997],[35.394763039585484,33.65024948120117],[35.394763053412035,33.65024948120117],[35.409923,33.66128198994344],[35.42164100000001,33.70233798996445],[35.438487,33.71137098996907],[35.43848699947138,33.71137099971654],[35.438487,33.711371],[35.4378360004895,33.72337499097388],[35.47075723062716,33.790539471799626],[35.49934768471695,33.65024948120117],[35.49934768676758,33.65024948120117],[35.47078856517102,33.79060340918157],[35.477306,33.8039],[35.481293,33.823676],[35.483002,33.86518],[35.483246,33.872463],[35.479991,33.884263],[35.473806,33.893866],[35.47047,33.902086],[35.475841,33.90998],[35.486583,33.912991],[35.499766,33.9112],[35.511241,33.90705],[35.517345,33.902533],[35.524181,33.902533],[35.533865,33.90705],[35.548106,33.906195],[35.557465,33.905666],[35.572032,33.90998],[35.57838,33.916693],[35.587901,33.936591],[35.59311,33.94477],[35.59329959456249,33.947190976721],[35.683488358293495,33.97168356933292],[35.59329981660226,33.947193802087895],[35.593435,33.948919990090744],[35.59343499928179,33.94891999082905],[35.593435,33.94892],[35.59197,33.950426],[35.58570400935798,33.950913999271194],[35.594249,33.959295990096074],[35.606292999999994,33.98322199010834],[35.613536,33.99314999011344],[35.620127999999994,33.99510299011444],[35.636728999999995,33.99530699011456],[35.64088000000001,33.99941599011666],[35.640879999496526,33.999415999501615],[35.64088,33.999416],[35.640391,34.008531],[35.635753,34.013251],[35.630382,34.016099],[35.627208,34.019843],[35.62696400009598,34.04425699039682],[35.643320999999986,34.08807999016219],[35.647715999999996,34.119126990178145],[35.64771599908685,34.11912699354935],[35.647716,34.119127],[35.644542,34.130845],[35.630382,34.152818],[35.627208,34.166938],[35.627208,34.20111699022031],[35.630382,34.20844099022408],[35.644542,34.21698599022849],[35.64771600000001,34.22215399023114],[35.648284999999994,34.25360699024732],[35.652302231468035,34.28020412656945],[35.68381118676031,33.9717712399672],[35.68381118774414,33.971771240234375],[35.652344137643254,34.280481587150796],[35.653005,34.284857],[35.665212,34.311347],[35.688731,34.328315],[35.705821,34.316596],[35.714196603068075,34.32728387984124],[35.79096831514855,34.2938408002828],[35.71419698464925,34.32728435705188],[35.722179,34.33746999029051],[35.737315,34.36920799030687],[35.750742999999986,34.38979699031746],[35.806162999999984,34.41498399033043],[35.823578000000005,34.43451599034057],[35.823577996062944,34.43451599558435],[35.823578,34.434516],[35.805431,34.458686],[35.80543099999999,34.46491099035619],[35.82398499999999,34.46084199035413],[35.903330999999994,34.47797299036295],[35.95679799999999,34.52008699038466],[35.972910999999996,34.52977099038964],[35.983165,34.53864199039428],[35.98878,34.55271999040153],[35.98959399999999,34.59967699042575],[35.98959399985342,34.59967699154439],[35.989594,34.599677],[35.986827,34.620795],[35.980642,34.638495],[35.9699,34.649848],[35.965668,34.668443],[35.947439,34.69953],[35.940929,34.726223],[35.931163,34.740953],[35.928966,34.749823],[35.928966,34.79071699052445],[35.928966,34.790717],[35.926036,34.796942],[35.908458,34.821763],[35.904552,34.831773],[35.899099,34.852769],[35.866873003531964,34.92422099216888],[35.872895,34.92690699059488],[35.873546,34.93162699059734],[35.879567999999985,34.93805599060067],[35.881358,34.94497299060423],[35.88135799878427,34.944972995302116],[35.881358,34.944973],[35.879568,34.95189],[35.873546,34.958319],[35.873546,34.965154990614664],[35.87859099999999,34.96954999061695],[35.878916999999994,34.97015999061726],[35.87891699629431,34.97015999306604],[35.878917,34.97016],[35.876638,34.971666],[35.873546002310746,34.978826994648365],[35.881602,34.99286499062901],[35.88737999999999,35.00018999063283],[35.89535599999999,35.00678099063621],[35.900563999999996,35.02191799064406],[35.900563998736814,35.02191799632856],[35.900564,35.021918],[35.897309,35.036566],[35.891449,35.049954],[35.887869,35.061347],[35.88786899999999,35.10919799068922],[35.894216,35.12107999069537],[35.94125399999999,35.18056899072612],[35.95762058945153,35.19400786426827],[35.95974731350948,35.19400786426827],[35.959747314453125,35.194007873535156],[35.957620589451494,35.194007873535156],[35.962413,35.197943],[35.953298,35.224799],[35.915294,35.287909],[35.928966,35.321479],[35.927728333304316,35.32580031466203],[35.99294454626404,35.51578679166176],[35.92768372034246,35.32595608086862],[35.924083,35.338528],[35.91667700060856,35.403305994677126],[35.91895600000001,35.417669990848914],[35.91895599871133,35.41766999187784],[35.918956,35.41767],[35.908865,35.425727],[35.860606,35.479071],[35.840099,35.487372],[35.830089,35.493476],[35.825857,35.503323],[35.81837,35.508938],[35.802257,35.506903],[35.786794,35.502183],[35.781261,35.499579],[35.77051800112459,35.50421799951439],[35.77198299999999,35.51544799089956],[35.77711,35.529119990906665],[35.778087,35.54116399091289],[35.77808699931023,35.54116399149689],[35.778087,35.541164],[35.771983,35.546332],[35.73707100273337,35.561671998798985],[35.73878,35.56659599092603],[35.740896,35.5764829909312],[35.74333699999999,35.58209899093407],[35.74333699605948,35.58209899093407],[35.743337,35.582099],[35.737071,35.582099],[35.723399,35.575914],[35.72339899999999,35.58209899093407],[35.743419,35.587957990937156],[35.76335699999999,35.598292990942475],[35.778493999999995,35.61273799094991],[35.784353,35.63056099095918],[35.78435299886302,35.63056099654132],[35.784353,35.630561],[35.782074,35.64175],[35.773204,35.655463],[35.771169001218865,35.66779199261551],[35.776622,35.67511599098224],[35.80005899999999,35.68146399098552],[35.838552,35.74209199101692],[35.840343,35.74746299101974],[35.84034299990903,35.747462999727205],[35.840343,35.747463],[35.840099,35.770819],[35.835948,35.789984],[35.825369,35.813463],[35.81186,35.835395],[35.798595008700595,35.849676990632354],[35.846853,35.847234991071375],[35.87085999999999,35.851792991073694],[35.881032999999995,35.8666849910814],[35.885265,35.885971991091424],[35.911305999999996,35.91775099110783],[35.911388,35.91787299110786],[35.922699000000016,35.93158599111502],[35.924256379167424,35.93381391651492],[35.844883391996646,35.5801601267077],[35.92481759137381,35.934616773513646],[35.966075,35.993638],[35.976736,36.000963],[35.975434,36.0185],[35.955354717740555,36.07002924401292],[35.99007391148196,36.223986487461595],[35.95517791255942,36.07048297722927],[35.948416,36.087836],[35.878266,36.182074],[35.864513,36.196845],[35.852224,36.213528],[35.840994,36.244534],[35.826915,36.257554],[35.810802,36.269599],[35.798595,36.281684],[35.78736400064079,36.304266998711505],[35.788748,36.320257991315884],[35.815929000000004,36.353012991332776],[35.824474,36.36106999133695],[35.83423899999999,36.36627799133965],[35.844981,36.36896399134105],[35.85678099999999,36.36977799134146],[35.86182699999999,36.37352099134339],[35.87354599999998,36.397690991355915],[35.881847,36.4046899913595],[35.899425,36.41229899136341],[35.908457999999996,36.4181579913664],[35.91325899999999,36.4271909913711],[35.91871199999999,36.44818799138191],[35.93083699999999,36.454575991385234],[35.935557,36.459458991387706],[35.942393,36.46434199139028],[35.981781,36.47565299139612],[35.990245,36.47964099139814],[36.03744600000001,36.527044991422585],[36.044932,36.53766499142802],[36.055431,36.53827499142834],[36.162934,36.59341099145679],[36.178721999999986,36.596339991458315],[36.18913799999999,36.60398999146222],[36.20118199999999,36.62197499147149],[36.21119199999999,36.64240099148203],[36.216156,36.657781991489934],[36.216155999665105,36.65778199896233],[36.216156,36.657782],[36.215587,36.670478],[36.211599,36.679918],[36.206554,36.688707],[36.202485,36.699368],[36.20191500006927,36.70628499915936],[36.202485,36.769191991547274],[36.20248499992616,36.769191991850626],[36.202485,36.769192],[36.198741,36.784573],[36.188975,36.801744],[36.129893,36.869289],[36.09547,36.897121],[36.058604,36.918443],[36.020274,36.926337],[35.985037,36.915595],[35.950857,36.891018],[35.893809,36.834906],[35.880138,36.825914],[35.863617,36.822252],[35.853852,36.815823],[35.820649,36.785142],[35.805431,36.775092],[35.7671,36.767727],[35.684093,36.764635],[35.647716,36.753974],[35.636241,36.744615],[35.624522,36.72602],[35.61353600699642,36.71987500391344],[35.61744199999999,36.726792991525464],[35.618175,36.73163499152795],[35.618174998924154,36.73163499289326],[35.618175,36.731635],[35.61802122802854,36.73183014603057],[35.61796461898951,36.73190198636114],[35.615001,36.735663],[35.6067,36.740383],[35.596853,36.724921],[35.582286,36.712795],[35.573009,36.70067],[35.576223249885494,36.692898604725436],[35.5762231442066,36.69289850629383],[35.57943799999999,36.68512599150402],[35.59449299999999,36.70172799151257],[35.616873,36.69623399150973],[35.619802,36.71238799151806],[35.625499,36.71092399151729],[35.629161,36.708237991515894],[35.631684,36.70433199151393],[35.634044,36.699367991511345],[35.638682,36.706284991514906],[35.640473,36.713364991518574],[35.640472999090825,36.71336499640593],[35.640473,36.713365],[35.639171,36.720364],[35.634044004983835,36.72671099383024],[35.64812299999999,36.73322199152874],[35.65381899999999,36.72736199152577],[35.6574,36.71751499152071],[35.664806,36.71238799151806],[35.67579199999999,36.715317991519534],[35.685557,36.720770991522336],[35.696056000000006,36.723943991523996],[35.709157987611526,36.71987499536931],[35.650157,36.697821],[35.622569,36.680732],[35.6067,36.657782],[35.60670000121054,36.65778199324065],[35.6067,36.657781991489934],[35.608653,36.646876991484326],[35.622081,36.654241991488135],[35.66675899999999,36.69611199150968],[35.68002400000002,36.70306999151322],[35.69556698638154,36.706203988768955],[35.65797,36.675198],[35.652192,36.666734],[35.643728,36.648871],[35.637462,36.641018],[35.633149,36.630927],[35.632986,36.61815],[35.631358,36.607164],[35.623546,36.602525],[35.613943,36.600531],[35.598806,36.591498],[35.589366,36.589504],[35.55714,36.58747],[35.544688,36.589504],[35.513357,36.612982],[35.503673,36.616848],[35.49185379142632,36.61431506545342],[35.491845062615084,36.61431319481145],[35.490001,36.613918],[35.48543930659639,36.61045455932617],[35.332271575927734,36.61045455932617],[35.11265563964844,36.73930740356445],[35.112419551322134,36.739213660897335],[35.11265563964843,36.73930739509634],[35.332271575927734,36.61045455079174],[35.48543924027305,36.61045455079174],[35.481928559788294,36.60778904408548],[35.481212,36.607245],[35.478689,36.598538],[35.4786890023725,36.59853799964703],[35.478688999999996,36.5985379914594],[35.488535999999996,36.59707299145871],[35.49683699999999,36.594427991457316],[35.53101593007365,36.58270901542698],[35.48878,36.592027],[35.445486,36.59634],[35.437185,36.594224],[35.413259,36.583686],[35.408051,36.579291],[35.40447,36.571926],[35.395356,36.567613],[35.374034,36.561591],[35.347992,36.544379],[35.346039,36.541083],[35.335785,36.5456],[35.32016,36.564683],[35.308849,36.569037],[35.294688,36.572496],[35.04184,36.695217],[35.02041850717221,36.701296836032256],[35.01838243837013,36.701874712740214],[35.01838243718486,36.701874712269586],[35.014171,36.70307],[34.98227,36.720771],[34.962413,36.726711],[34.946462,36.727973],[34.93471714039489,36.72753734526686],[34.892860412597656,36.8681755065918],[34.581634521484375,36.8681755065918],[34.2507209777832,36.67487716674805],[33.97906494140625,36.28839111328125],[33.978392022821126,36.28832961000888],[33.97906494140625,36.288391104580725],[34.2507209777832,36.67487715824678],[34.58163452148438,36.86817549818994],[34.892860412597656,36.86817549818994],[34.934698300342355,36.72753664642853],[34.933279,36.727484],[34.929861,36.727362],[34.91391,36.724677],[34.900401004830584,36.719875001717114],[34.90259900000001,36.724513991524304],[34.90788799999999,36.740382991532464],[34.90788799750397,36.74038299251097],[34.907888,36.740383],[34.893565,36.745998],[34.85255,36.781317],[34.770763,36.816067],[34.764985,36.80858],[34.73585,36.821682],[34.692882,36.81387],[34.62672,36.788764],[34.596528,36.785061],[34.585134,36.781317],[34.554698,36.767646],[34.548839,36.763373],[34.539073,36.744574],[34.533865,36.740383],[34.503184,36.726711],[34.415212,36.662909],[34.307465,36.608588],[34.276215,36.586982],[34.19044,36.498521],[34.181651,36.483385],[34.177745,36.473375],[34.168224,36.466946],[34.147472,36.459174],[34.11199,36.429592],[34.077322,36.413886],[34.07488,36.387274],[34.074880000503235,36.38727399683477],[34.074879999999986,36.387273991350526],[34.07992599955345,36.35553599414266],[34.077891,36.328843],[34.057791,36.315904],[34.027192,36.310777],[33.999766,36.302924],[33.989268,36.281684],[33.98926800501249,36.28168400143744],[33.989267999999996,36.28168399129595],[33.994802,36.28327099129679],[33.99830199536074,36.286037987630536],[33.99586,36.279527],[33.977061,36.259426],[33.968761,36.246894],[33.96518,36.232367],[33.964366,36.220526],[33.958995,36.213568],[33.941417,36.213365],[33.941417,36.217542324596174],[33.94141700000001,36.21963099126393],[33.950938,36.23769799127327],[33.950937998826845,36.23769799777383],[33.950938,36.237698],[33.945974,36.265204],[33.93458165122105,36.28432543881072],[33.93458133116343,36.28432597601005],[33.930919,36.290473],[33.910411,36.3015],[33.895274,36.305569],[33.883149,36.312486],[33.871104,36.314887],[33.855479,36.304918],[33.837657,36.280422],[33.831464200219884,36.274900731549714],[33.83146410559398,36.274900722901116],[33.828259594228726,36.27204362481564],[33.827891,36.271715],[33.811046,36.267401],[33.811046018583255,36.26740099604772],[33.81104599999999,36.26740099128855],[33.81869600000001,36.26577399128777],[33.82178799999999,36.26398299128683],[33.82471799592846,36.25991399693903],[33.813731,36.251654],[33.799083,36.230658],[33.786876,36.226386],[33.777029,36.225043],[33.742849,36.213365],[33.735606,36.208726],[33.705251,36.181708],[33.700369,36.171129],[33.693858,36.14411],[33.688243,36.13703],[33.685313,36.143215],[33.66033,36.174872],[33.656586,36.188666],[33.647227,36.192572],[33.634125,36.190334],[33.619884,36.185452],[33.596528,36.168769],[33.574067,36.144761],[33.552257,36.127509],[33.53052801446788,36.13080499780542],[33.5442,36.137029991221254],[33.5442,36.13703],[33.54419999999999,36.1444769912251],[33.5442,36.144477],[33.521007,36.146633],[33.478282,36.155951],[33.458263,36.158149],[33.436697,36.15469],[33.401134,36.139838],[33.386485,36.13703],[33.34783,36.147895],[33.326834,36.150092],[33.30836,36.132229],[33.286469,36.12995],[33.241954,36.130805],[33.212413,36.124091],[33.200938,36.123358],[33.18865,36.1258],[33.167247,36.134955],[33.156912,36.13703],[33.134044,36.131781],[33.12143,36.119086],[33.112153,36.10342],[33.098643,36.08926],[33.087738,36.082831],[33.083751,36.08275],[33.080414,36.085883],[33.071137,36.08926],[33.05836,36.090644],[33.026866,36.08926],[32.96046,36.102688],[32.940929,36.103502],[32.87672,36.075141],[32.865245,36.071845],[32.8567,36.060981],[32.803722,36.027167],[32.76059,36.029486],[32.757762789984014,36.03002713915813],[32.72780101520953,36.03576203475426],[32.72780084045881,36.03576197457907],[32.670665,36.046698],[32.632335,36.061957],[32.571788,36.09398],[32.567882,36.096096],[32.53742031029615,36.09837358759518],[32.498512268066406,36.2239875793457],[32.06806182861328,36.61045455932617],[31.08603858947754,36.932613372802734],[30.619068145751953,36.932613372802734],[30.61906788029597,36.93261216212527],[30.619068145751953,36.93261336443394],[31.086038589477536,36.93261336443394],[32.06806182861329,36.61045455079174],[32.4985122680664,36.22398757061187],[32.53740027683481,36.09837508547542],[32.531423,36.098822],[32.513438,36.103013],[32.437266,36.138658],[32.427013,36.14761],[32.419607,36.159491],[32.402029,36.165513],[32.381521,36.170152],[32.365489,36.177965],[32.318696,36.228583],[32.310313,36.229478],[32.305919,36.234565],[32.287283,36.244818],[32.28297,36.250637],[32.278982,36.279039],[32.276134,36.287828],[32.252696,36.315334],[32.192149,36.358385],[32.179942,36.387152],[32.178396,36.395331],[32.174327,36.402411],[32.162852,36.414781],[32.151622,36.430325],[32.148448,36.433661],[32.13502,36.438218],[32.132091,36.438666],[32.114513,36.469672],[32.102061,36.486151],[32.087169,36.493313],[32.026052,36.543443],[32.018809,36.546536],[32.01002,36.547756],[31.998709,36.547919],[31.987804,36.549954],[31.980154,36.554389],[31.974132,36.558987],[31.968272,36.561591],[31.928071,36.560248],[31.90797,36.562649],[31.899425,36.572455],[31.888031,36.581122],[31.862478,36.58869],[31.834646,36.592353],[31.816742,36.589504],[31.807384,36.596829],[31.769054,36.610012],[31.74936,36.63227],[31.736583,36.642279],[31.724294,36.641018],[31.703461,36.643622],[31.627615,36.670844],[31.610688,36.682034],[31.596202,36.695705],[31.407563,36.763414],[31.378591,36.767646],[31.376313,36.791938],[31.340831,36.80858],[30.939708,36.857001],[30.77589,36.849555],[30.748057,36.855658],[30.726899,36.865871],[30.686534,36.891181],[30.628591,36.859565],[30.601736,36.838121],[30.60170685009873,36.838056718660084],[30.595180001629263,36.82366560210413],[30.59517920152554,36.82366195303384],[30.587657,36.807074],[30.574474,36.789537],[30.569835,36.781317],[30.569835,36.750556],[30.564626,36.717963],[30.565766,36.700181],[30.567561094252845,36.69770276579765],[30.56756108455784,36.697702721581194],[30.576670999999997,36.68512599150402],[30.576671,36.682012991502425],[30.576671,36.6789],[30.568858,36.6706],[30.562673,36.662543],[30.55836,36.65233],[30.556163,36.637885],[30.556163000493488,36.63788499472439],[30.556162999999987,36.63788499147967],[30.557871999999996,36.619614991470286],[30.563813000000003,36.609319991464965],[30.571056000000002,36.60114199146079],[30.576670999999997,36.589503991454755],[30.58350699888557,36.596339990343886],[30.581065,36.575181],[30.567231,36.539862],[30.56723100120717,36.539861994511185],[30.567230999999992,36.53986199142919],[30.56983499835728,36.5280219988923],[30.535981,36.505194],[30.5345655496056,36.503748159080516],[30.522283315505806,36.49120229295477],[30.522283294448854,36.491202196919346],[30.520844,36.489732],[30.5088,36.454291],[30.48699,36.426947],[30.487966,36.418158],[30.47462,36.401597],[30.476329,36.384223],[30.487153,36.370266],[30.494976303709013,36.36666193333447],[30.49497630198438,36.366661925468854],[30.501637996342588,36.36359299302322],[30.494151,36.349311],[30.4941510039456,36.34931099885741],[30.494150999999995,36.34931099133088],[30.519866993362804,36.341863993249085],[30.505626,36.327379],[30.47877,36.30858],[30.466807,36.287828],[30.466807005015816,36.287828],[30.466806999999996,36.287827991299146],[30.473642999999992,36.287827991299146],[30.478201,36.292303991301466],[30.478852000000003,36.29193799130129],[30.480642,36.28953699130007],[30.487965991740506,36.287827993226436],[30.477794,36.279486],[30.463878,36.271145],[30.451671,36.261786],[30.440766,36.239325],[30.427419,36.226386],[30.398611000382783,36.20595900027142],[30.400401,36.24811399127867],[30.40040099968302,36.248113992535046],[30.400401,36.248114],[30.396007,36.26553],[30.384288,36.274237],[30.360525,36.268622],[30.254568,36.308295],[30.233735,36.308905],[30.158539,36.298651],[30.149262,36.289862],[30.145518,36.275133],[30.144705,36.25434],[30.138438,36.25434],[30.137218,36.260647],[30.131033,36.274237],[30.124766,36.255072],[30.124766,36.25507199128226],[30.124766,36.246894],[30.110606,36.25434],[30.110606000621104,36.25433999095524],[30.110606,36.254339991281846],[30.11109499970138,36.24721899562694],[30.110606,36.240058],[30.073009,36.246894],[30.065603,36.249945],[30.057872,36.255601],[30.048188,36.258775],[30.034841,36.25434],[30.034841026237025,36.25434],[30.034841000000004,36.254339991281846],[30.055918999999996,36.254339991281846],[30.055919,36.25247849128088],[30.055919,36.246894],[29.988455,36.21776],[29.973399,36.219631],[29.961274,36.213853],[29.950043,36.214423],[29.938324,36.217678],[29.925548,36.219631],[29.916515,36.219062],[29.911632,36.217027],[29.898204,36.205959],[29.881358,36.198432],[29.844005,36.191392],[29.830089,36.185452],[29.83008901204093,36.18545199638587],[29.830089000000005,36.18545199124624],[29.833344000000007,36.18447499124578],[29.836111,36.18427199124567],[29.837575998966578,36.182846992250134],[29.836925,36.177965],[29.827322,36.178046],[29.802582,36.17182],[29.802581999999997,36.17181999123924],[29.802581999999997,36.164983991235715],[29.82308998922295,36.164983991235715],[29.809581,36.153998],[29.795258,36.145209],[29.779552,36.13935],[29.761729000000006,36.13703],[29.761729,36.14075349122318],[29.761728999999992,36.1444769912251],[29.767262999999996,36.1477729912268],[29.770192999999985,36.15082399122834],[29.772226999999994,36.1542019912301],[29.775400999999988,36.15814899123214],[29.775400992183144,36.15814899027942],[29.775401,36.158149],[29.76238,36.156562],[29.759288,36.155015],[29.754893,36.150702],[29.743419,36.160956],[29.731456,36.164252],[29.719249,36.162665],[29.707042,36.158149],[29.703868,36.154446],[29.703136,36.14997],[29.699962,36.146145],[29.689301,36.144477],[29.688731,36.141262],[29.672374,36.123358],[29.668224,36.143785],[29.633962,36.15705],[29.62387100526619,36.1779649890851],[29.637379999999997,36.17243099123954],[29.643239999999995,36.1779239912424],[29.643239999011673,36.17792399907357],[29.64324,36.177924],[29.6421,36.186957],[29.634532,36.191636],[29.583507,36.185452],[29.583506999999997,36.19163599124947],[29.592539999999996,36.1957869912516],[29.602306,36.1986759912531],[29.612966,36.199855991253706],[29.62387099999999,36.19912299125331],[29.62387097059467,36.19912300197654],[29.623871,36.199123],[29.602224,36.207017],[29.521495,36.205959],[29.494477,36.211005],[29.493053076973755,36.21166863854022],[29.46662154995072,36.22398757061187],[29.93803215026855,36.22398757061187],[30.026136398315426,36.35279463854952],[30.49193572998047,36.35279463854952],[30.491935955750062,36.35279567689469],[30.49193572998047,36.3527946472168],[30.02613639831543,36.3527946472168],[29.938032150268555,36.2239875793457],[29.46662118309045,36.2239875793457],[29.43214,36.240058],[29.420421,36.230618],[29.415212,36.239732],[29.411632,36.267401],[29.405772,36.260159],[29.401866,36.261786],[29.398123,36.266181],[29.391856,36.267401],[29.381602,36.263902],[29.377615,36.261623],[29.375255,36.258857],[29.369965,36.25434],[29.364919,36.248277],[29.361339,36.241523],[29.357107,36.235663],[29.34962,36.232611],[29.340831,36.237372],[29.334727,36.247707],[29.329356,36.254096],[29.322276,36.246894],[29.261241,36.293565],[29.256684,36.297024],[29.247813,36.311713],[29.23463,36.324286],[29.21631302374381,36.32905900139017],[29.124916076660156,36.73930740356445],[28.94496571644707,36.73930740356445],[28.938975,36.751288],[28.922699,36.74136],[28.920619164149137,36.73930740356445],[28.736103057861328,36.73930740356445],[28.590524673461914,36.8681755065918],[28.458582698681642,36.8681755065918],[28.456716,36.877509],[28.451996,36.883612],[28.447439,36.883043],[28.44516,36.873765],[28.439621247038993,36.8681755065918],[28.357105255126953,36.8681755065918],[28.357094800649463,36.86816363213322],[28.357105255126957,36.86817549818994],[28.439621157266966,36.86817549818994],[28.436525507655094,36.865051407177795],[28.436209,36.864732],[28.416189,36.859687],[28.387218,36.857001],[28.37672,36.854438],[28.376720000986158,36.85443799183186],[28.376720000000002,36.8544379915911],[28.377452,36.84837499158794],[28.383799999999994,36.8413759915844],[28.390636,36.83592399158157],[28.396738999999993,36.83539499158127],[28.405120999999998,36.837550991582376],[28.414723999999993,36.83710399158219],[28.424814996107592,36.82908799467006],[28.414236,36.814602],[28.406505,36.79975],[28.396007,36.789496],[28.376964,36.788764],[28.324962,36.810126],[28.314952,36.816067],[28.31122803002578,36.816067],[28.311195553680868,36.816067],[28.308767,36.816067],[28.309326508986384,36.81390720455907],[28.309326461594893,36.81390715073062],[28.312835999999994,36.80035999156328],[28.31495199673856,36.79498899983895],[28.29165788675016,36.79383873886103],[28.291617085454785,36.79383672409687],[28.288585,36.793687],[28.278168,36.796454],[28.273936,36.805162],[28.278331,36.814154],[28.28891,36.818427],[28.314952,36.822252],[28.314952,36.829088],[28.302745,36.835679],[28.288585,36.845893],[28.273123,36.851996],[28.257172,36.846177],[28.243175,36.829779],[28.236664,36.813218],[28.239513,36.798814],[28.253429,36.788764],[28.248871,36.766832],[28.261233891318884,36.759282399348706],[28.26123388647614,36.759282393848196],[28.288584999999994,36.742579991533574],[28.295094997103337,36.71987500162462],[28.283051,36.72663],[28.267263,36.730902],[28.253103,36.727851],[28.246593,36.712388],[28.240001,36.715481],[28.233572,36.719875],[28.233246,36.715033],[28.231944,36.711859],[28.229503,36.709296],[28.225434,36.706204],[28.22543400800548,36.706203997598195],[28.225434000000003,36.7062039915149],[28.230316999999996,36.70473899151409],[28.231619000000002,36.70457599151404],[28.233571997124145,36.69936799918027],[28.231525500529305,36.69878466626926],[28.200079186276543,36.68982134664138],[28.20007903296427,36.68982117250544],[28.181895,36.684638],[28.165893205990365,36.67487716674805],[28.058440685403706,36.67487716674805],[28.057953,36.676663],[28.048025,36.685126],[28.037934,36.690619],[28.03533,36.687567],[28.034434,36.675198],[28.03411588342779,36.67487716674805],[28.031438829855865,36.67487716674805],[28.031438827514645,36.67487715824678],[28.03411587499851,36.67487715824678],[28.029633,36.670356],[28.018891,36.671332],[28.007335,36.675198],[28.000173,36.6789],[27.991466,36.675849],[27.980154,36.675849],[27.970225,36.679836],[27.966075002941817,36.68878799365418],[27.971202000000005,36.69253199150784],[28.007008999999996,36.699367991511345],[28.007008992872137,36.699367998639204],[28.007009,36.699368],[28.000173008968293,36.70620399103171],[28.021332000000005,36.70506399151425],[28.027517000000003,36.7062039915149],[28.032237,36.70921499151647],[28.038258999999996,36.71405699151889],[28.042490999999995,36.71845099152116],[28.042490997371456,36.718450997270836],[28.042491,36.718451],[28.041840003775825,36.71987499174075],[28.041840007050975,36.71987499193058],[28.043863381245412,36.719992265787646],[28.031439430963996,36.674879349446805],[28.043912560898626,36.71999512469623],[28.079763,36.722073],[28.08961,36.726711],[28.085948,36.710598],[28.100597,36.709621],[28.116384,36.718817],[28.116873,36.733547],[28.107432,36.739203],[28.087657,36.740871],[28.082205,36.747138],[28.084158,36.75373],[28.091645,36.759345],[28.103282,36.767646],[28.110037,36.775092],[28.113455,36.768215],[28.117524,36.763861],[28.130544,36.753974],[28.125255,36.771308],[28.123709,36.791897],[28.118419,36.800605],[28.1067,36.802965],[28.094981,36.801418],[28.086274,36.796698],[28.069102,36.775092],[28.05740841244248,36.76881012207407],[28.102688701008802,36.93259061124514],[28.103282,36.932115],[28.110037,36.932115],[28.120128,36.93769],[28.141938,36.928697],[28.151703,36.932115],[28.157237,36.932115],[28.15919,36.924628],[28.165294,36.911607],[28.168142,36.916815],[28.168468,36.918891],[28.167166,36.920803],[28.165294,36.92593],[28.168468,36.930162],[28.168142,36.933417],[28.164236,36.936184],[28.157237,36.93891],[28.157237,36.945787],[28.166515,36.946926],[28.17449,36.94599],[28.180675,36.943305],[28.185232,36.93891],[28.205089,36.966295],[28.212413,36.97309],[28.212413,36.980536],[28.198904,36.980536],[28.206879,36.99018],[28.212413,37.000434],[28.228526,36.990546],[28.24464,36.988186],[28.253103,36.99372],[28.246593,37.00788],[28.300059,37.02497],[28.3296,37.030463],[28.329356,37.03677],[28.322765,37.04385],[28.314952,37.048814],[28.304698,37.050849],[28.174327,37.035142],[28.13122263861719,37.03579892566728],[28.138329899030243,37.061506151128334],[28.131193539040204,37.03579936915509],[28.126231,37.035875],[28.10727,37.032131],[28.107270002053568,37.03213099208779],[28.107269999999996,37.032130991682294],[28.110037,37.021469991676845],[28.110037,37.014106],[28.092947,37.02143],[27.986583,37.035142],[27.975597,37.032294],[27.963145,37.023586],[27.951834,37.02147],[27.940929,37.022203],[27.911388,37.027737],[27.886241,37.02619],[27.804698,37.004584],[27.794119,37.00788],[27.787852,37.00788],[27.786388,37.003567],[27.780447,36.993598],[27.77296,36.995836],[27.762869,36.997301],[27.751231,36.996894],[27.739513,36.993598],[27.719737,37.005194],[27.687673,37.005439],[27.655772,36.996527],[27.636485,36.980536],[27.618012,36.989244],[27.590343,36.998277],[27.567149,36.996649],[27.562022,36.97309],[27.538748,36.986721],[27.528331,36.991278],[27.514171,36.993598],[27.483735,36.99079],[27.472667,36.993598],[27.462738,37.001125],[27.444835,37.022528],[27.438487,37.027737],[27.423513,37.027167],[27.408051,37.016832],[27.402354002588403,37.02387099680187],[27.404307,37.02773699168004],[27.404306995796976,37.02773699168004],[27.404307,37.027737],[27.396821,37.027737],[27.394786,37.018297],[27.383311,36.993598],[27.379405,36.998969],[27.378917001818014,37.000717993484216],[27.380625999999996,37.002426991667065],[27.383310999999985,37.00787999166989],[27.38331099700527,37.00787999391797],[27.383311,37.00788],[27.381847,37.008979],[27.379893,37.009182],[27.37794,37.010199],[27.37647500234806,37.01410599373798],[27.38087,37.01797099167507],[27.381684000000007,37.01894799167558],[27.381683996365993,37.0189479956383],[27.381684,37.018948],[27.379893,37.020901],[27.376475,37.027737],[27.367442,37.022773],[27.340994,37.018459],[27.328624,37.014106],[27.328624,37.01410599167308],[27.328623999999998,37.00787999166989],[27.332692998126575,36.99705599664783],[27.326508,36.985989],[27.314626,36.977118],[27.300629,36.97309],[27.300629003583065,36.97308999268314],[27.300628999999997,36.973089991652024],[27.30543099999999,36.96328399164695],[27.30811599310762,36.95941800156903],[27.299001,36.961493],[27.293956,36.961615],[27.286957,36.959418],[27.280935,36.966864],[27.263194,36.963365],[27.252696,36.978339],[27.247406,37.00023],[27.246104,37.017768],[27.241222,37.034369],[27.232432,37.047309],[27.228770001381484,37.0618349945201],[27.239105999999992,37.08295299170836],[27.247731999999992,37.08344099170861],[27.264171,37.08901599171147],[27.28191199999998,37.098333991716196],[27.294444000000006,37.110296991722386],[27.294443995093975,37.11029699531673],[27.294444,37.110297],[27.287446,37.115424],[27.279063,37.11758],[27.27003,37.116034],[27.260427,37.110297],[27.256602,37.113674],[27.254893,37.116523],[27.252940002774427,37.12396898942224],[27.260427,37.117742991726175],[27.271658000000002,37.12885199173189],[27.302989,37.119573991727115],[27.32178799999999,37.123968991729384],[27.321787999442147,37.12396899986958],[27.321788,37.123969],[27.321300000456002,37.13108999334595],[27.32349699999999,37.13886099173701],[27.324718,37.14785399174161],[27.324717999253252,37.1478539945],[27.324718,37.147854],[27.32178800238329,37.15867699119648],[27.33253,37.156194991745885],[27.33961,37.150538991742984],[27.343027999553744,37.14179099288062],[27.342296,37.130113],[27.342296000518218,37.130113],[27.342295999999997,37.130112991732524],[27.348968999999993,37.130112991732524],[27.354259,37.14085499173802],[27.361583,37.14862699174195],[27.369313999999996,37.15070199174305],[27.376474999999996,37.144435991739876],[27.379404999999995,37.14667399174101],[27.380543999999997,37.14809799174172],[27.381113999999997,37.14948199174244],[27.383310999840106,37.15184199157189],[27.382986,37.134711],[27.382986000153036,37.134710999801754],[27.382985999999995,37.13471099173486],[27.386567,37.13007199173251],[27.393808999999994,37.13080499173291],[27.404307000000003,37.130112991732524],[27.412446,37.12567799173024],[27.418224,37.12124299172799],[27.425466,37.11961499172711],[27.438486990408446,37.12396898852214],[27.436209,37.121243],[27.434906,37.120347],[27.43336,37.119696],[27.431,37.117743],[27.43100000367377,37.11774299476638],[27.430999999999994,37.117742991726175],[27.445566999999993,37.096990991715536],[27.459809,37.08950399171172],[27.475107999999995,37.09251499171326],[27.501313,37.10748899172094],[27.522226999999997,37.1149759917248],[27.531015999999997,37.120835991727795],[27.541514999999997,37.1259629917304],[27.565114999999995,37.12563699173026],[27.575530999999998,37.130112991732524],[27.575530999999998,37.130113],[27.575530999999998,37.13759999173637],[27.575531,37.1376],[27.562348,37.13581],[27.559093,37.134345],[27.554535,37.130113],[27.547211,37.161811],[27.539561,37.17829],[27.527843,37.18537],[27.527842999999987,37.19281599176463],[27.574718,37.20115799176894],[27.581071180666484,37.1999992077531],[27.583087845279056,37.191162996338726],[27.575633113381624,37.17870464370486],[27.575531,37.178534],[27.57553100585278,37.178534001538],[27.575530999999998,37.17853399175729],[27.58537984796607,37.18112207467708],[27.597978591918945,37.12596129544134],[28.06534957885742,37.12596129544134],[28.138330457749777,37.06150817203768],[28.138330459594727,37.06150817871094],[28.065349578857422,37.12596130371094],[27.597978591918945,37.12596130371094],[27.58540157898353,37.18112779340105],[27.586681,37.181464],[27.594737,37.18594],[27.609874,37.199652],[27.594249,37.204291],[27.588552,37.211127],[27.589366,37.230699],[27.591645,37.235053],[27.604259,37.242255],[27.609874,37.247463],[27.612804,37.254625],[27.614024,37.267524],[27.615977,37.274726],[27.60377,37.28148],[27.603038,37.282172],[27.594412,37.28384],[27.592052,37.281073],[27.591563,37.277004],[27.589366,37.274726],[27.564789,37.275539],[27.563921985288893,37.27534362908379],[27.53919219970703,37.38381576538086],[27.538747877740068,37.38372530372365],[27.53919219970703,37.38381575724309],[27.563890223322023,37.275336471921996],[27.553233,37.272935],[27.54835,37.264838],[27.543224,37.249823],[27.530528,37.236314],[27.514659,37.229315],[27.500011008262625,37.23383199745206],[27.517750999999997,37.24599799179182],[27.519867000000005,37.25910099179852],[27.519866998828554,37.25910099274599],[27.519867,37.259101],[27.5088,37.268052],[27.486339,37.26789],[27.483165,37.264106],[27.473643,37.256415],[27.463634,37.252021],[27.458832001673134,37.258001997916075],[27.461436,37.267523991802825],[27.467947,37.2770039918077],[27.486339000000005,37.295232991817024],[27.4863389988927,37.29523299890251],[27.486339,37.295233],[27.485118000951193,37.303045993913464],[27.490001000000003,37.313787991826494],[27.491383999999996,37.327337991833396],[27.491383999274344,37.32733799289034],[27.491384,37.327338],[27.480154,37.343695],[27.472667,37.343695],[27.468516,37.315619],[27.446137,37.305609],[27.418305,37.309475],[27.396821,37.323147],[27.388682001555345,37.345281995770044],[27.392080898647556,37.353864664427874],[27.39208089513564,37.35386466371287],[27.396739,37.365627],[27.415212,37.381659],[27.438487,37.390815],[27.426524,37.405951],[27.407237,37.412746],[27.403494,37.412584],[27.386567,37.412055],[27.370291,37.405097],[27.361176,37.392157],[27.356456,37.379136],[27.346202,37.370592],[27.321788,37.370917],[27.321788,37.363511],[27.336436,37.355699],[27.330333,37.35163],[27.271495,37.348578],[27.25766,37.34455],[27.246104,37.336168],[27.23902010077764,37.34364555664774],[27.3099490090801,37.44823425202322],[27.239014276314663,37.343651704780356],[27.23878,37.343899],[27.2317,37.34809],[27.224946,37.348212],[27.218761,37.343695],[27.217052,37.350979],[27.215587,37.354153],[27.211925,37.357327],[27.204112,37.352932],[27.201345,37.352281],[27.198578,37.354193],[27.190766006140546,37.357326997536546],[27.20069399999999,37.36652299185341],[27.20753,37.37640999185843],[27.209483,37.38694899186381],[27.20948299897924,37.38694899449167],[27.209483,37.386949],[27.205089002756633,37.398260992903275],[27.220387999999993,37.40399799187252],[27.226248000000002,37.40509699187308],[27.226248,37.40851499187483],[27.226247999999995,37.41193299187658],[27.226248,37.411933],[27.2174590007236,37.43130099840543],[27.222503999999997,37.47675199190963],[27.222503999078317,37.47675199169645],[27.222504,37.476752],[27.205089,37.472724],[27.199392,37.478583],[27.192638,37.478664],[27.185313,37.474107],[27.177745002654802,37.4665390026548],[27.181895,37.483343991912996],[27.187836,37.498276991920584],[27.190439999999995,37.51268099192796],[27.190439999009545,37.51268099452132],[27.19044,37.512681],[27.184581001839096,37.528021995184574],[27.188242999999996,37.53449099193904],[27.188242997159616,37.534490994982406],[27.188243,37.534491],[27.184255,37.538764],[27.180431001896714,37.54458199711425],[27.184580999999998,37.55589399194992],[27.192410240101538,37.551757705420904],[27.309988018408344,37.44829177348867],[27.309988021850586,37.44829177856445],[27.19241112029777,37.55175724845429],[27.200369,37.547553],[27.209321,37.5633],[27.212169,37.585598],[27.208507,37.596869],[27.193858,37.60102],[27.178585446723762,37.60897979489269],[27.23737122810333,37.73202939381852],[27.249522,37.74433],[27.256602,37.759508],[27.260509,37.781968],[27.261567,37.803534],[27.260427,37.815985],[27.252696,37.825263],[27.243337,37.833808],[27.237153,37.845445],[27.239106,37.864407],[27.242524,37.868069],[27.255544,37.877102],[27.260427,37.884223],[27.263438,37.8935],[27.265391,37.901679],[27.264659,37.909817],[27.260427,37.919013],[27.27475,37.929023],[27.266287,37.951361],[27.25285119168489,37.96944331131949],[27.275280216013655,38.028781234222976],[27.252825193667466,37.96947830022628],[27.239106,37.987942],[27.214041,37.980943],[27.177501,37.980943],[27.141124,37.986029],[27.116384,37.994086],[27.111176,37.999701],[27.107595,38.006741],[27.101899,38.012681],[27.091807,38.015286],[27.083751,38.01557],[27.075938,38.017035],[27.07016,38.020006],[27.067882,38.025133],[27.064708,38.040595],[27.055919,38.045722],[27.027029,38.049384],[26.975434,38.065253],[26.949229,38.067369],[26.917735,38.062405],[26.900076,38.056789],[26.893403,38.05622],[26.88852,38.052883],[26.88559,38.0456],[26.881521,38.038398],[26.873057,38.035102],[26.864919,38.040351],[26.842052001983323,38.07607699690138],[26.847422999999996,38.088771992219954],[26.847422999551746,38.088771998940494],[26.847423,38.088772],[26.846446,38.10342],[26.841563,38.118232],[26.835216,38.131293],[26.825043,38.144965],[26.802989,38.162421],[26.79363,38.172268],[26.776052,38.165229],[26.771495000479455,38.17747599871146],[26.77369199999999,38.20701699227946],[26.773691999455163,38.20701699267408],[26.773692,38.207017],[26.760265,38.216742],[26.74464,38.215644],[26.727306,38.210273],[26.708263,38.207017],[26.645763,38.206732],[26.635916,38.203599],[26.622895,38.138739],[26.618175,38.141506],[26.617686,38.14232],[26.615489,38.144965],[26.609223,38.144965],[26.609223001599368,38.144964992248255],[26.609222999999993,38.144964992248255],[26.612152999999996,38.130763992241135],[26.612152999999996,38.117864999999995],[26.607107,38.108303],[26.594981,38.103949],[26.588634,38.108222],[26.576834,38.132717],[26.567638,38.144965],[26.567149,38.123969],[26.556895,38.122301],[26.543305,38.13052],[26.523774,38.147406],[26.517345,38.155666],[26.51547300085842,38.16571699539102],[26.519298000000003,38.17967399226573],[26.519297997754194,38.179673991805295],[26.519298,38.179674],[26.49171,38.174018],[26.466563,38.190619],[26.442231,38.211982],[26.417491,38.220649],[26.417491002462672,38.2206489914236],[26.417491,38.220648992286335],[26.422047999999997,38.20477899227832],[26.424163996445436,38.200181],[26.417491,38.200181],[26.41212,38.206366],[26.39014700113898,38.22382199909516],[26.391856,38.234035992293066],[26.394541999999998,38.24286499229752],[26.394867,38.25165399230191],[26.394866999736042,38.251653992861705],[26.394867,38.251654],[26.390147,38.261664],[26.383311,38.261664],[26.375011,38.234809],[26.354015,38.228258],[26.328624,38.235053],[26.296072,38.256578],[26.286632,38.261054],[26.23463,38.27383],[26.23308400111554,38.28025999536034],[26.238780000000002,38.295802992324084],[26.265390999999997,38.286688992319526],[26.276378,38.30048199232646],[26.285898999999997,38.318670992335576],[26.307627999999998,38.32306499233779],[26.307627999999998,38.323065],[26.307627999999998,38.33051199234152],[26.307628,38.330512],[26.28891,38.340644],[26.28614300095738,38.35895399366475],[26.294119000000006,38.36985899236123],[26.307628,38.357855992355226],[26.309337000000006,38.367132992359885],[26.311777999999993,38.3711609923619],[26.315684000000005,38.37348099236308],[26.321136999999997,38.377671992365165],[26.325206,38.36554599235907],[26.325937999562335,38.35492599870342],[26.322765,38.345526],[26.314301,38.336737],[26.314301004636356,38.336736997159015],[26.314300999999993,38.336736992344626],[26.319346999999993,38.33364499234307],[26.324473999999995,38.33173199234214],[26.330576999999995,38.330755992341615],[26.338633999999992,38.33051199234152],[26.346364999999995,38.32880299234068],[26.348317999999992,38.324773992338635],[26.349782999999995,38.32013599233631],[26.356130000000004,38.31688099233466],[26.370615999999995,38.316066992334285],[26.385020000000004,38.31842699233548],[26.391855999999994,38.32501899233877],[26.391855996719848,38.325018996836924],[26.391856,38.325019],[26.383311,38.336737],[26.383311,38.34357299234809],[26.398936,38.335516992344026],[26.405283999999998,38.335353992343926],[26.417377907501727,38.336724179498525],[26.428907394409176,38.22237776938682],[26.820327758789062,38.22237776938682],[26.88899421691894,38.09331130203664],[27.27528190335104,38.0287856982199],[27.27528190612793,38.028785705566406],[26.888994216918945,38.09331130981445],[26.820327758789062,38.22237777709961],[26.42890739440918,38.22237777709961],[26.417464245577534,38.33673396884031],[26.417491,38.336737],[26.42921,38.340766],[26.4546,38.354804],[26.462169,38.357856],[26.475922,38.366889],[26.477061,38.386868],[26.468028,38.40762],[26.451508,38.418687],[26.451508,38.426093],[26.476899,38.416693],[26.489106,38.406195],[26.497895,38.407294],[26.513031,38.432929],[26.498871,38.439643],[26.474294,38.457343],[26.453868,38.463202],[26.440766,38.472805],[26.431,38.473944],[26.422048,38.469713],[26.414236,38.456285],[26.407237,38.453437],[26.40578013886559,38.45349815386732],[26.402695517066608,38.48432407486877],[26.403819,38.487535],[26.401729499509987,38.49397789398405],[26.384152428939533,38.669632941555925],[26.389493758228518,38.67180914671681],[26.5290078877871,38.61256756727675],[26.38949395386485,38.67180921893655],[26.403005000000004,38.67731399251481],[26.414073,38.679388992515875],[26.440603,38.67767999251499],[26.465586999999996,38.67267499251249],[26.487640999999996,38.664292992508315],[26.505626,38.65265499250256],[26.539560999999992,38.62368399248812],[26.555836999999997,38.60541399247899],[26.560801999999992,38.59003299247133],[26.583995,38.5609399924568],[26.609223000000004,38.53534599244403],[26.618011999999997,38.52863199244071],[26.62476599999999,38.52464399243866],[26.630382,38.51923199243601],[26.635915999999998,38.508042992430404],[26.63794999970314,38.497015994034214],[26.637462,38.487209],[26.637462000206217,38.48720899656423],[26.637462,38.48720899241999],[26.63803100000001,38.477728992415265],[26.643320997012435,38.46771899806343],[26.636729,38.463446],[26.633149,38.4619],[26.629161,38.460883],[26.621349,38.46662],[26.61085,38.468411],[26.599294,38.466376],[26.588145,38.460883],[26.588145008372067,38.460882996531645],[26.588145000000004,38.460882992406816],[26.60523499979707,38.45380299248737],[26.604991,38.44477],[26.596365,38.433173],[26.588145,38.418687],[26.58814500408194,38.41868699957926],[26.588144999999994,38.418686992385695],[26.611826999999998,38.41624599238446],[26.622080999999998,38.40534099237903],[26.628266,38.390081992371385],[26.639659,38.37457899236359],[26.64845223103601,38.351463317871094],[26.648453119282483,38.351463317871094],[26.657074,38.328803],[26.673106,38.307196],[26.694591,38.313178],[26.699962,38.325751],[26.693614,38.334377],[26.677501,38.343573],[26.67620397309948,38.351463310223096],[26.676203971842284,38.351463317871094],[26.67066500081797,38.385158995023986],[26.67595499999999,38.40232999237753],[26.687266,38.41974499238625],[26.702403,38.43016199239143],[26.719085999999997,38.42609299238939],[26.719085999999997,38.426093],[26.719086,38.429510992391116],[26.719086000000004,38.43292899239284],[26.725351999999997,38.43292899239284],[26.736664,38.42291899238782],[26.748220000000003,38.40468999237872],[26.766855999999994,38.36408099235833],[26.771495,38.36611599235937],[26.782969999999995,38.369370992361],[26.787364000000004,38.3715269923621],[26.795094999999996,38.35862899235562],[26.809824999999996,38.36005299235634],[26.827647,38.36725499235991],[26.845469999999995,38.3715269923621],[26.924571,38.377671992365165],[26.973805999999993,38.39618599237443],[26.989757,38.39887099237576],[26.994476999999996,38.40078399237676],[27.007498000000005,38.40973499238122],[27.013357,38.41250199238258],[27.023610999999995,38.41209499238242],[27.032969999999995,38.40900299238088],[27.042491,38.40761999238015],[27.054372999999995,38.41250199238258],[27.055837,38.408514992380645],[27.061208999999998,38.41250199238258],[27.069376067013092,38.40944838781762],[27.064962508681546,38.35146490770809],[27.069396708968277,38.4094406775657],[27.088634,38.402248],[27.111827,38.414008],[27.135427,38.433661],[27.164236,38.446601],[27.164236,38.453437],[27.15447,38.459418],[27.150157,38.458726],[27.143077,38.453437],[27.136241,38.460883],[27.116954,38.453925],[27.083344,38.456732],[27.074718,38.453437],[27.072817091688712,38.454161102580834],[27.07977469667715,38.545129592835224],[27.07279258571736,38.45417043751858],[27.07275382330673,38.4541852030587],[27.049083,38.463202],[27.022309,38.46247],[26.959646,38.441962],[26.93865,38.434231],[26.935395005393932,38.43488199892121],[26.945078999999996,38.44660099239971],[26.945078995681417,38.44660099477391],[26.945079,38.446601],[26.927908,38.456041],[26.897634,38.494696],[26.884044,38.501207],[26.859223,38.507473],[26.849294,38.512397],[26.826915,38.52619],[26.814708013196196,38.542791982052655],[26.829275000000003,38.53131699244201],[26.847016,38.5206969924367],[26.874196999999995,38.507472992430124],[26.889821999999995,38.508042992430404],[26.889821999999995,38.508043],[26.889822,38.51487899243382],[26.889822,38.514879],[26.877778,38.526353],[26.865082,38.535549],[26.851248,38.542914],[26.83521600234865,38.54901799910577],[26.839366,38.56077699245674],[26.844573999999998,38.585434992469025],[26.848887999999995,38.597397992474995],[26.848887997857315,38.5973979940582],[26.848888,38.597398],[26.834239,38.608222],[26.825043,38.604804],[26.813731,38.597642],[26.793630003276242,38.59739800003977],[26.798105999999994,38.60773299248019],[26.801036,38.611720992482184],[26.80103599541102,38.61172099375398],[26.801036,38.611721],[26.779307,38.617743],[26.766938,38.619045],[26.753184003279717,38.617906000271596],[26.755138000000006,38.62254499248753],[26.757579000000003,38.63377499249314],[26.759451,38.63841399249545],[26.759450996994378,38.638413992551776],[26.759451,38.638414],[26.74643,38.638658],[26.73699,38.642483],[26.719086005082573,38.652654997112386],[26.726085,38.65900299250568],[26.733653,38.663641992508026],[26.742441999999993,38.666245992509324],[26.753183999999994,38.66632699250935],[26.753183993609927,38.66632699995182],[26.753184,38.666327],[26.733165,38.689643],[26.725841,38.702704],[26.7190860023095,38.720932993767605],[26.737558999999997,38.730779992541386],[26.788910000000005,38.73940699254575],[26.81820699999999,38.75543899255365],[26.823741000000005,38.753729992552834],[26.827484999999996,38.75018999255106],[26.828948999999998,38.74827699255013],[26.83057699999999,38.747259992549594],[26.841806999999996,38.74583599254889],[26.851573000000002,38.745672992548826],[26.874521999999995,38.73753499254478],[26.88443091508273,38.735058117713265],[26.849470853854196,38.60970180661609],[26.884526986155223,38.73503411083318],[26.88852,38.734036],[26.903494,38.734565],[26.897227,38.748277],[26.907074,38.753648],[26.915294,38.759955],[26.923025,38.762152],[26.931407,38.755072],[26.934418,38.762885],[26.935069,38.770453],[26.933849,38.778957],[26.931407,38.789252],[26.924571,38.781724],[26.90515931181265,38.80879857788272],[26.908383679727322,38.82032630310122],[26.937673,38.830227],[26.943858,38.808743],[26.960785,38.806138],[26.971446,38.819159],[26.958751,38.844468],[26.975352,38.848619],[26.990896,38.855048],[27.003917,38.86286],[27.013357,38.871161],[27.033539,38.8605],[27.055024,38.87108],[27.062673,38.886868],[27.04127,38.891669],[27.057872,38.918524],[27.057791,38.929755],[27.04127,38.94009],[27.024099,38.928168],[27.012869,38.922065],[27.001231,38.919867],[26.982595,38.919623],[26.97755,38.922756],[26.96754,38.936916],[26.962413,38.94009],[26.949962,38.936998],[26.941661,38.931871],[26.939503742571386,38.9315864144602],[26.957864190922717,38.99722849039063],[26.93943499891741,38.93157734579292],[26.934255,38.930894],[26.924571,38.94009],[26.913422,38.931952],[26.879161,38.916205],[26.866222,38.913398],[26.855642,38.917548],[26.840099,38.935858],[26.825206,38.94009],[26.806488,38.950141],[26.79721100047667,38.97313099881873],[26.799164000000005,38.998357992673974],[26.814707999999992,39.015122992682294],[26.814707999999992,39.015122999999996],[26.814708,39.01968032601786],[26.814708000000003,39.02195899268565],[26.814708,39.021959],[26.809581,39.021552],[26.793630007630266,39.021958999805314],[26.80640699999999,39.033880992691536],[26.829111999999995,39.04734899269815],[26.854014999999997,39.05841699270361],[26.873057,39.06293399270586],[26.883148999999996,39.071600992710124],[26.88314899779231,39.07160099810404],[26.883149,39.071601],[26.875255,39.090888],[26.851899,39.121283],[26.823741,39.149075],[26.809825,39.157457],[26.778738,39.17003],[26.771169,39.173082],[26.751638,39.184638],[26.73780400076782,39.19721099930217],[26.739024,39.20758699277703],[26.73902399934277,39.20758699441031],[26.739024,39.207587],[26.730968,39.227607],[26.726573,39.247504],[26.718761,39.262885],[26.701427,39.268988],[26.653331,39.266913],[26.62908,39.268378],[26.609223006359276,39.275213997810745],[26.619313999999996,39.283148992814084],[26.625172999999993,39.30328999282395],[26.632579,39.31342199282889],[26.645518,39.31757199283093],[26.654795999028597,39.313217993284674],[26.653819,39.306464],[26.635916,39.303168],[26.635916,39.303167992823866],[26.635915999999995,39.296941992820834],[26.646738999999993,39.297308992820994],[26.656016,39.29425699281952],[26.663909999999998,39.28900799281691],[26.670664999999996,39.28265999281386],[26.670664995753974,39.282660003990195],[26.670665,39.28266],[26.664806001759416,39.298081995368875],[26.670257999999997,39.30597599282527],[26.68116299999999,39.31061399282751],[26.691173,39.31622999283026],[26.70875099999999,39.33689999284035],[26.782369693510372,39.3802963704295],[26.742226811448376,39.255706579347496],[26.782468653359533,39.3803547119226],[26.814708,39.399359],[26.805431,39.405097],[26.801036,39.406195],[26.801036,39.412421],[26.802582,39.419176],[26.802745,39.425116],[26.801036,39.433539],[26.837413,39.435614],[26.850841,39.439765],[26.863048,39.44717],[26.852061,39.461819],[26.867931,39.471503],[26.925955,39.485826],[26.929861,39.487738],[26.929698,39.491441],[26.931407,39.501776],[26.945079,39.539618],[26.943858,39.560981],[26.937673,39.574774],[26.922211,39.58218],[26.893403,39.584377],[26.870453,39.57685],[26.852061,39.563381],[26.840257663769584,39.55935477476462],[26.846577850443698,39.578931400213165],[26.840236000616553,39.55934740874378],[26.83456076644736,39.557411511325],[26.832856,39.55683],[26.807872,39.570705],[26.667247,39.550849],[26.456798,39.521186],[26.434255,39.513983],[26.424164,39.505194],[26.41391,39.505316],[26.369965,39.485785],[26.362153,39.48135],[26.350108,39.48135],[26.297374,39.488715],[26.286632,39.487616],[26.273611,39.482408],[26.26295,39.48135],[26.253917,39.472846],[26.252289,39.470771],[26.249278,39.465644],[26.242524,39.467597],[26.231781,39.474514],[26.152843,39.459215],[26.112966,39.459174],[26.074229,39.474514],[26.069998000978416,39.496282994965924],[26.094981,39.54856999294359],[26.110687999999996,39.59788599296758],[26.140578994515373,39.620320970683025],[26.13245777858003,39.51427518325819],[26.14068305818284,39.620399083705955],[26.148204,39.626044],[26.156749,39.649237],[26.163585,39.704169],[26.159353,39.714911],[26.14918070464955,39.730037105903385],[26.167549061300033,39.9670286425678],[26.14905837257206,39.73021901253269],[26.140636,39.742743],[26.136404000763356,39.75568299766591],[26.13786899999999,39.7645529930483],[26.142099999999996,39.767889993049906],[26.146739,39.77020899305104],[26.149912999999994,39.77610899305391],[26.149912999999994,39.776108999999984],[26.149913,39.792032326394896],[26.149913000000005,39.799993993065385],[26.154958999999998,39.826157993078006],[26.154958999128954,39.82615799548354],[26.154959,39.826158],[26.151703,39.83515],[26.136404003064662,39.83759199951083],[26.141856,39.84902599308904],[26.156749,39.89899299311312],[26.156748999410496,39.89899299802217],[26.156749,39.898993],[26.156016,39.905097],[26.150645,39.924709],[26.149913000438048,39.933782994569896],[26.152599,39.942612993134105],[26.16163199999999,39.956203993140605],[26.163584999999998,39.9645449931446],[26.167653999999995,39.97357799314891],[26.188649999999992,40.00177599316244],[26.197765,40.00885699316585],[26.248749242921892,39.995488492037005],[26.246500069581604,39.967030252012286],[26.24877143399997,39.9954826801886],[26.25115,39.994859],[26.266938,40.003079],[26.300304,40.01439],[26.311046,40.019477],[26.353201,40.052151],[26.362153,40.063463],[26.365001,40.071763],[26.366222,40.084621],[26.36964,40.090806],[26.370372,40.094713],[26.369477,40.099189],[26.369395,40.102932],[26.372813,40.104478],[26.3838,40.104153],[26.389008,40.10517],[26.39324,40.108222],[26.399587,40.120836],[26.403494,40.138983],[26.403005,40.157904],[26.396332,40.172756],[26.402843,40.187445],[26.40797,40.193671],[26.414887,40.194892],[26.427582,40.194485],[26.441417,40.196601],[26.46754,40.206],[26.500743,40.212958],[26.519379,40.225165],[26.56365,40.270168],[26.57252,40.274563],[26.581391,40.277004],[26.594981,40.28262],[26.607595,40.290432],[26.677331145770207,40.35571347780324],[27.294759602831796,40.4058926952074],[27.337576,40.370307],[27.392914,40.342108],[27.452322,40.322008],[27.523285,40.308783],[27.528118986578786,40.30879007960171],[27.528118990079562,40.30879007291626],[27.55128,40.30882399330888],[27.562021999999995,40.31049199330968],[27.597016000000004,40.32831499331819],[27.612966,40.33099999331943],[27.640880000000006,40.32611699331711],[27.665049999999994,40.31744999331299],[27.687999000000005,40.31378799331126],[27.71224999999999,40.32420499331617],[27.712397168054764,40.32415495834761],[27.695792073027093,40.290635856510754],[27.7124144294144,40.32414909642372],[27.732595,40.317288],[27.762706,40.315375],[27.789806,40.320461],[27.813243,40.347113],[27.867361,40.368883],[27.883556,40.386298],[27.865245,40.386786],[27.815278,40.399888],[27.800548,40.393012],[27.791759,40.39289],[27.787852,40.403022],[27.785818,40.412909],[27.780121,40.415717],[27.773448,40.41649],[27.767426,40.420396],[27.762868013655947,40.42587132122493],[27.79213012126815,40.484868253423755],[27.76284927986334,40.42589382535823],[27.760753,40.428412],[27.756358,40.432603],[27.75408,40.4383],[27.753184,40.450832],[27.750173,40.457587],[27.742686,40.459052],[27.733735,40.459052],[27.725841,40.461371],[27.693207,40.486274],[27.684255,40.496161],[27.684255,40.49822266006514],[27.684255000000007,40.50234599340042],[27.6963,40.50641499340231],[27.706065,40.51190799340492],[27.722422999999985,40.52627199341165],[27.733164999999996,40.530584993413726],[27.741954,40.52631299341173],[27.750172999999997,40.52472599341094],[27.76002,40.537054993416746],[27.779063000000004,40.51825599340793],[27.780446999999995,40.515325993406556],[27.789398999999992,40.51422799340604],[27.792246999999996,40.517034993407336],[27.79517699999999,40.52090099340915],[27.80469799999999,40.52277299341005],[27.969900000000003,40.50299699340071],[28.01417099999999,40.49115599339513],[28.034433996921305,40.474432995928076],[28.016775,40.451077],[28.015879612422847,40.45072497212469],[27.944877924824958,40.42281068833541],[27.944877875900474,40.42281014385506],[27.929942,40.416938],[27.903982,40.399888],[27.908458,40.374213],[27.93987361290354,40.36711772474904],[27.939873612316703,40.36711771821813],[27.944671999999994,40.36603399333603],[28.027517,40.37201599333885],[28.111989999999995,40.39606399335026],[28.347991999999994,40.40403899335402],[28.40040099999999,40.3974059933509],[28.486826956575218,40.39988799210495],[28.476085,40.397935],[28.46754,40.394355],[28.461681,40.388373],[28.458832,40.379462],[28.45883200234275,40.37946200067],[28.45883199999999,40.3794619933424],[28.499521999999995,40.39109899334784],[28.545421000000005,40.391302993347956],[28.592783999999998,40.381902993343544],[28.637706,40.3651799933356],[28.643809,40.3712429933385],[28.647471999999993,40.37002199333789],[28.651215,40.36635999333617],[28.658051,40.3651799933356],[28.666840000000004,40.368108993337],[28.677418999999993,40.37604399334077],[28.685394999999993,40.3794619933424],[28.741873000000002,40.38641999334567],[28.757090999999996,40.39618599335027],[28.771982999999995,40.4025329933533],[28.791269999999994,40.40045799335233],[28.825449999999993,40.39248299334852],[28.855642,40.391180993347916],[28.884043999999996,40.38629799334565],[28.89796,40.38133399334324],[28.921397,40.37002199333789],[28.938731,40.3651799933356],[28.956554,40.36318599333471],[29.033946000000007,40.36444699333528],[29.035757821093497,40.36474338920966],[29.046321861380683,40.355369567871094],[29.046321868896484,40.355369567871094],[29.035758192841847,40.364743456688565],[29.051606,40.367336],[29.065684,40.375718],[29.073904,40.388658],[29.082693,40.415676],[29.090099,40.427232],[29.102794,40.423041],[29.118988,40.423651],[29.136404,40.427883],[29.151541,40.434068],[29.133556,40.450751],[29.111501,40.466132],[29.087901,40.477484],[29.065684,40.481879],[29.010997,40.481879],[29.002452,40.478664],[28.980317,40.464545],[28.969493,40.461371],[28.916677,40.470893],[28.91550504698271,40.47145248614049],[28.90037918148953,40.48487472482594],[28.9003791809082,40.48487471873396],[28.91550369117299,40.471453145567985],[28.859052888319052,40.498402542932475],[28.828461,40.513007],[28.774181003597334,40.522772999352775],[28.792653999999988,40.553289993424414],[28.826834,40.570623993432584],[28.897716,40.591741993442525],[28.911206750796204,40.59834113555642],[28.90038042574305,40.484887763854125],[28.911212506925533,40.598343957781786],[28.927745,40.606431],[28.94321248990541,40.61850768920943],[29.38972452987925,40.678557750198586],[28.94321346107089,40.618508440929965],[28.970062999999993,40.639471993464866],[28.986339,40.64476099346738],[29.28158600000001,40.66591999347727],[29.323252999999994,40.67674399348235],[29.36377999999999,40.69415899349049],[29.384531999999993,40.706487993496296],[29.391855999999997,40.70783099349689],[29.399180999999995,40.702581993494434],[29.403615905199256,40.69736258500354],[29.39441158437204,40.679192515182464],[29.403623838653314,40.69735328186791],[29.407237,40.693101],[29.41684,40.686754],[29.428722,40.690985],[29.437755,40.695461],[29.450369,40.699368],[29.461436,40.704169],[29.466156,40.711493],[29.470063,40.71894],[29.479259,40.724066],[29.490571,40.72724],[29.50115,40.728909],[29.511241,40.727484],[29.527517,40.721503],[29.542247,40.709662],[29.548839,40.690985],[29.559906,40.691067],[29.753266,40.724555],[29.867198,40.728909],[29.903575,40.716254],[29.924164,40.716457],[29.939301,40.735053],[29.92921,40.758043],[29.890147,40.763495],[29.809418,40.755561],[29.802501,40.753852],[29.795258,40.751125],[29.786632,40.748847],[29.775401,40.748725],[29.763845,40.752753],[29.743826,40.766791],[29.737559,40.769843],[29.721528,40.77204],[29.686534,40.781562],[29.666189,40.783515],[29.44379250807539,40.77654061334685],[29.493005269658592,40.87355720166186],[29.443754549943524,40.77653942385492],[29.44195385896763,40.77648295304077],[29.428722,40.776068],[29.410167,40.771226],[29.394298,40.762112],[29.377778,40.756537],[29.356944,40.762397],[29.348481,40.770941],[29.344249,40.780219],[29.339529,40.787584],[29.329112008112595,40.7903509978451],[29.333018000000003,40.7924259935364],[29.335622999999984,40.79450099353734],[29.338633999999995,40.79637299353823],[29.343434999999996,40.797796993538896],[29.34343499774034,40.797796999329776],[29.343435,40.797797],[29.339529,40.807807],[29.333344,40.814846],[29.325206,40.820054],[29.31544,40.824449],[29.311046,40.818183],[29.303466439282793,40.82330194023001],[29.30346418977539,40.82330345945974],[29.301768,40.824449],[29.2980612649962,40.82186857652386],[29.29806120092874,40.821868559534224],[29.294337959474888,40.819276617571795],[29.293468,40.818671],[29.281586,40.815375],[29.263364643611848,40.812274037801735],[29.25922192562341,40.811569019751815],[29.259221910180425,40.81156901565659],[29.254568,40.810777],[29.254568,40.817043],[29.264171,40.817939],[29.270763,40.821845],[29.274099,40.828843],[29.274587,40.838772],[29.28419,40.83393],[29.288259,40.831285],[29.287608,40.835598],[29.288422,40.837795],[29.291026,40.838568],[29.294932,40.838772],[29.283865,40.85163],[29.263927,40.869778],[29.253673,40.875474],[29.240977,40.882554],[29.22047,40.879706],[29.201345,40.893948],[29.144786,40.91413],[29.124278,40.926907],[29.10358095597641,40.946670522762695],[29.11555237617094,41.067987577747324],[29.103578144389914,40.94667320753515],[29.103526,40.946723],[29.083181,40.959662],[29.028087007183696,40.982122997071315],[29.032074,40.9840359936254],[29.032888000000007,40.98456499362565],[29.032888000000003,40.98566299362616],[29.034841,40.98956899362798],[29.03484099726233,40.98956899452466],[29.034841,40.989569],[29.023285,40.993354],[29.018321,41.003892],[29.014659,41.017524],[29.007579002818577,41.030503994832614],[29.026052000000007,41.038274993650454],[29.046152999999993,41.055486993658434],[29.055889307099115,41.06801223121303],[29.115554808945102,41.06801223121303],[29.115554809570312,41.06801223754883],[29.05588930709913,41.06801223754883],[29.062348,41.076321],[29.076182,41.114407],[29.088145,41.128852],[29.090048390349722,41.138271521857654],[29.734823185582073,41.16584771441341],[29.884613,41.148993]],[[36.91539764404297,41.19768524169922],[36.897125244140625,41.06801223754883],[36.89710047204002,41.06800087142389],[36.89712524414061,41.06801223121303],[36.91539764404296,41.1976852354231],[36.92457962036133,41.26253127427115],[36.92457961947685,41.26253127427115],[36.91539764404297,41.19768524169922]],[[10.462488174438477,36.417205810546875],[10.462488180047846,36.41720580590061],[11.006199836730955,36.80373763194589],[11.006199836730957,36.80373764038086],[10.462488174438477,36.417205810546875]],[[10.463515281677246,35.902034759521484],[10.463515283002126,35.90203475842159],[10.463515943128003,35.902038645017534],[10.463515281677246,35.902034759521484]],[[10.85119342803955,34.93662643432617],[10.851193428039549,34.93662642492608],[10.851515625246527,34.93671595485379],[10.85119342803955,34.93662643432617]],[[10.851169809605159,34.80791262518976],[10.851213455200194,34.8079490566955],[10.851213455200195,34.80794906616211],[10.851169809605159,34.80791262518976]],[[10.543014526367188,34.55062484741211],[10.004497528076172,34.2933349609375],[10.004497535498846,34.293334954751636],[10.543014526367191,34.550624837812556],[10.54303566926931,34.55064250023391],[10.543014526367188,34.55062484741211]],[[10.005777359008789,33.90746307373047],[10.005777360964942,33.9074630720971],[10.005779463813415,33.90747199144559],[10.005777359008789,33.90746307373047]],[[12.534722328186035,32.75019073486328],[12.534722334514909,32.75019073486328],[12.534747788285948,32.75023303698748],[12.534722328186035,32.75019073486328]],[[13.759129524230957,32.75019073486328],[13.759129524344317,32.75019073486328],[13.759129536927343,32.750191902376535],[13.759129524230957,32.75019073486328]],[[20.214296340942383,31.271915435791016],[19.996076585446144,31.59325790172043],[19.996076583862305,31.593257892963802],[20.21429633728636,31.271915429931205],[20.214296340942383,31.271915435791016]],[[23.077939987182617,32.36451721191406],[23.07793998764333,32.36451721151132],[23.089431762695316,32.62162779703473],[23.089431762227868,32.62162779715884],[23.077939987182617,32.36451721191406]],[[25.102048873901367,31.593257904052734],[25.1020488744311,31.593257903586316],[25.10204918892682,31.593264209988977],[25.102048873901367,31.593257904052734]],[[31.780553817749023,31.20764923095703],[31.78055382262874,31.207649232956463],[31.78055624093291,31.207655811141606],[31.780553817749023,31.20764923095703]],[[36.0682373046875,34.743614196777344],[35.926986695215,34.87228774944335],[35.926986694335945,34.872287740810755],[36.06823730380991,34.74361418807693],[36.0682373046875,34.743614196777344]],[[35.99294662475586,35.51579284667969],[35.84488296694194,35.580158232836595],[35.84488296508788,35.580158224575676],[35.99294662203765,35.515792838761065],[35.99294662475586,35.51579284667969]],[[35.990074157714844,36.2239875793457],[35.841743476517316,36.28839111012078],[35.84174346923829,36.288391104580725],[35.99007415592091,36.22398757139077],[35.990074157714844,36.2239875793457]],[[36.28622817993164,36.80373764038086],[36.144901275634766,36.932613372802734],[35.833587646484375,36.932613372802734],[35.83357316126522,36.93259988095617],[35.833587646484375,36.93261336443394],[36.14490127563477,36.93261336443394],[36.286228179085974,36.803737632717045],[36.28622817993164,36.80373764038086]],[[33.2744140625,36.2239875793457],[33.27275634652472,36.22341674684587],[33.2744140625,36.22398757061187],[33.277435694409355,36.2242637498282],[33.2744140625,36.2239875793457]],[[27.079774856567383,38.54513168334961],[26.849470140494642,38.60969924872233],[26.849470138549805,38.60969924174873],[27.079774856001976,38.545131675957066],[27.079774856567383,38.54513168334961]],[[26.95786476135254,38.997230529785156],[26.87929153499745,38.997230529785156],[26.879291534423825,38.997230522458594],[26.95786475930326,38.997230522458594],[26.95786476135254,38.997230529785156]],[[26.894468307495117,39.19107437133789],[26.742225649013204,39.25570297154587],[26.742225646972656,39.25570296521271],[26.89446830694718,39.19107436433941],[26.894468307495117,39.19107437133789]],[[26.84657859802246,39.57893371582031],[26.132457733699756,39.51427459721736],[26.1324577331543,39.51427459009489],[26.846578595680672,39.57893370856667],[26.84657859802246,39.57893371582031]],[[27.95045443824792,40.48487167971261],[27.95045471191406,40.48487471873396],[27.95045471132031,40.48487471873396],[27.95045443824792,40.48487167971261]],[[27.938817977905273,40.355369567871094],[27.938817978502247,40.355369567871094],[27.938818135204755,40.35537131845629],[27.938817977905273,40.355369567871094]],[[29.493009567260742,40.873565673828125],[29.492435639756327,40.87341347765254],[29.493009563494585,40.873565666403636],[29.493009567260742,40.873565673828125]]],[[[9.861176,37.233832],[9.851573,37.232856],[9.831065,37.227729],[9.819591,37.227607],[9.819591,37.233832],[9.835316214864326,37.24264140341179],[9.908264403763456,37.218546461453485],[9.861176,37.233832]]],[[[30.973888,31.586737],[30.973888,31.579901],[30.969137994335117,31.579326430377723],[30.96956525569589,31.58542030770339],[30.973888,31.586737]]],[[[27.587657,37.198798],[27.583106684591154,37.19119387733425],[27.581100434962277,37.19999388016763],[27.587657,37.198798]]],[[[27.16585108268592,37.58232439709651],[27.173025,37.572984],[27.184179655266654,37.55900078341803],[27.16343117030381,37.57725906134363],[27.16343116760254,37.57725905568151],[27.1841802772289,37.558999991302976],[27.18441798889026,37.558702005878274],[27.176036,37.563137],[27.171886,37.568549],[27.168305,37.570217],[27.168305012466888,37.570216986150264],[27.168305,37.57021699195724],[27.171234996401136,37.56696199595358],[27.169281,37.564765],[27.15504,37.587348],[27.14950600418769,37.59666599294888],[27.159434,37.59898499197185],[27.16358499660786,37.594345995760406],[27.15919,37.588853],[27.159190003753498,37.58885299665795],[27.15919,37.58885299196672],[27.164399,37.58421499196437],[27.165849004478446,37.58232707416768],[27.163433930494687,37.57726484696901],[27.16585108268592,37.58232439709651]]],[[[26.271983,40.230414],[26.268872092090948,40.24727518253025],[26.272333088255962,40.29062962799366],[26.268849229156682,40.24739910008715],[26.266938,40.257758],[26.247895,40.27912],[26.218110005451152,40.296860996753104],[26.228525999999988,40.303452993306344],[26.231780999999998,40.31012599330952],[26.231780997932056,40.31012599576055],[26.231781,40.310126],[26.227387,40.315334],[26.214692,40.317369],[26.209972003325433,40.3219259967894],[26.219086,40.33144799331962],[26.232188000000004,40.34003299332371],[26.23878,40.34153899332444],[26.250173,40.34951399332819],[26.301442999999992,40.36469099333537],[26.321137,40.3651799933356],[26.33611099999999,40.38532099334514],[26.385753,40.40985699335679],[26.432790999999998,40.43984599337095],[26.491709999999998,40.456528993378846],[26.535899,40.48549999339247],[26.564464,40.49945699339905],[26.595551,40.51040299340419],[26.622895,40.515325993406556],[26.669770000000003,40.51080999340439],[26.683767000000003,40.515325993406556],[26.69727599999999,40.52643499341178],[26.718272,40.551499993423576],[26.732758,40.563787993429365],[26.756195999999996,40.554835993425115],[26.788258999999996,40.56293399342896],[26.81395210349142,40.57923982367505],[26.869332356370453,40.53058766424053],[26.853892041638538,40.52323567281163],[26.853689,40.523139],[26.838634,40.512274],[26.821056,40.503119],[26.759451,40.496161],[26.740733,40.487454],[26.708344,40.465725],[26.694591,40.461371],[26.68336,40.455471],[26.68335103048646,40.455441424337344],[26.680710530857176,40.44673671126648],[26.680710306982743,40.446734023744156],[26.674327,40.425686],[26.663829,40.41356],[26.631521,40.400051],[26.624848,40.392483],[26.622895,40.375718],[26.61671,40.359524],[26.601573,40.346137],[26.546723,40.307563],[26.539724,40.303697],[26.510427,40.298163],[26.497244,40.289944],[26.476085,40.273383],[26.475841,40.269599],[26.470876,40.265855],[26.444672,40.241645],[26.426524,40.230292],[26.403656,40.219428],[26.379893,40.21133],[26.359141,40.208157],[26.345551,40.199774],[26.348806,40.181342],[26.361339,40.162584],[26.375824,40.15351],[26.327973,40.11872],[26.312999,40.110053],[26.273123,40.092597],[26.255508298158,40.079872548252055],[26.26615719875397,40.21326685385692],[26.271983,40.230414]],[[26.683887299293975,40.48487253575761],[26.683887481689453,40.48487471873396],[26.68388748113901,40.48487471873396],[26.683887299293975,40.48487253575761]]],[[[27.314952,40.406155],[27.308116,40.406155],[27.30731502191042,40.406913090520156],[27.317947042673435,40.40777716873879],[27.314952,40.406155]]],[[[23.449962,38.885443],[23.450694,38.874579],[23.46225,38.855862],[23.46230615890994,38.85580721818331],[23.462306153512028,38.85580721601685],[23.480478999999995,38.838079992594686],[23.524669000000003,38.82318799258725],[23.553756393192476,38.80344009399414],[23.55375640412541,38.80344009399414],[23.566787211371565,38.79459326958973],[23.56678721093605,38.79459326245848],[23.567881999999987,38.79384999257271],[23.594004999999992,38.78925199257044],[23.594004999999996,38.78172399999999],[23.591319,38.774156],[23.59131900173477,38.7741559974508],[23.591318999999995,38.77415599256294],[23.594005,38.770208992560974],[23.600108,38.77049399256112],[23.607595000000003,38.77557999256367],[23.619965,38.76552999255868],[23.648448000000002,38.76117599255654],[23.662282999999995,38.75507199255348],[23.672699000000005,38.76044299255617],[23.68336,38.75507199255348],[23.702646999999992,38.76508199255847],[23.722667,38.76194899255692],[23.738455,38.749415992550695],[23.744802,38.731186992541645],[23.753591,38.719183992535655],[23.769786714582178,38.71029935272738],[23.56420952298801,38.73873911923783],[23.769791253108668,38.71029687045275],[23.773692,38.708157],[23.812999,38.693671],[23.857595,38.682522],[23.905935,38.679389],[23.927582,38.675482],[23.947765,38.66942],[23.966563,38.670111],[23.97889873435821,38.68136683371734],[24.02964246111424,38.67434643506698],[23.97889943626023,38.68136746668996],[23.984222999999997,38.68622499251925],[24.005707,38.67804599251516],[24.028819,38.67792399251513],[24.051767999999996,38.680161992516226],[24.07309,38.679388992515875],[24.136484999999997,38.66181099250713],[24.155609989876453,38.65265499734916],[24.145356,38.64997],[24.134939,38.643866],[24.126231,38.635199],[24.121593,38.624742],[24.121104,38.6081],[24.121104000210018,38.60809999962766],[24.121104000000006,38.60809999248034],[24.126475000000003,38.59857799247556],[24.216074999999996,38.53953699244611],[24.23145599565523,38.52236599728796],[24.206554,38.506822],[24.188162,38.474107],[24.184337,38.439643],[24.18433700075444,38.43964299919386],[24.184336999999996,38.439642992396166],[24.203948999999998,38.418686992385695],[24.203949,38.41559449238414],[24.203949,38.412502],[24.185069,38.40762],[24.185069002457634,38.40761999301564],[24.185069000000002,38.40761999238015],[24.188162000000002,38.398829992375774],[24.210785,38.377671992365165],[24.212900999999995,38.36578999235925],[24.213144999999997,38.35004299235132],[24.214853999999992,38.33641199234445],[24.238292000000005,38.31317799233282],[24.240408,38.30328999232786],[24.245372,38.29799999232519],[24.25025499999999,38.295070992323694],[24.252451999730372,38.29238499265206],[24.251801,38.274644],[24.251801000200174,38.27464399776858],[24.251801,38.27464399231346],[24.252615,38.265569992308876],[24.257822996994342,38.25897899610941],[24.247732,38.245917],[24.245128,38.241156],[24.245128002123124,38.241155996178435],[24.245127999999994,38.24115599229663],[24.252452,38.22797299229002],[24.265309999999996,38.21629499228413],[24.292247,38.200180992276046],[24.326995999999998,38.18593999226889],[24.330250999999997,38.179998992265865],[24.333262999999988,38.170965992261316],[24.337576,38.16282799225723],[24.344412,38.15924699225544],[24.378591,38.164454992258065],[24.392589000000005,38.16400799225783],[24.420665000000007,38.14736599224944],[24.421289640930084,38.147313826806105],[24.411635563807582,38.13259734967871],[24.39635336472612,38.11367459268537],[24.378887983782395,38.09575531282851],[24.35940036603786,38.07900413163537],[24.338069878743333,38.06357487963994],[24.321131647282574,38.053279856750606],[24.314789,38.064887],[24.305675,38.071763],[24.292247,38.069892],[24.286306,38.086249],[24.269298,38.095404],[24.248709,38.096869],[24.231456,38.090318],[24.217784,38.096869],[24.212576,38.095893],[24.20394900028485,38.09031800018408],[24.204112000000006,38.09487499222301],[24.204763,38.09682899222402],[24.20671599999999,38.09735699222428],[24.210784999999994,38.097804992224496],[24.210784999999994,38.097805],[24.210784999999994,38.097805007775506],[24.210784999999998,38.124456992237924],[24.210785,38.124457],[24.20281,38.130072],[24.186046,38.127387],[24.182953001868125,38.13499599540429],[24.187185000000003,38.14215699224681],[24.205903000000003,38.15688699225424],[24.210785,38.16600199225889],[24.210784999040595,38.16600199820873],[24.210785,38.166002],[24.208751,38.178616],[24.194021,38.192125],[24.185313,38.217963],[24.172699,38.226549],[24.159092887427445,38.22915743021495],[24.159087822059245,38.22915840129757],[24.156993,38.22956],[24.142589,38.226955],[24.14464746896233,38.22237777709961],[24.12753557525897,38.22237777709961],[24.131114,38.235826],[24.148611,38.256578],[24.161431377854992,38.26651675764956],[24.16143137734905,38.26651674956673],[24.163097,38.26780799231005],[24.163096996475698,38.26780799726785],[24.163097,38.267808],[24.16164045804107,38.26985698732929],[24.161611686723635,38.269897461319424],[24.153494,38.281317],[24.145518,38.280911],[24.137869,38.273871],[24.128429,38.267808],[24.12672,38.265082],[24.127126,38.260443],[24.125743,38.25609],[24.118175,38.254218],[24.109386,38.256293],[24.108897,38.260728],[24.112315,38.265448],[24.114757,38.267808],[24.114757,38.275295],[24.100922,38.275295],[24.121593,38.309475],[24.101085,38.318752],[24.079438,38.325385],[24.054861,38.329291],[24.025401,38.330512],[24.049653,38.336493],[24.059744,38.341254],[24.066905,38.35102],[24.059093,38.360053],[24.05714,38.368964],[24.058116,38.375556],[24.059418,38.377672],[24.049083,38.394517],[24.042247,38.401516],[24.03891,38.395413],[23.980805,38.398871],[23.912364,38.392035],[23.892345,38.39411],[23.858084,38.40351],[23.843761,38.405666],[23.824474,38.40412],[23.793956,38.398505],[23.778982,38.398871],[23.709972,38.412502],[23.69516,38.4112],[23.663341,38.404202],[23.649181,38.405666],[23.63852,38.415513],[23.614431,38.460883],[23.611013,38.456936],[23.607432,38.453803],[23.602306,38.452379],[23.594005,38.453437],[23.604015,38.468411],[23.61795558536641,38.48057174682617],[23.617955594059634,38.48057174682617],[23.622812999999994,38.48480899241878],[23.624580826098814,38.487010304779254],[23.626148222030878,38.48057174682617],[23.626148223876953,38.48057174682617],[23.624582944850196,38.48701295064692],[23.635753,38.500922],[23.628103,38.514879],[23.628103,38.522366],[23.635509,38.522366],[23.635509,38.528551],[23.614106,38.557929],[23.60532636376878,38.566254773680285],[23.56338310429155,38.73885344687595],[23.563383102416996,38.73885344713528],[23.60529363889893,38.56628580684076],[23.599946,38.571357],[23.583751,38.576972],[23.54005,38.582261],[23.518809,38.58869],[23.505138,38.597398],[23.50172,38.605048],[23.500743,38.622626],[23.497732,38.631008],[23.474376,38.645697],[23.47047,38.648993],[23.467296,38.652289],[23.460216,38.653754],[23.453136,38.658026],[23.449962,38.66942],[23.445974,38.676744],[23.436697,38.683254],[23.406505,38.698065],[23.381602,38.707261],[23.353363,38.731391],[23.343761,38.734565],[23.337657,38.738959],[23.327973,38.758205],[23.323009,38.762519],[23.300059,38.772162],[23.202322,38.829901],[23.168142,38.844468],[23.143565,38.850653],[23.130707,38.851508],[23.114106,38.850653],[23.083507,38.845649],[23.069102,38.846584],[23.055837,38.854438],[23.036388,38.874457],[23.028656,38.877387],[23.015147,38.877997],[23.00120514100386,38.880390393657834],[23.001183555523482,38.88039409922908],[22.99879,38.880805],[22.983572,38.885972],[22.969412,38.889106],[22.956391,38.885443],[22.956391,38.877997],[22.97047,38.877672],[22.983897,38.873521],[22.991954,38.864691],[22.99149855982098,38.859454743461846],[22.991498428958806,38.85945446121163],[22.990737605608587,38.85070595129676],[22.990733,38.850653],[22.98945798790449,38.84985326888781],[22.986058283763235,38.847720878121564],[22.986058270865264,38.84772085030256],[22.981781,38.845038],[22.965505,38.840969],[22.855805,38.832953],[22.833018,38.82274],[22.832286,38.833889],[22.833751,38.845404],[22.837413,38.854478],[22.843516,38.85814],[22.85141,38.861274],[22.874848,38.874905],[22.884532,38.877997],[22.907481,38.88231],[22.95281,38.901597],[22.982921,38.90766],[23.011729,38.919623],[23.020557366336394,38.922130261943316],[23.02055736240459,38.922130253462996],[23.03565499999999,38.92641799263842],[23.037190302530647,38.92766359171565],[23.03719029656029,38.92766359423283],[23.039317,38.929389],[23.043712,38.943061],[23.045909,38.946845],[23.057465,38.949937],[23.077973,38.950507],[23.086762,38.954332],[23.093761,38.962592],[23.097341,38.972073],[23.097423,38.980943],[23.094412,38.98786],[23.10906,38.991767],[23.127452,39.005805],[23.138031,39.008979],[23.199718,39.008979],[23.20070298074031,39.00924813862198],[23.447192082156956,38.8900645457583],[23.449962,38.885443]],[[23.563383102780723,38.73885345309307],[23.563383102416992,38.738853454589844],[23.48490905806937,38.738853454589844],[23.48490905761719,38.73885344713528],[23.563383102416996,38.73885344713528],[23.563383102780723,38.73885345309307]],[[23.56338310286829,38.73885345452741],[23.56338443931619,38.738875345344546],[23.563383102416992,38.738853454589844],[23.56338310286829,38.73885345452741]],[[23.331829071044922,38.80344009399414],[23.32887758431542,38.8046844787941],[23.33182907104492,38.80344008657164],[23.332331914702,38.80364191085462],[23.331829071044922,38.80344009399414]],[[24.178870894193057,38.54512752017432],[24.178871154785163,38.54513167579855],[24.17887115433687,38.545131676187864],[24.178870894193057,38.54512752017432]]],[[[23.39265228486157,37.3193473815918],[23.401512449611577,37.32408811905613],[23.401512450992094,37.32408811162654],[23.463634000000003,37.35732699184875],[23.487641,37.36351099185186],[23.532563000000003,37.36391799185212],[23.552989,37.370916991855694],[23.587168989615087,37.370916991855694],[23.571137,37.358344],[23.547699,37.34984],[23.523285,37.346625],[23.505138,37.34984],[23.505138001548133,37.349839991570654],[23.505138,37.34983999184493],[23.508799998697988,37.32990099892393],[23.496837,37.320014],[23.476085,37.316718],[23.453624,37.316352],[23.396495,37.303209],[23.374278,37.30268],[23.374277999999993,37.3095159918243],[23.392652284861487,37.31934737342108],[23.402393341064446,37.31934737342108],[23.402393339541632,37.3193473815918],[23.39265228486157,37.3193473815918]]],[[[19.900157,39.604193],[19.911876,39.583401],[19.912519169548364,39.580130453638574],[19.912519076165655,39.580128422759316],[19.932465000000008,39.47870499290961],[19.936534,39.47296799290684],[19.948008999999995,39.46698599290388],[19.961435999999996,39.462957992901934],[19.989431,39.4584009928997],[20.002695999999997,39.454005992897585],[20.023692,39.441351992891384],[20.032724999999996,39.439275992890394],[20.050466,39.440333992890935],[20.065114999999995,39.44452499289296],[20.074066999999992,39.44896099289511],[20.081879,39.44733299289435],[20.092051999999995,39.43353899288758],[20.096852999999996,39.42279699288237],[20.105724000000002,39.392523992867545],[20.117686,39.377996992860474],[20.117930999754424,39.370997999872316],[20.105724,39.364651],[20.096853,39.370551],[20.072032,39.376288],[20.048839,39.389594],[20.0324,39.395006],[20.014903,39.398261],[19.999278,39.399359],[19.990408,39.403266],[19.964854,39.420966],[19.954845,39.426093],[19.937755,39.427883],[19.923839,39.42772],[19.911794,39.430325],[19.907481007594157,39.435003991761405],[19.914886999999997,39.43390499288777],[19.921722999999997,39.437811992889685],[19.927501,39.44716999289426],[19.927500996205236,39.44716999385403],[19.927501,39.44717],[19.892751,39.455959],[19.879731,39.460761],[19.879242,39.458319],[19.878754,39.454576],[19.878754000439464,39.454575996268616],[19.878753999999997,39.45457599289788],[19.878916999032093,39.4531920011155],[19.865571,39.468573],[19.854828,39.488959],[19.847667,39.50967],[19.840831,39.551988],[19.828868,39.572333],[19.809825,39.589057],[19.78419,39.604193],[19.760997,39.612982],[19.748546,39.620022],[19.72169,39.666205],[19.718923,39.673082],[19.701427,39.672838],[19.689708,39.67414],[19.681326,39.679999],[19.674327000661812,39.69354899871874],[19.677013,39.716701993025175],[19.677012999303347,39.71670199399495],[19.677013,39.716702],[19.671723,39.724066],[19.65316800018269,39.71466700009254],[19.653574999999993,39.73041399303178],[19.653574999834138,39.73041399358268],[19.653575,39.730414],[19.650157,39.741767],[19.641612,39.747952],[19.626475008260552,39.748235999845015],[19.636404,39.75641499304436],[19.662283000000002,39.78449099305789],[19.667491,39.79352399306229],[19.676931,39.795151993063044],[19.769705,39.79808199306445],[19.799083000000003,39.80280199306674],[19.824961999999996,39.81146899307092],[19.851817,39.82452999307723],[19.865571,39.82103099307559],[19.874847999999997,39.815333993072834],[19.882985999999992,39.80890499306968],[19.892833000000007,39.80341199306705],[19.918793,39.79681999306388],[19.928965999999996,39.7920599930616],[19.934337,39.7829449930572],[19.941173,39.7829449930572],[19.941173,39.782945],[19.941173,39.79035099306077],[19.94800899961902,39.79035099306077],[19.948008247955386,39.79033730213881],[19.947053117651176,39.77294921875],[19.9470536015113,39.77294921875],[19.9463,39.759223],[19.933767,39.741156],[19.912934,39.730455],[19.851573,39.710517],[19.841563,39.704169],[19.835948,39.69245],[19.839122,39.679877],[19.847667,39.669989],[19.858653,39.666246],[19.858653,39.65884],[19.844981,39.65884],[19.844981,39.652655],[19.903819,39.629055],[19.91468978638041,39.62733684471658],[19.914689786060038,39.627336837749105],[19.927500998752592,39.62531199317805],[19.923513,39.603502],[19.917166,39.598863],[19.91365742547555,39.59996245924013],[19.913434288479966,39.600032382680254],[19.913434288459694,39.6000323822394],[19.900157,39.604193]],[[19.912464141845703,39.57893371582031],[19.757785797431488,39.643600463736604],[19.757785797119137,39.64360045685695],[19.912464141845703,39.578933708778706],[19.912464199610234,39.578934972078414],[19.912464141845703,39.57893371582031]]],[[[14.347504,35.988715],[14.361501,35.992418],[14.377289,35.993638],[14.377289,35.986233],[14.368175,35.984849],[14.362315,35.982408],[14.349376,35.973131],[14.428477,35.965725],[14.445079,35.960354],[14.478689,35.936957],[14.507823,35.928534],[14.512869,35.920803],[14.514008,35.910834],[14.513927,35.900824],[14.519298,35.89997],[14.548025,35.890041],[14.563162,35.870022],[14.567149,35.845608],[14.561778,35.82982],[14.548025,35.836005],[14.532481,35.821967],[14.527517,35.813544],[14.527517,35.801215],[14.511485,35.806464],[14.507091,35.808661],[14.472667,35.811428],[14.42449,35.823676],[14.381521,35.842963],[14.363048,35.866685],[14.359874,35.869696],[14.345714,35.875922],[14.342621,35.880683],[14.342621,35.911689],[14.338372068970788,35.94580228831328],[14.338927215862237,35.98445379426262],[14.347504,35.988715]]],[[[14.343598,36.01557],[14.350597,36.009508],[14.339221922141679,36.00497240237981],[14.33939212352511,36.016822490862054],[14.343598,36.01557]]],[[[20.722427027187038,37.89975357055664],[20.734141,37.881903],[20.741954,37.862291],[20.752452,37.854885],[20.777192,37.843329],[20.808849,37.849555],[20.850108,37.836412],[20.885997,37.813951],[20.901378,37.792426],[20.917979,37.765286],[20.927585444326564,37.7603464558505],[20.92758544397063,37.76034644808739],[20.986827,37.72988499203837],[20.99634899642582,37.69928600350843],[20.983084,37.712307],[20.954356,37.723863],[20.93756322992954,37.72778568103449],[20.926214113662418,37.730436765599144],[20.926214113418236,37.73043676027337],[20.920909,37.731676],[20.893891,37.733466],[20.879161,37.728217],[20.869884,37.719143],[20.863292,37.710598],[20.856456,37.706732],[20.843516,37.701565],[20.843761,37.689927],[20.849376,37.67829],[20.853038,37.672593],[20.851329,37.65941],[20.849482056787668,37.6568912910259],[20.84948203470812,37.65689129562765],[20.847345447147912,37.65397755884514],[20.846853,37.653306],[20.835948,37.651516],[20.815115,37.651516],[20.807872,37.656073],[20.805680831689315,37.658229315307565],[20.795636878752788,37.668113544511876],[20.795636831482447,37.66811355436382],[20.777192,37.686265],[20.727794,37.718492],[20.704356,37.738349],[20.702159,37.754543],[20.680431,37.769965],[20.642426,37.811103],[20.619477,37.822821],[20.626475,37.834418],[20.622081,37.851304],[20.627696,37.857611],[20.61972524353211,37.86420173621557],[20.61974811498916,37.86471567786488],[20.65052226169106,37.89975357055664],[20.650522268608228,37.89975357055664],[20.660003999999997,37.910548992129925],[20.68572,37.929591992139535],[20.708994999999994,37.92523799213738],[20.709727,37.92206499213577],[20.709809000000003,37.919622992134535],[20.714365997954413,37.915268994086816],[20.713634,37.913153],[20.713634001782445,37.91315299728379],[20.713633999999995,37.913152992131245],[20.72242689164175,37.89975357055664],[20.722427027187038,37.89975357055664]]],[[[20.607696170315972,38.39274459317401],[20.625824,38.351752],[20.627696,38.343573],[20.62615,38.328437],[20.620128,38.320217],[20.610688,38.313381],[20.599132,38.302639],[20.607188,38.293524],[20.630544,38.257961],[20.642914,38.253404],[20.656993,38.262519],[20.670665,38.275295],[20.681651,38.282131],[20.679454,38.278713],[20.676768,38.271715],[20.674815,38.267808],[20.693533,38.264635],[20.699555,38.25434],[20.701996,38.240627],[20.708995,38.226955],[20.751313,38.196763],[20.762218,38.170396],[20.788707933336305,38.141201899967605],[20.788707932644225,38.14120188500163],[20.797698999999994,38.131292992241406],[20.805023999999992,38.11578999223358],[20.807790999308004,38.099554996285626],[20.804698,38.082953],[20.794688,38.066107],[20.789317,38.065009],[20.763682,38.069892],[20.754405,38.068793],[20.743419,38.063625],[20.733572,38.062405],[20.718435,38.066311],[20.705577,38.075629],[20.681651,38.097805],[20.653005,38.111151],[20.650091299836212,38.11180844290228],[20.645886711428318,38.11275717108805],[20.64588658306996,38.112757188839986],[20.614594,38.119818],[20.60435329300627,38.11850123395925],[20.604353286835057,38.118501234812726],[20.600221943539072,38.117970018615985],[20.58074,38.115465],[20.564952,38.090318],[20.546397,38.102037],[20.509776,38.110785],[20.496104,38.124457],[20.493012,38.133368],[20.492955208252628,38.1339075652189],[20.492955017712234,38.13390937549898],[20.491059,38.151923],[20.489268,38.159247],[20.472911,38.182074],[20.468761,38.192776],[20.481212,38.190131],[20.497895,38.176907],[20.509776,38.172268],[20.509776,38.179674],[20.493826,38.191718],[20.483897,38.206855],[20.457042,38.261217],[20.445323,38.27619],[20.435069,38.278795],[20.427908,38.261664],[20.428233,38.245551],[20.436046,38.21247],[20.434744,38.192776],[20.425304,38.175279],[20.412364,38.168118],[20.398448,38.163031],[20.386241,38.151801],[20.380056,38.151801],[20.374034,38.169013],[20.345388,38.182115],[20.339041,38.200181],[20.343028,38.208441],[20.350841,38.218451],[20.356944,38.228583],[20.355479,38.237494],[20.351573,38.245917],[20.35377,38.253241],[20.359386,38.258775],[20.365733,38.261664],[20.379649,38.273993],[20.3921,38.300116],[20.398204,38.332709],[20.399913,38.364081],[20.405447,38.34984],[20.406749,38.343573],[20.413585,38.343573],[20.427257,38.363349],[20.435069,38.356187],[20.442556,38.337714],[20.455089,38.323065],[20.463227,38.331488],[20.46697,38.32567],[20.47047,38.315131],[20.479015,38.309475],[20.489024,38.31273],[20.506521,38.327216],[20.529796,38.33747],[20.538748,38.354071],[20.539561,38.374213],[20.530935,38.392035],[20.55128,38.385159],[20.54018237996365,38.41601561738437],[20.540182377224678,38.416015625],[20.539236,38.418647],[20.53777100064318,38.42609299673097],[20.539724000000003,38.439275992396006],[20.54297899999999,38.450018992401404],[20.54363,38.45917399240597],[20.54362999951074,38.45917399311953],[20.54363,38.459174],[20.537771,38.467719],[20.537771,38.47394399241338],[20.571788000000005,38.47394399241338],[20.607690274445247,38.39275042911649],[20.566534800129425,38.41594531751597],[20.607696170315972,38.39274459317401]],[[20.7864933013916,38.09331130981445],[20.785816558360466,38.0934049032307],[20.786493301391598,38.09331130203664],[20.786493357047704,38.093312513356885],[20.7864933013916,38.09331130981445]]],[[[20.736095,38.320054],[20.719412,38.315619],[20.705821,38.318264],[20.687836,38.336737],[20.695174343983073,38.34343726972997],[20.736567986532524,38.32010562440459],[20.736095,38.320054]]],[[[1.22755,38.942003],[1.2228861169602667,38.94818654652059],[1.2228860749983863,38.94818666641667],[1.2188917280939278,38.953482453207336],[1.2184350035651226,38.95408799527323],[1.220332455539848,38.95548302592104],[1.2203324534946831,38.955483031764615],[1.226736,38.960191],[1.236827,38.965155],[1.24822,38.966376],[1.259939,38.960924],[1.267263,38.966051],[1.276866,38.968004],[1.300955,38.96776],[1.292247,39.009874],[1.292817,39.033271],[1.304454,39.043443],[1.317556,39.047593],[1.33253,39.057237],[1.356781,39.077623],[1.363048,39.077623],[1.372244,39.071397],[1.391938,39.083319],[1.403331,39.077623],[1.423188,39.090562],[1.450694,39.101793],[1.478689,39.107733],[1.499522,39.104885],[1.508637,39.114366],[1.522716,39.118883],[1.53712,39.118028],[1.553559,39.107652],[1.560395,39.105821],[1.57838,39.104885],[1.589692,39.102769],[1.597911,39.098131],[1.605968,39.091295],[1.600841,39.082384],[1.606944,39.062364],[1.623057,39.029202],[1.606456,39.028388],[1.593272,39.02025],[1.584646,39.007432],[1.581391,38.991929],[1.576182,38.985826],[1.541189,38.96776],[1.509776,38.930162],[1.497244,38.921861],[1.469493,38.910264],[1.458669,38.900133],[1.454926,38.904039],[1.448416,38.9088],[1.444998,38.913153],[1.428559,38.896593],[1.414728,38.890622],[1.404145,38.856757],[1.403105,38.832278],[1.37065,38.831809],[1.36085,38.851915],[1.343516,38.862372],[1.328868,38.857896],[1.322032,38.857896],[1.318614,38.859117],[1.317719,38.859849],[1.307791,38.857896],[1.300304,38.870469],[1.283458,38.87462],[1.266612,38.870347],[1.259939,38.857896],[1.2532535549856008,38.86141882382068],[1.2532535170944774,38.86141893208554],[1.2301351261802944,38.87360083287418],[1.228201,38.87462],[1.216645,38.885077],[1.2121690012197852,38.903224995054366],[1.2242939999999998,38.92735399263886],[1.226579085005315,38.93763476974558],[1.2265790840053559,38.93763477260272],[1.22755,38.942003]]],[[[20.151574107794463,39.63674483424547],[20.148204,39.637519],[20.140391,39.642401],[20.139427042381406,39.64360045685695],[20.139427036747545,39.64360046386719],[20.137055,39.646552],[20.121349,39.656806],[20.116222,39.65884],[20.104828,39.661078],[20.096528,39.665961],[20.088878,39.673082],[20.044607,39.680894],[20.021658,39.68769],[20.01002,39.693549],[20.004405,39.692776],[19.999848,39.693508],[19.996837,39.692572],[19.99586,39.686713],[19.989024,39.686713],[19.98357200092554,39.701360997513326],[19.984994628054288,39.70827101963238],[20.154954910278317,39.70827101963238],[20.237714900050538,39.52018086009597],[20.236013,39.520819],[20.222016,39.521308],[20.222016000226887,39.52130799292246],[20.222015999999993,39.52130799293039],[20.222422999767787,39.508612000167716],[20.213634,39.51496],[20.202159,39.520413],[20.190684008545425,39.52167399906093],[20.201915,39.52973099293449],[20.20191499219882,39.529730994403515],[20.201915,39.529731],[20.183116,39.533271],[20.165782,39.534735],[20.149587,39.533637],[20.133556008791345,39.529731002142036],[20.141287000000002,39.537827992938404],[20.145518000000003,39.547064992942914],[20.147145999999996,39.557806992948116],[20.14714599978649,39.55780699859119],[20.147146,39.557807],[20.146658000276158,39.57070499270097],[20.154062999999997,39.56390999295107],[20.160899,39.564357992951294],[20.167653999999995,39.569524992953795],[20.174570999999997,39.57684999295734],[20.174978,39.580267992959016],[20.174977999710173,39.580267997566004],[20.174978,39.580268],[20.17416400025494,39.5932069959476],[20.174571,39.59796799296762],[20.176524,39.598618992967936],[20.186046,39.60382699297043],[20.188242999999996,39.604192992970674],[20.188242997881808,39.60419299964713],[20.188243,39.604193],[20.181814,39.624457],[20.165212,39.633612],[20.151574901512948,39.63674465191609],[20.151574107794463,39.63674483424547]],[[20.1518972975702,39.64359763995685],[20.15189743041992,39.64360045685695],[20.151897430090127,39.64360045685695],[20.1518972975702,39.64359763995685]]],[[[2.996755,39.326972],[2.99464,39.337958],[2.991384,39.347276],[2.984223,39.351142],[2.974457,39.353461],[2.958832,39.363227],[2.950043,39.365505],[2.938162,39.364366],[2.922374,39.359727],[2.912608,39.358669],[2.82545,39.363593],[2.786632,39.375922],[2.761729,39.400214],[2.751231,39.454779],[2.736583,39.462104],[2.739513,39.478298],[2.754893,39.502631],[2.7435,39.523383],[2.715099,39.543524],[2.681651,39.558661],[2.655284,39.564724],[2.633474,39.559272],[2.569102,39.531521],[2.555675,39.520046],[2.544932,39.492987],[2.541265064713238,39.49000160270784],[2.541264880154899,39.49000156451437],[2.521447389489585,39.47386724817938],[2.520193,39.472846],[2.492686,39.470242],[2.492517087608321,39.47047061325978],[2.486465661011205,39.47866112716371],[2.486465498124253,39.47866109345503],[2.473806,39.495795],[2.47169,39.497911],[2.469005,39.505886],[2.472179,39.512152],[2.480642,39.516221],[2.453949,39.537421],[2.445811,39.528876],[2.438162,39.525214],[2.431163,39.527696],[2.425955,39.537421],[2.398285,39.52497],[2.391856,39.523749],[2.382091,39.529242],[2.373709,39.547187],[2.355642,39.558661],[2.350759,39.576483],[2.351736,39.596747],[2.357677,39.611884],[2.429373,39.646674],[2.45045,39.650336],[2.468272,39.659369],[2.517589,39.700141],[2.5324,39.706366],[2.552419,39.708686],[2.569672,39.71308],[2.586599,39.723822],[2.617686,39.749701],[2.621918,39.754462],[2.62908,39.766872],[2.631358,39.770128],[2.635997,39.771023],[2.647472,39.769232],[2.651866,39.770128],[2.676036,39.789089],[2.67921,39.794013],[2.683604,39.79621],[2.703949,39.814154],[2.710623,39.818549],[2.717947,39.820136],[2.747406,39.83161],[2.761729,39.840522],[2.773204,39.849636],[2.784841,39.856716],[2.799653,39.859565],[2.803233,39.861599],[2.809581,39.870551],[2.813243,39.872585],[2.834158,39.871161],[2.843598,39.872585],[2.873057,39.88349],[2.933279,39.914496],[2.964122,39.920966],[3.020274,39.925157],[3.075694,39.936103],[3.1739048423298297,39.9670295715332],[3.173904864096249,39.9670295715332],[3.1794539999999993,39.9687769931466],[3.1812014216125624,39.9670295715332],[3.1812014284667995,39.9670295715332],[3.193126,39.955105],[3.193428472362513,39.95534463358626],[3.1934284726136446,39.95534462692542],[3.198416,39.959295993142064],[3.2013449999999994,39.96051699314267],[3.214202993017825,39.95510499607892],[3.203624,39.949164],[3.202711799069846,39.94883247220149],[3.1937961628236877,39.945592264947386],[3.1937961653184144,39.94559219877897],[3.168468,39.936387],[3.15561,39.934027],[3.14088,39.928087],[3.127452,39.916693],[3.115489,39.908759],[3.10434,39.91352],[3.096934,39.91352],[3.094737,39.881212],[3.130219,39.87641],[3.1958679199492073,39.89064240534607],[3.1958679202069065,39.890642398511034],[3.2067979999999996,39.89301199311024],[3.2067979999999996,39.886827],[3.196788,39.881212],[3.1967075269563,39.88077213342043],[3.196319931398624,39.8786535648697],[3.196319932436836,39.87865353733287],[3.195567,39.874538],[3.196462,39.867133],[3.193126,39.859565],[3.187185,39.854356],[3.181488,39.851386],[3.165212,39.845893],[3.133556,39.839545],[3.126313,39.831855],[3.124848,39.811103],[3.136485,39.788764],[3.162608,39.76911],[3.194835,39.754991],[3.223888,39.749701],[3.292491,39.749701],[3.309906,39.755072],[3.340343,39.778998],[3.354503,39.784369],[3.383149,39.77794],[3.439789,39.75198],[3.474376,39.749701],[3.468516,39.739325],[3.469412,39.731065],[3.472667,39.723578],[3.474376,39.715522],[3.470551,39.710313],[3.464366,39.706407],[3.461436,39.700059],[3.46754,39.687567],[3.453868,39.659695],[3.443207,39.645779],[3.429942,39.639838],[3.413097,39.635077],[3.401866,39.623236],[3.398692,39.607733],[3.406016,39.591986],[3.365408,39.563056],[3.323253,39.523871],[3.291759,39.475775],[3.282481,39.420111],[3.272716,39.42475],[3.268809,39.427558],[3.252615,39.386176],[3.221039,39.35989],[3.1389409389072283,39.320335388183594],[3.0000153660982094,39.320335388183594],[2.996755,39.326972]]],[[[4.254568,39.949693],[4.266127657617888,39.94527483698483],[4.300939507512709,39.84211048091057],[4.300755809603842,39.83786544081719],[4.30075540798426,39.8378654954448],[4.300059516135414,39.821774927275264],[4.300059,39.821763],[4.248139,39.816474],[4.177175,39.843329],[4.177070128010375,39.84338233101234],[4.146723449524903,39.858816660980345],[4.146718079009639,39.85881739146872],[4.015066,39.925767],[3.981375,39.936062],[3.941335,39.936754],[3.869314,39.925523],[3.830658,39.936062],[3.83489,39.947984],[3.835704,39.962429],[3.839122,39.975572],[3.850515,39.983873],[3.842377,39.989407],[3.822032,39.995144],[3.812918,40.001207],[3.803396,40.01317],[3.803152,40.018134],[3.807058,40.023261],[3.8095,40.035386],[3.821869,40.047634],[3.891531,40.059556],[3.915457,40.051988],[4.011892,40.059556],[4.052013,40.058173],[4.063406,40.059556],[4.077566,40.064276],[4.09433,40.074734],[4.105072,40.079413],[4.107839,40.067613],[4.116791,40.059638],[4.139089,40.045925],[4.136974,40.043036],[4.134858,40.035712],[4.135427,40.028225],[4.142263,40.024807],[4.148529,40.027818],[4.155935,40.034654],[4.165782,40.045925],[4.163829,40.060574],[4.170502,40.064602],[4.176524,40.059231],[4.172618,40.045925],[4.17864,40.038845],[4.206716,40.024807],[4.212494,40.017239],[4.216889,40.0126],[4.227224,40.00491],[4.232677,40.002712],[4.247488,40.000393],[4.247535128931201,40.00037349607791],[4.26366282192591,39.95257933783038],[4.254568,39.949693]]],[[[9.69337,39.992906],[9.687266,39.961168],[9.696625,39.933783],[9.702485,39.937201],[9.709727,39.940334],[9.70974701950094,39.94033331594703],[9.709747020375533,39.94033330905011],[9.715667999999999,39.9401309931329],[9.717783998825622,39.93378299665293],[9.714529,39.924506],[9.711876926585953,39.92353716599761],[9.711811986180559,39.92351344249413],[9.708181,39.922187],[9.701427,39.922065],[9.696625,39.919501],[9.689464,39.906562],[9.684337,39.894232],[9.683849,39.882514],[9.689789,39.871731],[9.683116,39.871731],[9.683116,39.865546],[9.687755,39.863511],[9.691905,39.860053],[9.696625,39.858059],[9.696625,39.851874],[9.684255,39.839911],[9.675548,39.818915],[9.670258,39.793769],[9.668793,39.769273],[9.669932,39.756578],[9.675059,39.732082],[9.67628,39.718085],[9.674083,39.707994],[9.664806,39.691392],[9.662608,39.676825],[9.660411,39.670722],[9.655772,39.662909],[9.651134,39.652493],[9.648936,39.638983],[9.655772,39.59455],[9.653005,39.56684],[9.628429,39.501776],[9.644867,39.483954],[9.639008,39.45246],[9.614106,39.399359],[9.602061,39.355658],[9.600434,39.34101],[9.603526,39.326239],[9.611583,39.316555],[9.619830679181593,39.311760745497004],[9.619830678211375,39.31176073888906],[9.634612999999998,39.303167992823866],[9.634612999999996,39.296942],[9.630885840596973,39.29586050628301],[9.616900277074675,39.29180240276833],[9.616900272943372,39.291802374630905],[9.60727,39.289008],[9.581879,39.266303],[9.567556,39.238105],[9.573253,39.213813],[9.565603,39.205064],[9.568858,39.199286],[9.57602,39.193915],[9.579926,39.187079],[9.577891,39.179389],[9.568533,39.159369],[9.566417,39.149237],[9.557791,39.139716],[9.539561,39.134019],[9.539112695686368,39.13377644461179],[9.539111465523932,39.133775779031474],[9.522716,39.124905],[9.518565,39.10456],[9.510753,39.107978],[9.507091000654652,39.11139599938897],[9.507578999999996,39.116359992732136],[9.511892,39.124415992736125],[9.511891997046595,39.124415994483506],[9.511892,39.124416],[9.496349,39.133612],[9.480724,39.135565],[9.465343,39.131903],[9.450369,39.124416],[9.442882,39.124416],[9.437999,39.133368],[9.428966,39.138617],[9.408702,39.146145],[9.408339747377017,39.14647686866269],[9.401675551802715,39.152582237870504],[9.401675380577526,39.15258226130062],[9.383474,39.169257],[9.377696,39.172797],[9.367931,39.177151],[9.345063,39.196438],[9.336681,39.200751],[9.326182,39.202786],[9.312266,39.207913],[9.299571,39.214504],[9.292166,39.221259],[9.28533,39.213813],[9.271251,39.220526],[9.252452,39.225165],[9.216319,39.228013],[9.197439,39.221137],[9.180919,39.20718],[9.169688,39.193345],[9.166026,39.187079],[9.136892,39.194322],[9.113536,39.211493],[9.073009,39.248521],[9.063731,39.243069],[9.055512,39.247545],[9.047537,39.256008],[9.038748,39.262193],[9.024425,39.264838],[9.013927,39.263902],[9.012543,39.260565],[9.025727,39.256008],[9.025727,39.248521],[9.021007,39.240424],[9.026866,39.235745],[9.035167,39.232164],[9.037852,39.227118],[9.038748,39.228013],[9.050059,39.225653],[9.074962,39.229885],[9.079845,39.224595],[9.079845,39.216539],[9.078949,39.212348],[9.038585,39.179023],[9.026215,39.165229],[9.018321,39.146145],[9.015961,39.123847],[9.018728,39.103949],[9.024587,39.086127],[9.031993,39.06977],[9.037771,39.063666],[9.043793,39.058417],[9.044932,39.051256],[9.029307,39.03026],[9.018321,38.995307],[9.025727,38.995307],[9.015147,38.989651],[9.012055,38.990668],[9.004649,38.995307],[8.996349,38.982815],[8.894705,38.902289],[8.88795,38.899848],[8.877452,38.899075],[8.872406,38.896064],[8.861339,38.882066],[8.853282,38.877997],[8.841482,38.880561],[8.827891,38.888821],[8.805431,38.905951],[8.805431,38.885443],[8.791026,38.904446],[8.766612,38.920396],[8.739513,38.93065],[8.716563,38.932603],[8.694591,38.925238],[8.668793,38.91059],[8.653212856513994,38.893311293319904],[8.653212797388111,38.893311312701634],[8.65174913024516,38.89168799011465],[8.651622,38.891547],[8.651622001063961,38.891546993801114],[8.651621999999998,38.89154699262116],[8.655120998828822,38.87116099943459],[8.640961,38.864325],[8.634776002148888,38.87116099762493],[8.642833,38.889959992620355],[8.642832997466714,38.88995999408921],[8.642833,38.88996],[8.633149,38.895575],[8.615571,38.895941],[8.599864,38.899075],[8.599864,38.90595099262833],[8.603198182148397,38.9097063253545],[8.60319817708015,38.90970632701589],[8.615001,38.923],[8.615489,38.947577],[8.603282,38.964911],[8.580089,38.960517],[8.572276,39.013617],[8.559581,39.056708],[8.552094,39.056708],[8.544281,39.051256],[8.520844,39.060858],[8.504405,39.062934],[8.509044,39.067939],[8.518077,39.083441],[8.504405,39.090888],[8.482758,39.08039],[8.482107,39.084174],[8.47755,39.090481],[8.473318,39.107367],[8.465099,39.119452],[8.454275,39.124905],[8.442231,39.11815],[8.437999,39.128485],[8.43865,39.153144],[8.435395,39.165961],[8.428396,39.173163],[8.418793,39.177314],[8.412608,39.175727],[8.415701,39.165961],[8.409516,39.169338],[8.40504,39.174384],[8.402354,39.181342],[8.401378,39.190172],[8.398692,39.201158],[8.39620868267572,39.20233353723576],[8.411822103598032,39.255695717356225],[8.396195062059052,39.20233998487816],[8.392589,39.204047],[8.385509,39.204413],[8.380138,39.207587],[8.372813,39.222073],[8.371755000756329,39.230617993891464],[8.376720000000002,39.23785999279184],[8.396257251266173,39.25570296521271],[8.411824224272898,39.25570296521271],[8.411824226379395,39.25570297241211],[8.396257251266157,39.25570297241211],[8.426443,39.283271],[8.43214,39.301825],[8.415701,39.323676],[8.417247,39.339016],[8.382091,39.359687],[8.374034,39.378852],[8.378184,39.387926],[8.395681,39.404242],[8.401378,39.412421],[8.40504,39.427191],[8.403819,39.435858],[8.389496,39.462348],[8.385997,39.465522],[8.386892,39.469794],[8.394542,39.48135],[8.421886,39.508612],[8.435313,39.525214],[8.451671,39.558295],[8.46339,39.57685],[8.455903,39.584377],[8.463878,39.597886],[8.462169,39.617133],[8.449718,39.65884],[8.446788,39.704088],[8.445769537194371,39.70645234452946],[8.456242327193074,39.761002711810555],[8.459727,39.760484],[8.468598,39.75495],[8.499766,39.716213],[8.516938,39.702135],[8.538259,39.696031],[8.565766,39.701077],[8.514496,39.71369],[8.504405,39.721503],[8.506847,39.738471],[8.519867,39.755439],[8.535492,39.770819],[8.545258,39.782945],[8.538585,39.782945],[8.535167,39.776068],[8.530528,39.770413],[8.524913,39.765815],[8.518077,39.762519],[8.529796,39.772528],[8.540782,39.789252],[8.548839,39.807196],[8.552094,39.820787],[8.555186,39.852688],[8.553559,39.863959],[8.545258,39.878567],[8.523448,39.898871],[8.494151,39.912421],[8.463064,39.91413],[8.459381868205039,39.91211560016696],[8.45938180398861,39.912115626362116],[8.437816733617161,39.90031786832784],[8.435395,39.898993],[8.43539500474354,39.89899299570819],[8.435394999999998,39.89899299311312],[8.442231,39.89280799311014],[8.445566999999999,39.89809799311268],[8.449961999999998,39.899114993113145],[8.455820999999998,39.898504993112866],[8.4633899851464,39.898992992155456],[8.451834,39.89289],[8.444672,39.883612],[8.435395,39.858059],[8.42872200287659,39.86554599677252],[8.437510999999999,39.87677599310243],[8.43751099731757,39.87677599657257],[8.437511,39.876776],[8.431,39.885199],[8.418305,39.892279],[8.403575,39.902899],[8.400727,39.90351],[8.398285,39.905341],[8.394542,39.912665],[8.39356500066538,39.92047799467902],[8.396332000000001,39.92694699312655],[8.399912999999996,39.93317299312955],[8.400543873844915,39.93611678398683],[8.400543872491179,39.936116784539045],[8.401378,39.940009],[8.393565,39.976874],[8.394542,39.98843],[8.406505,40.009833],[8.407074,40.022203],[8.394542,40.0362],[8.380138,40.030097],[8.377208,40.033759],[8.384532,40.041938],[8.401378,40.049872],[8.40447,40.049506],[8.434825,40.051011],[8.452403,40.056098],[8.459727,40.057318],[8.468598,40.062161],[8.479015,40.074164],[8.487315,40.089545],[8.490001,40.104478],[8.485118,40.118109],[8.467296,40.144721],[8.46339,40.163153],[8.459646,40.21601],[8.47641,40.262152],[8.476085,40.292141],[8.462901,40.314521],[8.441254,40.331448],[8.415701,40.345282],[8.408214,40.337836],[8.385997,40.351793],[8.383556,40.371772],[8.394542,40.423814],[8.390473,40.442328],[8.379893,40.468695],[8.365571,40.492133],[8.349864,40.502346],[8.331716,40.510688],[8.323904,40.530829],[8.319591,40.555609],[8.312022,40.57807],[8.291515,40.595364],[8.267345,40.594062],[8.216319,40.570624],[8.195974,40.57807],[8.205333,40.597805],[8.216319,40.612209],[8.19337,40.617499],[8.176606,40.606594],[8.166189,40.586412],[8.161794,40.563788],[8.159293248263188,40.567808388516355],[8.158472554289188,40.632702276955854],[8.173839,40.641588],[8.185313,40.656562],[8.188487,40.680487],[8.191091,40.680406],[8.195567,40.685289],[8.197439,40.69123],[8.192149,40.694159],[8.178966,40.69477],[8.173839,40.696967],[8.167979,40.701606],[8.157436334373033,40.71463822600406],[8.156733818803259,40.770187515332736],[8.209646,40.865424],[8.215343,40.881415],[8.216319,40.899604],[8.209727,40.914455],[8.192149,40.92064],[8.178884,40.928168],[8.180091087271782,40.934217915755674],[8.230078012032495,40.926066684618846],[8.229259,40.921576],[8.233165,40.910102],[8.277843,40.865424],[8.310232,40.850653],[8.421886,40.838772],[8.477875,40.826158],[8.500987,40.824449],[8.520518,40.826972],[8.598399,40.852973],[8.618337,40.866156],[8.634288,40.881578],[8.640961,40.89647],[8.709158,40.92064],[8.733897,40.921291],[8.751231,40.919135],[8.764415,40.913804],[8.82252,40.947333],[8.83961,40.961615],[8.875336,41.008124],[8.88795,41.016262],[8.885916,41.020087],[8.885916,41.021226],[8.885265,41.021796],[8.881114,41.023668],[8.913097,41.03266],[8.922699,41.03677],[8.929454,41.043647],[8.940115,41.061184],[8.9463,41.064643],[8.958751,41.070014],[8.975759,41.082668],[8.990733,41.097357],[9.005544,41.121894],[9.02475,41.128852],[9.093028,41.135199],[9.107758,41.139472],[9.13559,41.160305],[9.141856,41.152777],[9.157563,41.168891],[9.163422,41.184149],[9.162852,41.225409],[9.171072,41.242906],[9.18568496377196,41.2492674379895],[9.268061952883897,41.23583868906138],[9.267426,41.201972],[9.278331,41.195014],[9.274669,41.19953],[9.273611,41.205146],[9.274913,41.212388],[9.278331,41.221747],[9.28533,41.221747],[9.289317,41.208726],[9.288341,41.205756],[9.28533,41.201239],[9.28533,41.195014],[9.299571,41.196479],[9.305431,41.197943],[9.312511,41.201239],[9.31658,41.196479],[9.333018,41.187567],[9.335216,41.211656],[9.352061,41.207261],[9.388194,41.180732],[9.388194,41.187567],[9.396658,41.183905],[9.404063,41.181708],[9.412283,41.180732],[9.422374,41.180732],[9.422374,41.174506],[9.417003,41.171454],[9.414317,41.168199],[9.41212,41.164537],[9.408702,41.160305],[9.420177,41.15644],[9.426606,41.149237],[9.432791,41.140774],[9.442882,41.132961],[9.437022,41.125434],[9.436778,41.115383],[9.442882,41.091986],[9.454112,41.111965],[9.46046,41.12051],[9.470063,41.126125],[9.466807,41.130683],[9.465099,41.134426],[9.462413,41.1376],[9.456554,41.140367],[9.469086,41.146186],[9.481456,41.145575],[9.494395,41.14232],[9.508067,41.140367],[9.513927,41.1435],[9.518403,41.148668],[9.523936,41.149726],[9.532237,41.140367],[9.52475,41.132961],[9.534353,41.128119],[9.540782,41.12287],[9.546153,41.120917],[9.552596813239687,41.126007925265824],[9.565218075296617,41.108089390280945],[9.565115,41.107123],[9.562266,41.097113],[9.556407,41.087836],[9.545909,41.077704],[9.543793,41.082506],[9.540782,41.087348],[9.539073,41.091986],[9.521251,41.031684],[9.511892,41.016262],[9.532237,41.016262],[9.52475,41.030504],[9.543142,41.036933],[9.55421,41.034613],[9.557628,41.025051],[9.552745,41.009467],[9.557791,41.009426],[9.558604,41.011054],[9.558279,41.013617],[9.559581,41.016262],[9.565684,41.010932],[9.568614,41.009508],[9.573253,41.009467],[9.588145,41.020697],[9.615733,41.019599],[9.630422114986914,41.01551854743843],[9.647387096643223,40.9914331892583],[9.635997,40.992377],[9.61964,40.998765],[9.604259,41.002631],[9.587576,40.995795],[9.58253,40.979926],[9.578868,40.961982],[9.566417,40.948635],[9.571137,40.934882],[9.557465,40.93122],[9.511892,40.934312],[9.511241,40.929389],[9.512543,40.927965],[9.504242,40.926907],[9.511974,40.915188],[9.52003,40.915025],[9.528982,40.919257],[9.539073,40.92064],[9.549327,40.917222],[9.567231,40.908393],[9.573253,40.906399],[9.592784,40.909898],[9.607677,40.917873],[9.622569,40.923774],[9.6421,40.92064],[9.637218,40.911566],[9.631521,40.904853],[9.623871,40.900702],[9.614106,40.899604],[9.614106,40.893378],[9.650076,40.879462],[9.655772,40.876044],[9.657725,40.863959],[9.663259,40.858222],[9.671723,40.85871],[9.683116,40.865424],[9.689789,40.855862],[9.699392,40.850043],[9.710948,40.846869],[9.723969,40.844916],[9.691091,40.836249],[9.681,40.829779],[9.689789,40.817043],[9.689789,40.810777],[9.67449,40.81391],[9.661794,40.809027],[9.657888,40.799872],[9.668793,40.790351],[9.66977,40.801459],[9.675792,40.788642],[9.703949,40.759426],[9.710297,40.745592],[9.714203,40.72724],[9.744477,40.680487],[9.748302,40.667222],[9.753184,40.605292],[9.756521,40.59516],[9.761567,40.587348],[9.768077,40.584296],[9.781912,40.581977],[9.785818,40.575873],[9.786876,40.567125],[9.792247,40.556952],[9.820567,40.536363],[9.82252026060645,40.53411141716782],[9.8225202606326,40.534111410553045],[9.826426999999999,40.529607993413286],[9.826670999844943,40.51959899976907],[9.826557794905915,40.51943040086642],[9.822601596770447,40.513538567939634],[9.822601597675833,40.51353833893508],[9.815196,40.502509],[9.812185,40.492377],[9.808767,40.470771],[9.800304,40.455512],[9.778087,40.427232],[9.761729,40.390692],[9.74936,40.377265],[9.727387,40.372016],[9.712413,40.3664],[9.700857,40.352973],[9.683116,40.324205],[9.670177,40.31269],[9.645518,40.296088],[9.634613,40.28262],[9.62615,40.263088],[9.624848,40.247748],[9.62908,40.205552],[9.631114,40.196194],[9.654633,40.144599],[9.66505,40.131578],[9.679698,40.126166],[9.686788632114185,40.12137995401779],[9.686788633054482,40.121379946602744],[9.687835999999999,40.120672993219294],[9.710216000000004,40.096339993207714],[9.732269999194362,40.08392999365513],[9.730317,40.068549],[9.730264628389234,40.06844177760703],[9.701078535479994,40.0086917708648],[9.701078917295005,40.00868875992492],[9.69337,39.992906]]],[[[8.404634545120087,38.97480081519652],[8.401378,38.981024],[8.364919,39.029486],[8.35295504014826,39.054505032841966],[8.370114140478075,39.11314990042484],[8.385916,39.105048],[8.417654,39.106594],[8.444591,39.102729],[8.455903,39.073554],[8.458018,39.068061],[8.463145,39.065253],[8.4699,39.06566],[8.47641,39.06977],[8.477306,39.070705],[8.479177,39.072211],[8.483897,39.06977],[8.464041,39.056545],[8.459321,39.049791],[8.46339,39.042467],[8.453949,39.028144],[8.446544,38.99433],[8.437022,38.96719],[8.43467610677492,38.964948608930875],[8.434676101869213,38.96494861053899],[8.433655524245983,38.963973490139786],[8.432465,38.962836],[8.421886,38.960517],[8.409841,38.961819],[8.406016,38.966946],[8.40504,38.974026],[8.40463735538966,38.974795444834285],[8.404634545120087,38.97480081519652]]],[[[9.395274,41.210598],[9.376964,41.213324],[9.374623496704592,41.21846747614394],[9.40919037159581,41.21283253015783],[9.395274,41.210598]]],[[[9.471039,41.189602],[9.474376,41.184272],[9.474864,41.179267],[9.470388,41.172105],[9.464366,41.172675],[9.456391,41.18065],[9.448741,41.185533],[9.441661,41.183051],[9.437022,41.18594],[9.447765,41.205064],[9.446673464861828,41.206722194566],[9.474806900999642,41.20213600060027],[9.471039,41.189602]]],[[[9.700125,40.890489],[9.691335,40.888292],[9.685151,40.891099],[9.679779,40.891303],[9.676036,40.890204],[9.677501,40.892605],[9.705683762982348,40.90866881509447],[9.71338932165138,40.89772915454655],[9.700125,40.890489]]],[[[9.739594,40.86046],[9.73406,40.8581],[9.71933,40.863756],[9.713878,40.873684],[9.727061,40.874132],[9.72948139423663,40.87488307431326],[9.739615017300324,40.860496265880684],[9.739594,40.86046]]],[[[9.201317501467253,41.3672618345608],[9.193858,41.369127],[9.169119,41.386176],[9.153331,41.391343],[9.122244,41.394965],[9.096446,41.40351],[9.10727,41.429267],[9.112153,41.432563],[9.121349,41.434638],[9.105154,41.445502],[9.080903,41.453192],[9.06658,41.4619],[9.079845,41.476142],[9.079845,41.482367],[9.068207,41.479478],[9.038748,41.4619],[9.031993,41.468736],[9.03419,41.470893],[9.035411,41.471625],[9.036632,41.472846],[9.038748,41.476142],[9.028087,41.473822],[9.024099,41.472113],[9.018321,41.468736],[9.011485,41.476142],[9.000987,41.483059],[8.975597,41.489081],[8.95102,41.491889],[8.93572,41.489203],[8.924815,41.49494],[8.916759,41.501654],[8.906912,41.50731],[8.883637,41.511176],[8.881114,41.514838],[8.879161,41.519355],[8.873709,41.523383],[8.864268,41.525336],[8.856293,41.525336],[8.848399,41.526109],[8.83961,41.530829],[8.853282,41.537665],[8.853282,41.54385],[8.840587,41.547268],[8.833344,41.550727],[8.823904,41.549954],[8.809906,41.55268],[8.797211,41.557074],[8.791759,41.561225],[8.796397,41.580552],[8.793224,41.587307],[8.78330036533159,41.5901345507911],[8.78320046745542,41.60073962205116],[8.785411,41.604682],[8.792003,41.625149],[8.801768,41.639065],[8.819021,41.632636],[8.872569,41.651068],[8.881114,41.657131],[8.885753,41.670885],[8.896983,41.677924],[8.910655,41.683824],[8.922699,41.694648],[8.899181,41.695461],[8.836436,41.70893],[8.812348,41.709296],[8.788829,41.712551],[8.776134,41.722398],[8.784923,41.742499],[8.760102,41.742662],[8.719086,41.730699],[8.695567,41.729438],[8.69809,41.733059],[8.702973,41.742499],[8.688731,41.741767],[8.677989,41.744086],[8.667979,41.747504],[8.655121,41.749905],[8.668224,41.754869],[8.6963,41.758205],[8.709158,41.763577],[8.71754,41.77204],[8.722016,41.782416],[8.720225,41.791693],[8.709158,41.797065],[8.709158,41.804511],[8.731944,41.804592],[8.752289,41.809801],[8.784923,41.824408],[8.78004,41.83393],[8.772309,41.840399],[8.76238,41.844143],[8.750824,41.845526],[8.783702,41.853583],[8.791759,41.859117],[8.789317,41.861314],[8.785818,41.867987],[8.781749,41.873684],[8.778087,41.872789],[8.79005,41.886949],[8.791759,41.887112],[8.794607,41.892157],[8.803396,41.900539],[8.805431,41.906928],[8.803071,41.907457],[8.791759,41.913764],[8.785981,41.922838],[8.781423,41.928778],[8.775076,41.932318],[8.764415,41.934272],[8.744395,41.932807],[8.710297,41.918769],[8.696981388095654,41.915678735807234],[8.69698138256075,41.91567874247839],[8.692261989090703,41.91458346584434],[8.688731,41.913764],[8.647634,41.911811],[8.629893,41.908637],[8.614268,41.900784],[8.607270001791447,41.9137639966772],[8.618662999999998,41.93048699405509],[8.618662998729532,41.930486998135166],[8.618663,41.930487],[8.614431,41.944078],[8.586274006182682,41.96897999453205],[8.635508999999999,41.97264199407382],[8.646809715847175,41.976150070476024],[8.646809711938372,41.976150075187256],[8.65504,41.978705],[8.668793,41.996324],[8.656098,42.002875],[8.664561,42.014472],[8.684337,42.02558],[8.706065,42.030463],[8.711274,42.033271],[8.738048,42.043931],[8.743419,42.044135],[8.744965,42.056586],[8.739106,42.063422],[8.723481,42.072089],[8.706228,42.100491],[8.699229,42.10932],[8.688813,42.111151],[8.660899,42.105455],[8.655121,42.10932],[8.647716,42.122016],[8.629568,42.130072],[8.6067,42.133734],[8.586274,42.13349],[8.591075,42.14289],[8.593761,42.146552],[8.586274,42.151435],[8.578136,42.154202],[8.569102,42.154975],[8.559581,42.153998],[8.569672,42.155585],[8.577891,42.158759],[8.593761,42.16706],[8.593761,42.174506],[8.565766,42.174506],[8.565766,42.181301],[8.577647,42.184882],[8.581798,42.194525],[8.57781,42.204413],[8.565766,42.208564],[8.574067,42.219916],[8.565766,42.225735],[8.552419,42.22899],[8.545258,42.232856],[8.54949,42.242255],[8.559906,42.24433],[8.586274,42.243354],[8.593761,42.246283],[8.601329,42.250678],[8.61085,42.254625],[8.651134,42.260403],[8.664724,42.264879],[8.675059,42.270657],[8.680837,42.272773],[8.685232,42.271918],[8.687755,42.272935],[8.688731,42.280951],[8.674001,42.289496],[8.672048,42.291164],[8.634776,42.304836],[8.632335,42.308661],[8.629649,42.315253],[8.625173,42.319159],[8.611095,42.310045],[8.605317,42.310452],[8.60141,42.314765],[8.599864,42.321926],[8.604747,42.325588],[8.634776,42.338935],[8.612804,42.352444],[8.591563,42.351142],[8.552094,42.338935],[8.559581,42.346381],[8.553477,42.354885],[8.549653,42.36579],[8.549083,42.377102],[8.552094,42.386705],[8.560802,42.381659],[8.570486,42.381781],[8.5796,42.385932],[8.586274,42.392971],[8.598643,42.3876],[8.602387,42.391913],[8.603526,42.400336],[8.60727,42.407213],[8.612071,42.411811],[8.614024,42.416246],[8.618663,42.419582],[8.65089,42.423285],[8.659516,42.429877],[8.661632,42.439765],[8.661388,42.45189],[8.672374,42.464423],[8.676768,42.47248],[8.672048,42.476142],[8.659679,42.477118],[8.657074,42.480048],[8.659353,42.484361],[8.667491,42.509711],[8.680431,42.521064],[8.697602,42.527004],[8.716563,42.530707],[8.710785,42.540107],[8.716319,42.561998],[8.709158,42.571723],[8.709158,42.579169],[8.71697,42.576117],[8.719737,42.575995],[8.720876,42.574123],[8.723481,42.565497],[8.740001,42.572333],[8.750662,42.568793],[8.759613,42.561754],[8.771251,42.558051],[8.786957,42.561998],[8.798839,42.571763],[8.807465,42.58511],[8.812836,42.599595],[8.805431,42.606431],[8.843028,42.608059],[8.906505,42.632473],[9.018321,42.650133],[9.049978,42.662177],[9.052989,42.681586],[9.107107,42.725898],[9.117849,42.732001],[9.141449,42.735012],[9.165212,42.735175],[9.176036,42.732815],[9.185069,42.733385],[9.236827,42.722561],[9.257823,42.713935],[9.264659,42.708889],[9.270844,42.702216],[9.276134,42.694159],[9.28533,42.67475],[9.292166,42.67475],[9.327891,42.720038],[9.34254,42.749091],[9.333018,42.770941],[9.340994,42.790107],[9.33546,42.807603],[9.321788,42.82392],[9.305675,42.83926],[9.333018,42.867133],[9.332856,42.8758],[9.326345,42.885321],[9.326182,42.893785],[9.330251,42.903551],[9.336925,42.910386],[9.360199,42.928616],[9.356781,42.933539],[9.355724,42.93651],[9.356944,42.94066],[9.360199,42.949123],[9.349946,42.957221],[9.343435,42.97309],[9.341807,42.990668],[9.34669,43.00373],[9.363048,43.011542],[9.404307,43.011664],[9.41967620684243,43.016544342041016],[9.419676224081071,43.016544342041016],[9.422374,43.01740099452639],[9.42320007341891,43.016544342041016],[9.423200078697482,43.016544342041016],[9.435557,43.00373],[9.444509,42.997992],[9.464041,42.990058],[9.464041,42.982611],[9.455577,42.974555],[9.453868,42.963813],[9.458751,42.952338],[9.470063,42.942288],[9.465505,42.923529],[9.484386,42.832424],[9.482758,42.802314],[9.450369,42.708889],[9.451427,42.696723],[9.449392,42.682603],[9.450369,42.653632],[9.449067,42.651068],[9.446056,42.648586],[9.44337,42.64525],[9.442882,42.64057],[9.445323,42.637885],[9.449962,42.635728],[9.4546,42.634589],[9.456554,42.634426],[9.459239,42.625434],[9.461681,42.619818],[9.461436,42.614569],[9.456554,42.606431],[9.46461,42.60163],[9.468028,42.594957],[9.470714,42.587226],[9.476899,42.579169],[9.484874,42.574449],[9.511892,42.565497],[9.509125,42.579983],[9.504731,42.586615],[9.489594,42.612616],[9.518565,42.580959],[9.528087,42.563544],[9.532237,42.544379],[9.53004,42.486314],[9.533376,42.456244],[9.545909,42.435126],[9.539887,42.422065],[9.535411,42.408189],[9.532725,42.392524],[9.532237,42.373725],[9.536957,42.353176],[9.555431,42.314276],[9.559581,42.294582],[9.552257,42.170152],[9.559581,42.146552],[9.556895,42.138251],[9.554942,42.120836],[9.552745,42.113023],[9.545584,42.10399],[9.518565,42.08511],[9.507823,42.072211],[9.492442,42.047756],[9.423839,41.973538],[9.408702,41.962226],[9.403168,41.952948],[9.402843,41.917426],[9.394298,41.847968],[9.403005,41.779731],[9.401622,41.706448],[9.398611,41.701483],[9.391124,41.699042],[9.381196,41.692694],[9.372244,41.683905],[9.367035,41.674221],[9.380707,41.674221],[9.37794,41.65644],[9.373057,41.645168],[9.363617,41.640041],[9.353201,41.640815],[9.345225,41.640326],[9.342133,41.63467],[9.34669,41.619574],[9.333263,41.624457],[9.318207,41.627143],[9.303722,41.627834],[9.292166,41.62641],[9.293956,41.617621],[9.284434,41.607652],[9.278575,41.598375],[9.292166,41.59162],[9.325043,41.601955],[9.345063,41.604478],[9.354177,41.595404],[9.350597,41.581204],[9.341075,41.569281],[9.326671,41.561103],[9.309093,41.558173],[9.299653,41.55329],[9.292166,41.542914],[9.281993,41.533271],[9.264659,41.530829],[9.268728,41.523749],[9.269867,41.516791],[9.268728,41.509955],[9.264659,41.502875],[9.276215,41.499416],[9.279145,41.491645],[9.27475,41.482856],[9.264659,41.476142],[9.270844,41.468736],[9.255219,41.463609],[9.228038,41.450019],[9.210704,41.448228],[9.210704,41.440863],[9.220063,41.435045],[9.223318,41.427314],[9.219981,41.419623],[9.210704,41.41352],[9.210704,41.407294],[9.222016,41.410956],[9.237966,41.422268],[9.250336,41.427802],[9.246593,41.412909],[9.23878,41.395901],[9.230154,41.380927],[9.227795532365011,41.378088684113514],[9.227795475558079,41.378088660879826],[9.223715194805722,41.37317817071705],[9.223155,41.372504],[9.206716,41.365912],[9.201321299202709,41.36726088497926],[9.201317501467253,41.3672618345608]]],[[[10.179535,42.818752],[10.189952,42.816881],[10.212169,42.807847],[10.224376,42.804429],[10.242198,42.803168],[10.26588,42.804429],[10.264903,42.809394],[10.264334,42.810452],[10.262706,42.810248],[10.259044,42.811916],[10.272146,42.818752],[10.272146,42.826239],[10.272146,42.827338],[10.289317,42.825629],[10.326834,42.826239],[10.322113,42.811713],[10.332774,42.805976],[10.347341,42.805854],[10.354666,42.808173],[10.358084,42.817532],[10.365977,42.822943],[10.374766,42.827094],[10.381358,42.832424],[10.3921,42.857978],[10.399913,42.868842],[10.412364,42.873358],[10.422048,42.870836],[10.431,42.864447],[10.438487,42.855455],[10.44337,42.845445],[10.436046,42.838121],[10.431163,42.827867],[10.430675,42.816148],[10.436697,42.804429],[10.430024,42.787584],[10.420258,42.776435],[10.406912,42.768988],[10.388845,42.763495],[10.40797,42.75727],[10.425141,42.74079],[10.430675,42.722113],[10.415538,42.708889],[10.410981,42.717963],[10.403331,42.718899],[10.39324,42.718207],[10.381358,42.722561],[10.377289,42.727973],[10.367198,42.745998],[10.364268,42.749823],[10.351248,42.755683],[10.337901,42.764838],[10.325043,42.764838],[10.313731,42.742987],[10.304535,42.759752],[10.265391,42.744574],[10.245372,42.75727],[10.240001,42.741889],[10.235199,42.735907],[10.229666,42.735419],[10.196277844352329,42.73617716818948],[10.162678723793169,42.817594568905456],[10.179535,42.818752]]],[[[17.508530664665162,42.77181288220744],[17.515881939873655,42.768430971741026],[17.515881937061643,42.768430967455316],[17.523692,42.7648379944191],[17.574473999999995,42.757513994415966],[17.597503994440736,42.74982299626925],[17.594412,42.747748],[17.593516,42.747219],[17.590668,42.742987],[17.590668003574873,42.74298699972189],[17.590667999999997,42.74298699440979],[17.648204,42.73851099440785],[17.658946,42.74298699440979],[17.679373000000002,42.72988499440418],[17.730478999999992,42.71344599439705],[17.748870993124687,42.694566001446745],[17.385916,42.770941],[17.37379,42.759996],[17.35377,42.766669],[17.334483,42.780341],[17.323741004968152,42.79083899514469],[17.341562999999997,42.79340199443131],[17.373789999999993,42.802638994435235],[17.39234498389299,42.80170299524738],[17.38738,42.800238],[17.382009,42.797838],[17.371593,42.790839],[17.37159300930787,42.79083900068461],[17.371593,42.79083899443022],[17.38266,42.79165299443055],[17.393320999999997,42.791163994430335],[17.403494,42.788763994429296],[17.412446000000003,42.784002994427304],[17.419932,42.79083899443022],[17.43686,42.782619994426696],[17.486013,42.78217199442649],[17.508525592737872,42.77181520993952],[17.507913615777962,42.7562872828401],[17.508530664665162,42.77181288220744]],[[17.507913589711695,42.75628662145062],[17.507913589477536,42.75628661550922],[17.507919999642095,42.75629639065485],[17.507913589711695,42.75628662145062]]],[[[17.355203628753333,42.95146560668945],[17.355203628540036,42.951465601188005],[17.43543815612793,42.951465601188005],[17.4401345963191,42.951465601188005],[17.45411199999999,42.94228799449462],[17.455739999999995,42.93842199449301],[17.455903,42.93292899449066],[17.456797999999996,42.92698799448814],[17.460216,42.92177999448591],[17.464853999999995,42.92072199448549],[17.476573000000005,42.922430994486206],[17.481455999999998,42.92177999448591],[17.499277999999993,42.911850994481746],[17.50766,42.90908399448059],[17.513953431708078,42.90856005550369],[17.51172232364771,42.852562196797685],[17.44338647514752,42.87249839424663],[17.440440000486362,42.87335799985811],[17.442719,42.898626994476146],[17.44271899952304,42.89862699471158],[17.442719,42.898627],[17.417247,42.9112],[17.350922,42.92178],[17.271332,42.963365],[17.237478,42.971381],[17.221528,42.979804],[17.213878,42.982611],[17.201915,42.98432],[17.095388,42.984442],[17.062511,42.990058],[17.046153,42.995063],[17.027517,43.003567],[17.017914002637728,43.01382099718346],[17.028168,43.024155994529266],[17.028168,43.024156],[17.028168,43.03099199453213],[17.028168,43.030992],[17.018809,43.034084],[17.01295,43.039211],[17.008067,43.045315],[17.001638006581757,43.05149999366804],[17.02312299999999,43.04865099453961],[17.055674999999997,43.028956994531306],[17.073252999999998,43.024155994529266],[17.158702,43.03099199453213],[17.240245000000005,43.02277299452867],[17.356615481323757,42.987880750985795],[17.35520365703629,42.951466336176416],[17.35662600541133,42.987877600954896],[17.390473,42.977729],[17.425792,42.960883],[17.440134596319155,42.95146560668945],[17.43543815612793,42.95146560668945],[17.355203628753333,42.95146560668945]]],[[[14.404063,44.94953],[14.405607169867626,44.950971084671],[14.457744820901246,44.92978534474832],[14.451915,44.922309],[14.459239,44.915432],[14.449962,44.898017],[14.448497,44.883734],[14.451915,44.850898],[14.464854,44.821438],[14.466563,44.804836],[14.451915,44.798774],[14.457042,44.787746],[14.469249,44.773098],[14.472911,44.765204],[14.473888,44.754543],[14.467621,44.742133],[14.466075,44.729804],[14.472179,44.707953],[14.485606,44.692084],[14.501313,44.678168],[14.505943051780616,44.672298398127175],[14.505943051674109,44.6722983934565],[14.5139269982709,44.66217699738245],[14.508067,44.653306],[14.508067000270048,44.65330599559585],[14.508066999999993,44.65330599518703],[14.508555999999993,44.645330995183905],[14.514984999999998,44.64215699518271],[14.527517,44.647894995184934],[14.534352998399312,44.63426299837164],[14.527354,44.627143],[14.520356,44.621527],[14.513357,44.618842],[14.504749320698908,44.619949457112824],[14.504702717680487,44.619955453019784],[14.502289,44.620266],[14.472992,44.620266],[14.427908,44.656562],[14.394542,44.707587],[14.397227,44.751614],[14.392751,44.752509],[14.389903,44.754055],[14.38738,44.755805],[14.383556,44.757758],[14.374522,44.753852],[14.368175,44.761054],[14.364268,44.7744],[14.363048,44.806545],[14.361583,44.815985],[14.356619,44.81977],[14.346039,44.820502],[14.329845,44.83393],[14.314138,44.893785],[14.2942,44.908637],[14.295177,44.913072],[14.296235,44.91592],[14.301524,44.922309],[14.292491,44.940334],[14.301524,44.943427],[14.325206,44.93651],[14.332286,44.932196],[14.350271,44.912909],[14.35963,44.908637],[14.377126,44.908149],[14.38738,44.909003],[14.39324,44.914781],[14.397227,44.929104],[14.393565,44.93476],[14.389008,44.950344],[14.389915214822956,44.95734739184757],[14.39867148522185,44.953789347637944],[14.404063,44.94953]]],[[[14.455273198288264,44.528718601457996],[14.451915,44.531887],[14.438162,44.538642],[14.438162,44.545478],[14.459239,44.541164],[14.466075,44.538642],[14.437999,44.564643],[14.422618,44.573879],[14.404063,44.579657],[14.396983,44.569159],[14.386567,44.565619],[14.374685,44.567572],[14.363048,44.573432],[14.363048,44.579657],[14.369884,44.579657],[14.369884,44.57982],[14.368663,44.582017],[14.364757,44.587226],[14.382579,44.603258],[14.375987,44.623033],[14.349376,44.655341],[14.344574,44.668524],[14.337087,44.699652],[14.335785,44.716783],[14.355724,44.707099],[14.381114,44.698635],[14.397472,44.685614],[14.390391,44.662177],[14.395193,44.653388],[14.399587,44.637519],[14.404063,44.610338],[14.410004,44.600979],[14.445567,44.565985],[14.502521236300696,44.52224080185183],[14.502521236191697,44.52224079707186],[14.526622000000001,44.50372999512912],[14.534352998140843,44.48407599984789],[14.511974,44.482245],[14.485037,44.500637],[14.482743808599283,44.50280058406112],[14.455273285002733,44.52871857800751],[14.455273198288264,44.528718601457996]],[[14.502179937564819,44.516033454945166],[14.502378463745112,44.51597976197961],[14.50237846784025,44.51597994643041],[14.502378463745117,44.5159797668457],[14.502179937564819,44.516033454945166]]],[[[14.265798,44.625393],[14.271169,44.612535],[14.264008,44.611558],[14.261541461762844,44.612663761633435],[14.261919854043635,44.630393132512296],[14.265798,44.625393]]],[[[14.265798,44.679511],[14.280447,44.677558],[14.28004,44.667792],[14.274181,44.661689],[14.262546647231218,44.659761196955465],[14.262916838799809,44.67710632778658],[14.265798,44.679511]]],[[[16.72815640841322,43.369118330591284],[16.795936809166587,43.35588708054246],[16.79593679570779,43.35588707783774],[16.809824999999996,43.3531759946669],[16.809825,43.346381],[16.796153,43.346381],[16.796153014563696,43.34638099466412],[16.796152999999997,43.34638099466412],[16.806813999999996,43.3424749946625],[16.816253999999997,43.340236994661524],[16.824229,43.34100999466188],[16.830332999999996,43.34638099466412],[16.839365999999995,43.34088799466183],[16.858164999999996,43.32518099465524],[16.868988,43.32257699465423],[16.877695999999997,43.323431994654555],[16.885101999999996,43.321966994653934],[16.892344998074293,43.312200997246414],[16.879568,43.293931],[16.872325,43.287991],[16.864431,43.291693],[16.846202,43.273383],[16.813162,43.267768],[16.628266,43.263739],[16.563975,43.270087],[16.500743,43.284247],[16.49548318455035,43.28646980013011],[16.425855131518507,43.315894714396435],[16.425563596968146,43.32518099465524],[16.42628,43.32518099465524],[16.426767999999992,43.33148799465786],[16.429698,43.33246499465834],[16.434337,43.33173199465805],[16.439788999999998,43.332708994658425],[16.439788996392313,43.3327089993535],[16.439789,43.332709],[16.434255000472316,43.339910999385324],[16.434905999999998,43.34642199466415],[16.441661,43.35122299466612],[16.453460999999997,43.3531759946669],[16.45346099633585,43.35317599939355],[16.453461,43.353176],[16.439708,43.370917],[16.426280003016178,43.39410999479042],[16.447032,43.39484299468422],[16.453460999999997,43.39410999468388],[16.493907000000004,43.38230999467903],[16.687673,43.37702099467678],[16.728148350889306,43.36911989815478],[16.727190040225988,43.34207216364226],[16.72815640841322,43.369118330591284]],[[16.727190017890663,43.3420715332414],[16.72719001770019,43.342071527865414],[16.727397915243905,43.34211331287452],[16.727190017890663,43.3420715332414]]],[[[15.418793,43.929145],[15.426768,43.922065],[15.435395,43.911282],[15.442719,43.899075],[15.446056,43.887519],[15.438731,43.890692],[15.431407,43.892768],[15.423676,43.893988],[15.41505,43.894436],[15.407074,43.896145],[15.403575,43.900214],[15.401541,43.904771],[15.401487076990081,43.904818043420676],[15.417604182322592,43.929733037397554],[15.418793,43.929145]]],[[[15.215820611287496,44.07205631098055],[15.225759,44.06623],[15.239834911796176,44.05333577294799],[15.239834903965756,44.05333577507283],[15.247080999999996,44.046697994949135],[15.254404998390061,44.017890001270146],[15.241873,44.027777],[15.23227,44.041449],[15.223318,44.050279],[15.212738,44.045233],[15.206554,44.045233],[15.205333,44.04975],[15.20338,44.052476],[15.201427,44.054999],[15.199067,44.058824],[15.189138,44.047797],[15.169688,44.058661],[15.148774,44.076361],[15.121837,44.092231],[15.087087,44.123725],[15.06869600219139,44.133978998778176],[15.070810999999999,44.137640994985375],[15.071136999999998,44.1384949949857],[15.072031999999998,44.13882099498581],[15.075531000000002,44.14081499498661],[15.075530997415441,44.14081499852713],[15.075531,44.140815],[15.071462,44.146389],[15.062511004350927,44.16193299244433],[15.215815480542526,44.07205931380322],[15.218687057495115,44.05907439680957],[15.218869960040372,44.05902476987775],[15.218687057495117,44.05907440185547],[15.215820611287496,44.07205631098055]]],[[[15.172374,44.305325],[15.172374,44.29914],[15.165411906290664,44.300353365933766],[15.163298491429979,44.30992485539416],[15.172374,44.305325]]],[[[15.14657378901116,44.385435657051865],[15.14663696289062,44.385383601040026],[15.158932845626067,44.32962142808528],[15.155313588025166,44.330760338111766],[15.154552,44.331],[15.13087,44.332587],[15.130869999999996,44.33258699506232],[15.130869999999996,44.326360995059886],[15.16327507170501,44.30993672056455],[15.165388458985687,44.30035745378362],[15.161808244218289,44.3009814184964],[15.149262,44.303168],[15.128754,44.311998],[15.111176,44.324612],[15.096690000000002,44.340033],[15.096690000000006,44.34625899506772],[15.110362000000002,44.34625899506772],[15.110362,44.34998199506918],[15.110361999999999,44.35370499507063],[15.110362,44.353705],[15.102306,44.357164],[15.097179,44.361314],[15.089203003155573,44.37421299489672],[15.099782999999997,44.37360299507839],[15.106943999999999,44.375189995079],[15.112152999999998,44.37958399508075],[15.117197999999997,44.387192995083716],[15.11719799752245,44.387192996263295],[15.117198,44.387193],[15.091645,44.399359],[15.083018,44.401516],[15.073578,44.400458],[15.057791,44.394192],[15.049001,44.39468],[15.038341,44.403266],[15.020763,44.429999],[14.958832,44.466702],[14.949718,44.468085],[14.897472000000002,44.490912],[14.897472000000002,44.49705599512655],[14.903168,44.49848099512711],[14.912851999999994,44.50275299512879],[14.918629999999997,44.50454299512949],[14.918629997016158,44.50454299907562],[14.91863,44.504543],[14.906261,44.520901],[14.877615,44.551337],[14.876964,44.55976],[14.865896,44.566352],[14.761485,44.658637],[14.743663,44.680487],[14.733653002130458,44.70319199516763],[14.738128999999995,44.70311099520613],[14.741222,44.701605995205554],[14.779959,44.669500995193225],[14.845224999999996,44.60053099516663],[14.883799999999997,44.579656995158594],[14.883799999356688,44.579657000348114],[14.8838,44.579657],[14.880138000596231,44.609197995190264],[14.904063000000003,44.610011995170325],[14.909510669004256,44.607482765812165],[14.908865933751798,44.58129140114617],[14.909525909804067,44.60747569468459],[14.938243,44.594143],[14.966319,44.573432],[14.989106,44.546617],[15.003917,44.536078],[15.041189,44.527493],[15.051768,44.516181],[15.061697,44.500718],[15.075531,44.484076],[15.055919,44.486233],[15.028168,44.50316],[15.007335,44.504543],[15.011729,44.514879],[15.014171,44.518744],[14.972911,44.536119],[14.95923931453275,44.539786863268965],[14.959239304043045,44.53978687191179],[14.955776264205053,44.54071593636137],[14.952891,44.54149],[14.942068,44.547431],[14.928559,44.552314],[14.911143,44.552314],[14.911142999999997,44.55231399514801],[14.911143,44.5488959951467],[14.911143,44.545478],[14.911143000000001,44.5454779951454],[14.965994,44.523870995136974],[15.048024999999996,44.4394389951041],[15.096690000000002,44.41518799509469],[15.096689946355433,44.415188026732444],[15.09669,44.415188],[15.080821,44.424547],[15.064952,44.437934],[15.051036,44.455268],[15.044778176018722,44.46930850371684],[15.0447725950682,44.46932102553861],[15.041515,44.47663],[15.083263,44.461859],[15.176606,44.391303],[15.199067,44.381049],[15.213227,44.369208],[15.241384,44.35106],[15.254405,44.340033],[15.235118,44.336249],[15.211762,44.346137],[15.187348,44.359809],[15.16505,44.367377],[15.16505,44.360541],[15.182872,44.357856],[15.20045,44.349514],[15.215831,44.338121],[15.227061,44.326361],[15.206554,44.326361],[15.208263,44.320746],[15.210948,44.317328],[15.215017,44.314927],[15.220225,44.31273],[15.198904,44.317043],[15.158950670170022,44.3296157954644],[15.146636962890625,44.38538360595703],[15.14657378901116,44.385435657051865]],[[14.908865928766698,44.58129119863424],[14.908865928649904,44.58129119388971],[14.908910957511768,44.58125409792901],[14.908865928766698,44.58129119863424]]],[[[14.525446665025292,45.1331568188119],[14.530121,45.134833],[14.527425179764458,45.13908704688127],[14.536107899015734,45.16511187469937],[14.539561,45.170396],[14.541759,45.1789],[14.541263686946255,45.18056538520401],[14.564229891680778,45.249402290619706],[14.595876,45.237535],[14.58546,45.23786],[14.582205,45.237535],[14.583995,45.23017],[14.587169,45.224351],[14.591319,45.219875],[14.595876,45.216498],[14.610688,45.198065],[14.62379,45.175482],[14.597423,45.166449],[14.612559,45.159247],[14.643728,45.156806],[14.665294,45.161811],[14.670909,45.143459],[14.658946,45.108344],[14.665294,45.087348],[14.678071,45.07746],[14.695974,45.073432],[14.740489,45.073065],[14.740001,45.044338],[14.77920730973837,45.01868026454679],[14.779207295570012,45.01868026914509],[14.799814999999995,45.00519399532106],[14.81495199743833,44.977484],[14.808767,44.977484],[14.797211,44.97134],[14.784679,44.969306],[14.772227,44.97134],[14.760916,44.977484],[14.747244,44.970038],[14.747244,44.97003799530774],[14.747244,44.963813],[14.747244,44.963812995305425],[14.760752997946291,44.95514599661974],[14.756847,44.948717],[14.742035,44.944729],[14.723399,44.943345],[14.706391,44.946723],[14.657888,44.970038],[14.628917,44.978176],[14.624522,44.9855],[14.623790000130215,45.00140999716976],[14.626313000000001,45.03725799533304],[14.626312999703464,45.03725799578668],[14.626313,45.037258],[14.62086,45.0456],[14.603282,45.038967],[14.603282000000002,45.0389669953337],[14.603282,45.032172],[14.603282000000002,45.03217199533121],[14.616953992255524,45.024643999592534],[14.590668,45.023261],[14.510509,45.032172],[14.485362,45.038031],[14.460134,45.052395],[14.438731,45.070502],[14.425059002031848,45.08734799749645],[14.433116000000002,45.09585199535506],[14.44158,45.09979899535655],[14.451182000000003,45.10101999535703],[14.462657000000002,45.10101999535703],[14.466481999999996,45.105291995358584],[14.466481999701601,45.10529199966673],[14.466482,45.105292],[14.465831000209514,45.11469099697507],[14.467052,45.12409099536564],[14.476328999999998,45.1283629953672],[14.514007999999997,45.12905499536747],[14.525429534481763,45.133150671297464],[14.51577857904958,45.104178538440635],[14.525446665025292,45.1331568188119]],[[14.515777589286028,45.10417556717408],[14.51577758789063,45.1041755629851],[14.515972780476474,45.10411221847573],[14.515777589286028,45.10417556717408]]],[[[15.066489219665527,37.641746520996094],[15.059245109558105,37.254878997802734],[15.05924510971053,37.2548789977392],[15.066489219665526,37.64174651298972],[15.389483451843263,38.157840721014495],[15.543269898231694,38.157840721014495],[15.527064409042064,38.136831896587985],[15.527029,38.136786],[15.500336,38.084947],[15.392589,37.976142],[15.302745,37.864407],[15.283458,37.832953],[15.266287,37.811916],[15.241222,37.795559],[15.213064,37.761461],[15.206554,37.747748],[15.206554000950355,37.747747994049305],[15.206554000000002,37.74774799204744],[15.208262999999997,37.737046992042025],[15.218597999999998,37.718084992032395],[15.220224999150837,37.706731997951984],[15.216075,37.696723],[15.202159,37.68537],[15.199067,37.675727],[15.196788,37.655097],[15.184581,37.6258],[15.178559,37.604315],[15.163829,37.567694],[15.115896,37.522284],[15.09669,37.494452],[15.091563,37.477484],[15.089529,37.459459],[15.089529000168492,37.45945899339403],[15.089528999999997,37.459458991900846],[15.092051999999999,37.36054099185035],[15.096690000000002,37.343694991841765],[15.103526,37.32977899183466],[15.110687999999996,37.32184499183063],[15.180023999999996,37.29075799181472],[15.217459000000005,37.28497999181174],[15.236663999999992,37.274725991806505],[15.251963999999997,37.25771699179782],[15.261240995488825,37.23383200340027],[15.244884,37.246161],[15.235606,37.241929],[15.228852,37.230292],[15.220225000773393,37.220160000908315],[15.221689999999995,37.23745399178748],[15.221689999370247,37.23745399256588],[15.22169,37.237454],[15.215831,37.244696],[15.205414,37.244696],[15.192882,37.239976],[15.19288200345521,37.239975993090134],[15.192882000000003,37.23997599178878],[15.199066997501427,37.22760699677912],[15.183442,37.207465],[15.183442002026101,37.207464994383926],[15.183442000000001,37.207464991772106],[15.185290896957056,37.2023398687513],[15.06033971950111,37.254422728067],[15.185291398935522,37.20233872305744],[15.194672,37.176337],[15.20509760831183,37.16624218127789],[15.205097606093295,37.16624217517707],[15.216482000000003,37.15521899174538],[15.233245999999998,37.16486199175031],[15.247569000000002,37.15867699174715],[15.247569,37.1552594917454],[15.247569,37.15525949027484],[15.247568999999999,37.151842],[15.229177,37.149644],[15.229177001429568,37.14964399191339],[15.229176999999996,37.14964399174255],[15.231781000000002,37.13491399173496],[15.246593,37.11823199172641],[15.264658999999998,37.110296991722386],[15.288829000000002,37.10838499172143],[15.303233,37.101222991717755],[15.307871998944574,37.086655995024444],[15.302745,37.062486],[15.287934,37.068996],[15.281993,37.060858],[15.281993000959286,37.060857993011076],[15.281992999999996,37.06085799169704],[15.283701999999998,37.048406991690655],[15.29184,37.041977991687375],[15.312266,37.04401299168842],[15.321056000000004,37.04022899168645],[15.329438000000001,37.02773699168004],[15.332366998591091,37.01162299942292],[15.324718,37.00849],[15.31422,37.012437],[15.30893,37.017768],[15.303396,37.016181],[15.268077,37.000434],[15.268077005764034,37.00043399423596],[15.268077,37.000433991666064],[15.274912994354565,36.993597997307994],[15.266124,36.989407],[15.263845,36.987128],[15.263845003261101,36.98712799492032],[15.263844999999998,36.98712799165922],[15.268077,36.98053599165585],[15.268077,36.97309],[15.244477,36.972073],[15.226736,36.964789],[15.211681,36.956488],[15.196056,36.952623],[15.174653,36.944078],[15.158376,36.924221],[15.107677,36.820136],[15.106619,36.80858],[15.094005,36.799547],[15.094005001745865,36.79954699281309],[15.094005,36.79954699156286],[15.098888,36.77944599155256],[15.117198,36.74713799153587],[15.134938999623126,36.687689992768185],[15.134288,36.675198],[15.114513,36.659898],[15.093923,36.654934],[15.073578,36.659125],[15.055186,36.671454],[15.040701,36.68769],[15.033051,36.693915],[15.021007,36.699368],[15.007172,36.702786],[14.997813,36.702216],[14.993663,36.69595],[14.982432,36.68887],[14.957286,36.697821],[14.91863,36.719875],[14.882172,36.730658],[14.846853,36.726264],[14.780772,36.699368],[14.776134,36.707709],[14.773448,36.710028],[14.760916,36.706204],[14.744314,36.719143],[14.684581,36.72602],[14.678835108137351,36.73387952750919],[14.674866942553088,36.73930739509634],[15.049844741821286,36.73930739509634],[15.049866307990229,36.73936670905588],[15.049844741821289,36.73930740356445],[14.67486693208339,36.73930740356445],[14.671641,36.74372],[14.658946,36.753811],[14.641181464230645,36.759339207109974],[14.641181308166166,36.759339364616906],[14.603064935238969,36.77120082113217],[14.600108,36.772121],[14.582205,36.781317],[14.565929,36.778306],[14.487315,36.793362],[14.475759,36.804918],[14.394542,36.945014],[14.369884,36.97309],[14.278819,37.044013],[14.208507,37.081122],[14.126313,37.11225],[14.088634,37.117743],[13.976329,37.110297],[13.967296,37.108222],[13.948578,37.098822],[13.938487,37.095933],[13.894379,37.100816],[13.832693,37.139553],[13.794607,37.151842],[13.751638,37.159003],[13.715831,37.171373],[13.683442,37.189358],[13.682146470408743,37.190389436628],[13.607999540116202,37.24942202919211],[13.607998769619305,37.24942217118888],[13.598806,37.256741],[13.569184,37.273505],[13.550471600710807,37.27817206085293],[13.55047155796221,37.27817209652029],[13.53839068228166,37.28118516358748],[13.534434,37.282172],[13.488617,37.288479],[13.452647,37.298814],[13.42156,37.314399],[13.372244,37.346137],[13.3296,37.366278],[13.31129,37.380845],[13.302013,37.385728],[13.289236,37.389146],[13.278005,37.393704],[13.253266,37.431789],[13.247325,37.43594],[13.225352,37.446031],[13.214041,37.458075],[13.206065,37.463935],[13.194591,37.466539],[13.18922,37.469713],[13.179373,37.483832],[13.174083,37.487006],[13.051524,37.500678],[13.036794,37.494859],[13.026378,37.493232],[13.016856,37.497545],[13.010427,37.506903],[13.004161,37.527086],[13.000011,37.535468],[12.974132,37.55744],[12.942638,37.568508],[12.862153,37.576402],[12.780935,37.574205],[12.697765,37.56273],[12.659353,37.565131],[12.636241,37.582221],[12.594737,37.637885],[12.57781,37.652004],[12.563487,37.657782],[12.523611,37.658352],[12.506196,37.665513],[12.489024,37.682685],[12.474376,37.702948],[12.465017,37.719794],[12.46046,37.734605],[12.459158,37.747748],[12.456309,37.759752],[12.448009,37.771308],[12.43629,37.783149],[12.427013000250374,37.79702399962553],[12.427418999999997,37.80927199207863],[12.444591,37.81598499208203],[12.446056,37.81183499207993],[12.460460000000003,37.81903699208359],[12.465017,37.82282099208552],[12.46501699660414,37.82282099718017],[12.465017,37.822821],[12.463064001475175,37.825750997786855],[12.470224999999997,37.85341999210101],[12.472423,37.854192992101424],[12.477711999999999,37.87254499211068],[12.478688999999992,37.881170992115074],[12.478688999300164,37.88117099382111],[12.478689,37.881171],[12.476736,37.885932],[12.467784,37.897121],[12.465017,37.905992],[12.464122000733457,37.91290899433148],[12.464528999999997,37.91412999213172],[12.467051999999999,37.91616399213277],[12.490489,37.95400599215189],[12.496593,37.98061799216537],[12.50294,37.99705599217368],[12.504160999999996,38.0112169921808],[12.504160999374829,38.011216992749354],[12.504161,38.011217],[12.492931006314597,38.02142999425726],[12.523447999999997,38.03143999219099],[12.549653000000001,38.05483599220282],[12.576345000000002,38.07172299221132],[12.608408999999998,38.06240499220664],[12.63842583482124,38.07935037942803],[12.492025523266673,37.89991271228621],[12.638439278522668,38.07935797657822],[12.638682,38.079495],[12.651622,38.091498],[12.652101066082281,38.09293510768615],[12.854787064671276,38.05944654304218],[12.856944,38.05858],[12.868907,38.051337],[12.86964,38.042548],[12.901134,38.028062],[12.944184,38.032864],[12.966881468125624,38.04092587214018],[13.039885909183303,38.0288637960191],[12.966883801230606,38.04092669302728],[13.027353999999999,38.06240499220664],[13.061370999999998,38.083481992217244],[13.069672,38.091131992221136],[13.0713,38.095525992223344],[13.071299998740688,38.0955259966011],[13.0713,38.095526],[13.069591,38.101467],[13.068207,38.113959],[13.066173,38.123033],[13.056814,38.132717],[13.054698001549161,38.14183199332675],[13.089366000000002,38.16600199225889],[13.089365996556223,38.16600199759905],[13.089366,38.166002],[13.083751002559215,38.174708996031505],[13.089609999999999,38.18333599226757],[13.100921999999999,38.19008999227097],[13.112477999999998,38.19277599227236],[13.122405999999998,38.19098499227142],[13.156992999999998,38.17967399226573],[13.179373000000004,38.176214992263986],[13.207204999999998,38.176092992263925],[13.230316999999996,38.184637992268236],[13.239024000000002,38.20701699227946],[13.254404999999997,38.20254099227723],[13.265960999999997,38.20526799227861],[13.277028999999997,38.21043499228116],[13.296641,38.21442299228322],[13.310231999999997,38.21954999228578],[13.318125999999996,38.220648992286335],[13.323252999999996,38.21796299228501],[13.325042999999999,38.2116559922818],[13.326019999999994,38.20477899227832],[13.328380000000001,38.200180992276046],[13.366221999999999,38.17967399226573],[13.371917999999997,38.172796992262256],[13.373055523261616,38.146405529487524],[13.354758223122339,38.1578086511405],[13.373055824853182,38.146402587491764],[13.373302,38.140692],[13.37672,38.131293],[13.391368,38.103176],[13.437899245528493,38.10598154246608],[13.665053319791603,37.964381901855944],[13.437913484015688,38.10598239318624],[13.513519999999998,38.110540992230945],[13.541269999173227,38.094061992713556],[13.539317,38.07685],[13.539317000524658,38.0768499968378],[13.539316999999999,38.07684999221392],[13.540862999999998,38.0675319922092],[13.547374000000003,38.05621999220353],[13.557464999999999,38.04913999219993],[13.587087,38.03912999219488],[13.622406000000002,38.01520399218285],[13.651133999999999,38.00096299217561],[13.697764999999999,37.99359799217192],[13.71192499278768,37.98794199504989],[13.707774,37.985093],[13.707286,37.984036],[13.705089,37.980455],[13.70508900486839,37.98045500010053],[13.705089000000001,37.9804549921653],[13.726735999999999,37.98090199216549],[13.790781999999998,37.97361899216184],[13.812672999999997,37.977931992163995],[13.857187999999994,37.99673099217351],[13.898285,38.00446199217739],[13.912282999999999,38.0126409921815],[13.924815,38.021958992186235],[13.938487000000002,38.02887599218972],[14.007171999999999,38.03827499219445],[14.020517999999997,38.049383992200056],[14.062510999999997,38.03021899219042],[14.083263,38.0238299921872],[14.106293000000003,38.021429992185986],[14.120942000000001,38.022609992186545],[14.151377999999998,38.02887599218972],[14.273203999999996,38.01512299218277],[14.331227999999998,38.018011992184256],[14.384612999999995,38.029526992190064],[14.431895000000004,38.049383992200056],[14.464089881406702,38.037189158131476],[14.056264151072599,37.96428106181862],[14.465033777636924,38.037314933970656],[14.511729,38.044379],[14.522099520122447,38.04751073099202],[15.057279932488095,38.143130109915816],[15.063243,38.135688],[15.068696,38.131293],[15.087901,38.128241],[15.105317,38.13349],[15.122569,38.141059],[15.177419,38.156317],[15.187002318762392,38.16630729226677],[15.579598601887433,38.23645151259477],[15.569672,38.226955],[15.562999,38.214301],[15.559906,38.199774],[15.575938,38.200181],[15.543272642699131,38.157840728759766],[15.389483451843262,38.157840728759766],[15.066489219665527,37.641746520996094]],[[14.27791690826416,37.12596130371094],[14.273482922383673,37.12677845391424],[14.27791690826416,37.12596129544134],[14.278470323863003,37.12540277306486],[14.27791690826416,37.12596130371094]],[[13.192005157470703,37.5772590637207],[12.490468978940545,37.70624160765522],[12.490468978881838,37.70624159969244],[13.192005157470703,37.57725905568151],[13.192395922046114,37.57693302872387],[13.192005157470703,37.5772590637207]]],[[[-8.848541,38.479682],[-8.848378,38.483018],[-8.847239,38.486558],[-8.84024,38.487535],[-8.834625,38.482489],[-8.837246272821327,38.478140853218655],[-8.837246277149971,38.47814085249435],[-8.838454349593293,38.476136904951645],[-8.839874,38.473782],[-8.841383876203789,38.47480983772959],[-8.844495240150577,38.47692789274095],[-8.844495258585006,38.476927889656345],[-8.848541,38.479682]]],[[[-1.2227354200820124,45.88983115937602],[-1.2227351665496828,45.889827723916326],[-1.177799790652409,45.889827723916326],[-1.1841280902109041,45.85668989257106],[-1.184193,45.85635],[-1.194569,45.830064],[-1.209218,45.814154],[-1.226877,45.81977],[-1.2412,45.85456],[-1.24942,45.867743],[-1.260365,45.881822],[-1.319,45.928127],[-1.340159,45.938666],[-1.361724,45.956732],[-1.3783259986391212,45.97597899842231],[-1.3738909999999998,45.984930995678525],[-1.371653,45.99530699568219],[-1.371653000645022,45.99530699700949],[-1.371653,45.995307],[-1.382924,46.0185],[-1.4049369970973031,46.05316799542858],[-1.3738909999999998,46.05023799570151],[-1.3399149999999997,46.037827995697114],[-1.3087049999999998,46.02024999569095],[-1.285146,46.00165399568443],[-1.2738340000000001,45.99762599568299],[-1.2612200000000002,46.00067799568408],[-1.247629,46.001775995684426],[-1.2336319999999996,45.99168499568088],[-1.229563000431988,45.979233996998374],[-1.231191,45.967922],[-1.2311909997859358,45.96792199715993],[-1.231191,45.967921995672526],[-1.230458,45.958196995669084],[-1.2276474141466638,45.956306173273774],[-1.2276474144834775,45.95630617783194],[-1.21939,45.950751],[-1.21939,45.943915],[-1.224355,45.935045],[-1.213938,45.928046],[-1.18517,45.915961],[-1.177724,45.906928],[-1.176096,45.898749],[-1.1777997085116585,45.889827728271484],[-1.222735166549683,45.889827728271484],[-1.2227354200820124,45.88983115937602]]],[[[-2.155751,46.964911],[-2.144846,46.957465],[-2.140045,46.943427],[-2.137685,46.923163],[-2.142568,46.909857],[-2.159088,46.91649],[-2.172698414589175,46.93760771316828],[-2.167394294193914,46.969125873865664],[-2.155751,46.964911]]],[[[3.689464,51.725043],[3.725841,51.739732],[3.810069,51.747301],[3.81422,51.748236],[3.830577,51.747301],[3.843761,51.742825],[3.939626,51.741156],[3.961762,51.738105],[3.978038,51.730292],[4.015391,51.701728],[4.020274,51.696479],[4.026622,51.691107],[4.036632,51.685858],[4.07838,51.678616],[4.097341,51.670233],[4.099376,51.65412],[4.089041,51.644029],[4.072602,51.636908],[4.054861,51.632636],[3.978038,51.623277],[3.960297,51.623847],[3.923106,51.632473],[3.901541,51.641995],[3.891938,51.655504],[3.88559,51.668362],[3.869802,51.676093],[3.830577,51.685858],[3.823904,51.689887],[3.817638,51.695258],[3.809255,51.69953],[3.795909,51.700141],[3.771251,51.68183],[3.765391,51.678412],[3.720551,51.676825],[3.718156163667423,51.67726687929991],[3.7181535039045226,51.6772673700617],[3.700043,51.680609],[3.6866970002143007,51.692693999805954],[3.689020486146491,51.719857876364266],[3.689020485941708,51.719857876663646],[3.689464,51.725043]]],[[[5.9546,53.461086],[5.855642,53.447414],[5.810000962076202,53.447414],[5.925475107082888,53.47021329039764],[5.9546,53.461086]]],[[[7.047048,53.694159],[7.08546,53.686998],[7.02016759425737,53.68260486709224],[7.03328549821107,53.693098449873155],[7.047048,53.694159]]],[[[7.435557,53.727973],[7.432384,53.724066],[7.429047,53.72248],[7.421235,53.721137],[7.381196,53.728502],[7.366547,53.727973],[7.376951571296737,53.732303619384766],[7.3769515768186595,53.732303619384766],[7.383067,53.734848997702095],[7.403494000000001,53.73672099770245],[7.422618000000002,53.73419799770194],[7.4265555680388395,53.732303619384766],[7.426555572816145,53.732303619384766],[7.435557,53.727973]]],[[[7.511241,53.727973],[7.481944,53.727118],[7.472992,53.731879],[7.47288423780804,53.7323036170864],[7.472884237224745,53.732303619384766],[7.469574000369471,53.745346998544164],[7.47462,53.75682199770595],[7.4869900000000005,53.76141999770681],[7.517426,53.76211199770694],[7.606619000000003,53.76259999770702],[7.626720000000001,53.75527599770565],[7.627207999760652,53.75092199984038],[7.625743,53.749945],[7.623302,53.749986],[7.620616,53.749091],[7.547699,53.750434],[7.513927,53.74551],[7.513916079559386,53.74543870001227],[7.5119042210468905,53.732303619384766],[7.511904285833808,53.732303619384766],[7.511241,53.727973]]],[[[9.475271,53.732164],[9.460216,53.735419],[9.435802,53.748684],[9.412446,53.778754],[9.396924590172691,53.81047615169101],[9.513503706487473,53.71950770070617],[9.475271,53.732164]]],[[[33.957286,34.98192],[33.930370447891185,34.975202393667104],[33.93036945578468,34.975202230794466],[33.91218094541083,34.970662642204445],[33.910167,34.97016],[33.899913,34.965155],[33.891856,34.958157],[33.8838,34.949123],[33.874522,34.94123],[33.862315,34.937893],[33.847423,34.94245],[33.8276486819905,34.958338715468834],[33.82764627902611,34.958340646256914],[33.819672,34.964748],[33.80421,34.972602],[33.78183,34.976223],[33.780935,34.976345],[33.760427,34.979682],[33.717296,34.977769],[33.701508,34.972886],[33.680349,34.966295],[33.654063,34.944729],[33.646658,34.931952],[33.639822,34.915676],[33.634776,34.89765],[33.632986,34.879828],[33.63424594881589,34.86800715277603],[33.63424573592175,34.86800691386449],[33.63501999926059,34.86074499749767],[33.632579,34.852484],[33.623057,34.849066],[33.616954,34.845282],[33.610037,34.82746],[33.605642,34.821763],[33.59018,34.818061],[33.58973551919721,34.8180571847716],[33.58969293434972,34.818056819241924],[33.556977,34.817776],[33.5442,34.815009],[33.535492,34.807522],[33.525157,34.795966],[33.513194,34.785468],[33.499522,34.780829],[33.467621,34.774319],[33.43865,34.762763],[33.415212,34.75845],[33.400157,34.773383],[33.399181,34.745307],[33.37086,34.730862],[33.29656,34.718166],[33.281586,34.712348],[33.272553,34.707343],[33.260102,34.700507],[33.245616,34.698228],[33.173595,34.705146],[33.101899,34.698228],[33.086436,34.69481],[33.072276,34.686754],[33.02589,34.651313],[33.015636,34.634426],[33.009939,34.624905],[33.009125,34.597398],[33.030284,34.574774],[33.030284,34.568549],[32.980704784953154,34.568549],[32.980691747549784,34.568549],[32.940929,34.568549],[32.940929,34.57477399041289],[32.94188620770657,34.57961270989601],[32.94188620591174,34.57961271040773],[32.944672,34.593695],[32.915863,34.63939],[32.913585,34.656684],[32.857432,34.669013],[32.834321,34.670966],[32.812836,34.668647],[32.760671,34.653225],[32.749197,34.649848],[32.71011217734098,34.64570405573768],[32.710083865328336,34.645701053973966],[32.707367,34.645413],[32.665782,34.652167],[32.626231,34.66649],[32.624422294290554,34.66742021775625],[32.612626856630925,34.67348667623094],[32.61262658518675,34.673486753621425],[32.575043,34.692816],[32.556651,34.699368],[32.535818,34.703559],[32.494563413897964,34.70715412435559],[32.49452907132467,34.70715711713369],[32.493337,34.707261],[32.48900358262881,34.70873246962747],[32.48888305068661,34.70877339785499],[32.475841,34.713202],[32.458995,34.721869],[32.419119,34.747992],[32.413341,34.753485],[32.407074,34.782416],[32.403005,34.787055],[32.402354,34.796454],[32.379161,34.849066],[32.367931,34.857001],[32.34669,34.868598],[32.337657,34.87641],[32.329438,34.88642],[32.323416,34.898424],[32.322765,34.911363],[32.331391,34.924221],[32.312185,34.950263],[32.310313,34.960761],[32.310313,34.982571],[32.305919,35.00141],[32.28419,35.032375],[32.276134,35.047756],[32.271739,35.072821],[32.275157,35.091051],[32.286632,35.097154],[32.306895,35.085598],[32.336681,35.058743],[32.353363,35.047919],[32.372325,35.04149],[32.413829,35.043036],[32.449962,35.058824],[32.479666,35.082953],[32.501964,35.109198],[32.51179069573376,35.12965774536133],[32.51179070020058,35.12965774536133],[32.516856,35.14020399070528],[32.527599,35.157049990713986],[32.54346799999999,35.1664899907189],[32.54542099999999,35.171209990721295],[32.54818800000001,35.17597099072378],[32.553966,35.17804599072485],[32.55892999999999,35.176906990724255],[32.566497999999996,35.1727159907221],[32.568207,35.171779990721625],[32.57471799999999,35.170599990721044],[32.584809,35.172511990722015],[32.601899,35.17861599072512],[32.619395,35.184881990728385],[32.640716999999995,35.18707899072952],[32.650401,35.188055990730064],[32.65984099999999,35.18707899072952],[32.68977352696992,35.18389419777353],[32.554834053216986,35.12969668024709],[32.689799025940665,35.18389149397896],[32.69158,35.183702],[32.711436,35.181627],[32.745372,35.178046],[32.776378,35.170844],[32.801443,35.157131],[32.82838,35.148586],[32.865245,35.156968],[32.892589,35.175035],[32.914724,35.200832],[32.929373,35.232978],[32.934744,35.270575],[32.936046,35.336615],[32.93214,35.366278],[32.92440360215746,35.38706969298154],[32.924403598746544,35.38706970214844],[32.92042100359067,35.39777299035001],[32.94434699999999,35.394516990836934],[32.959667019329956,35.38706970214844],[32.959667038187476,35.38706970214844],[32.985362,35.374579],[33.006114,35.369859],[33.069796,35.358724],[33.14008,35.362159],[33.262462,35.349351],[33.28061,35.342475],[33.427501,35.328925],[33.66033,35.35932],[33.71988003957004,35.38706970214844],[33.71988005924193,35.38706970214844],[33.74284899999999,35.397772990838654],[33.783508000000005,35.41671799084845],[33.788812230393596,35.41601909952672],[33.73739197684773,35.38707802861032],[33.78885810568448,35.41601306409907],[33.834646,35.40998],[33.887938,35.423906],[34.035622,35.471383],[34.07629,35.494323],[34.13119,35.511347],[34.181651,35.554185],[34.210385,35.559146],[34.26779,35.572256],[34.319672,35.586168],[34.36148,35.608309],[34.53887385555551,35.6763287477448],[34.53887385463427,35.676328738374416],[34.54419999999999,35.67837099098391],[34.57846099999998,35.68976499098983],[34.59253997956546,35.69196198780223],[34.587087,35.688707],[34.583669,35.684963],[34.581309,35.68122],[34.578868,35.678371],[34.57545,35.650133],[34.572765,35.643541],[34.56544,35.641181],[34.542328,35.637274],[34.537283,35.633979],[34.537187181145995,35.633928690753784],[34.5345702767658,35.63255494407578],[34.534570251174415,35.632554683773314],[34.441417,35.583645],[34.352306,35.520697],[34.137706,35.415107],[34.10906,35.394273],[34.08546,35.369859],[34.068207,35.337714],[34.05893,35.324123],[34.043793,35.315253],[34.019786,35.314358],[33.994884,35.319281],[33.971365,35.321275],[33.951671,35.31151],[33.923595,35.278551],[33.91212,35.259996],[33.9074,35.242906],[33.899913,35.164455],[33.913748,35.156236],[33.953624,35.122626],[33.961925,35.112616],[33.966807,35.100084],[33.978689,35.08747],[34.012299,35.063788],[34.021983,35.056993],[34.035899,35.047187],[34.051036,35.033026],[34.062185,35.005683],[34.06729736070848,34.99768147951797],[34.067297234740614,34.99768145883802],[34.073416,34.98810499062651],[34.087087,34.97190999061819],[34.099131984843666,34.96515499911454],[34.085216,34.964342],[34.059418,34.96662],[34.034516,34.97248],[34.023448,34.982571],[34.011567,34.987616],[34.00220746319703,34.98663385299406],[33.99609753887106,34.98599271158536],[33.99609743556419,34.98599269462563],[33.957286,34.98192]]],[[[25.39944592315116,35.32271194458008],[25.408051,35.31269],[25.425304,35.299547],[25.453624,35.294135],[25.481944,35.297431],[25.56379380986255,35.32271194458008],[25.56379383964933,35.32271194458008],[25.638844999999982,35.34589299081175],[25.659922999999996,35.34935099081354],[25.671396999999992,35.34723499081247],[25.692556000000003,35.3378359908076],[25.707774000000008,35.33567899080651],[25.766367995100186,35.33567899080651],[25.759125,35.322089],[25.747732,35.310614],[25.724783,35.294135],[25.724783005911416,35.29413499502978],[25.724783,35.29413499078496],[25.73218799606202,35.28790899409271],[25.726085,35.278754],[25.725108,35.270819],[25.72510800095803,35.270818998553835],[25.725108,35.27081899077288],[25.72925899999999,35.26455299076965],[25.739024,35.25999599076728],[25.739023999331348,35.25999600031204],[25.739024,35.259996],[25.73780400058203,35.27741099169173],[25.742849,35.28534599078042],[25.750987,35.28412499077979],[25.75896199634219,35.2743189952723],[25.753673,35.267483],[25.753672999999996,35.267482990771185],[25.753672999999992,35.264105990769416],[25.758961995555413,35.2599959942211],[25.753266,35.25259],[25.74822,35.25609],[25.74464,35.257148],[25.740001,35.254381],[25.732188,35.246324],[25.732188002284314,35.24632399311587],[25.732188,35.24632399076022],[25.735117997882885,35.237493997135864],[25.726817,35.226264],[25.719493,35.211371],[25.71949300157874,35.21137099395244],[25.719492999999993,35.21137099074213],[25.724782997947827,35.1911069985927],[25.712738,35.182847],[25.712738001306985,35.1828469916236],[25.712737999999998,35.18284699072732],[25.71412199999999,35.17397699072278],[25.720714,35.16429299071774],[25.724783000000002,35.153550990712205],[25.728172634188294,35.13527304909369],[25.68122996748553,35.12972640511588],[25.728172837590034,35.13527232191299],[25.728526,35.133368],[25.73878,35.131008],[25.753184,35.133124],[25.769786,35.126532],[25.782888,35.117987],[25.795258,35.115139],[25.817638,35.115953],[25.830333,35.122382],[25.846877913485784,35.149296357359646],[26.223602580612763,35.19380330068578],[25.84687925604505,35.14929853207137],[25.84766699999999,35.150579990710625],[25.859140999999994,35.15696799071392],[25.867523999999992,35.15741599071418],[25.873302,35.15867699071483],[25.883066999999997,35.164454990717815],[25.895517999999996,35.18211499072697],[25.896658,35.184881990728385],[25.908538999999998,35.187404990729675],[25.941173,35.18915399073064],[25.978526,35.1954609907339],[25.985362,35.197942990735136],[26.01661199999999,35.21454499074372],[26.025889999999997,35.22190999074754],[26.033213999999994,35.225815990749595],[26.042734999999986,35.2277689907506],[26.04949,35.22675199075006],[26.055024,35.22711799075025],[26.060556999999996,35.2333029907535],[26.067393,35.2333029907535],[26.081390999999996,35.223577990748424],[26.119639991487205,35.2153179925825],[26.108246,35.20539],[26.108246007045118,35.205389996877656],[26.108246,35.20538999073899],[26.129730999999996,35.19586799073409],[26.155121,35.197942990735136],[26.179454,35.20717999073993],[26.197765,35.2190619907461],[26.197764990872336,35.219061994077066],[26.197765,35.219062],[26.192638,35.220933],[26.192638,35.22150299074735],[26.192638000000002,35.22207299074767],[26.192638,35.222073],[26.190929003119503,35.22581599316776],[26.21843500000001,35.247137990760606],[26.237804000000004,35.26878499077184],[26.259531999999997,35.28449099077998],[26.293956000000005,35.28790899078172],[26.29395599500071,35.287908999503614],[26.293956,35.287909],[26.286469005385094,35.30097099060503],[26.297210999999997,35.30060499078831],[26.300792,35.300970990788514],[26.3007919944441,35.30097099943215],[26.300792,35.300971],[26.298595,35.304389],[26.296072,35.311713],[26.293956005501656,35.315252990795905],[26.321136995582176,35.315252990795905],[26.312348,35.296942],[26.297862,35.284898],[26.281016,35.274319],[26.265961,35.259996],[26.265961002402953,35.259995993053394],[26.265961000000008,35.25999599076728],[26.283864999999995,35.208237990740514],[26.299489999999988,35.1855329907287],[26.32113699151449,35.19794298587048],[26.311778,35.182359],[26.295421,35.166327],[26.285004,35.150702],[26.285004003005497,35.15070199521881],[26.285004,35.15070199071071],[26.293955997768194,35.136460994253724],[26.286876,35.118232],[26.277517,35.100043],[26.266856,35.083889],[26.256114,35.071601],[26.250987,35.063056],[26.240977,35.039049],[26.235362,35.034084],[26.223806,35.032375],[26.213878,35.028225],[26.205089,35.023505],[26.147227,35.002265],[26.132986,34.999335],[26.105235,34.999335],[26.103689,35.002143],[26.089122,35.01553],[26.081716,35.019761],[26.057953,35.022895],[26.038097,35.020819],[26.020274,35.020941],[26.002208,35.030666],[25.993175,35.037055],[25.984874,35.03913],[25.976736,35.036933],[25.968028,35.030666],[25.960297,35.028957],[25.924083,35.034084],[25.881521,35.027086],[25.808116,35.005764],[25.601248,35.013577],[25.538097,34.997016],[25.522716,34.989407],[25.506196,34.984565],[25.415212,34.99372],[25.347667,34.991523],[25.328461,34.98725],[25.303966,34.984768],[25.29477,34.980943],[25.279796,34.972602],[25.223155,34.954169],[25.207693,34.951483],[25.15089,34.955715],[25.128917,34.951483],[25.122732,34.948188],[25.114513,34.940172],[25.107758,34.937893],[25.097423,34.937893],[25.090994,34.940375],[25.085297,34.943305],[25.077403,34.944729],[25.059744,34.94359],[25.044932,34.940741],[25.019054,34.931627],[25.003184,34.936957],[24.983735,34.938707],[24.738536000000003,34.931627],[24.738536000000007,34.93789299060058],[24.751719999999995,34.94647899060499],[24.755219000000004,34.95791299061094],[24.755218999396394,34.957912998027545],[24.755219,34.957913],[24.752126000491636,34.99591699395921],[24.75391700000001,35.00804299063688],[24.759939,35.027329990646805],[24.759938999471455,35.027329998307195],[24.759939,35.02733],[24.758962,35.04149],[24.75587,35.051459],[24.750173,35.065131],[24.742849,35.077216],[24.735118,35.082465],[24.729747,35.084662],[24.724783,35.089301],[24.71811,35.09398],[24.70753,35.096137],[24.618988,35.097398],[24.594737,35.101508],[24.580251,35.109198],[24.573985,35.109198],[24.564626,35.106147],[24.553396,35.114569],[24.5324,35.136461],[24.519054,35.144436],[24.500743,35.152411],[24.481212,35.155911],[24.464122,35.150133],[24.403819,35.175035],[24.40211,35.184882],[24.40211,35.1911069907316],[24.40211,35.191107],[24.293224,35.182278],[24.217784,35.191107],[24.21339,35.193834],[24.208507,35.198798],[24.204926,35.203437],[24.203949,35.20539],[24.197276,35.205146],[24.191905,35.20246],[24.187511,35.199408],[24.182953,35.197943],[24.111339,35.197943],[24.094005,35.204657],[24.084646,35.204535],[24.080577,35.194525],[24.076427,35.195461],[24.049815,35.191107],[24.031423,35.197699],[24.003266,35.226711],[23.989851289639617,35.23237050532452],[23.98984584740126,35.23237280133958],[23.987641,35.233303],[23.980756613120732,35.23313316773376],[23.980739791632598,35.23313275276123],[23.901866,35.231187],[23.860199,35.236314],[23.857802295854388,35.237477468046826],[23.84301859583846,35.24465419834502],[23.843018453906826,35.2446542102187],[23.826671,35.25259],[23.81837,35.247301],[23.81719567156904,35.24681560835005],[23.81719341354718,35.24681467502941],[23.812266,35.244778],[23.806488,35.244574],[23.79949,35.246324],[23.782074,35.234687],[23.711681,35.236721],[23.68336,35.225816],[23.669119,35.237291],[23.610525,35.234931],[23.587169,35.239488],[23.582286001738517,35.24518499797167],[23.584482999999995,35.25429899076437],[23.584482998327225,35.2542989930607],[23.584483,35.254299],[23.580333,35.259996],[23.573009,35.263414],[23.559418,35.264594],[23.552989,35.266832],[23.544932,35.27383],[23.538585,35.28144],[23.531016,35.288479],[23.518240006746662,35.29413499701322],[23.525645000000004,35.300970990788514],[23.525644991677048,35.30097099231658],[23.525645,35.300971],[23.521658,35.301703],[23.519298,35.301744],[23.518321,35.303168],[23.518240000160997,35.307765990860894],[23.532887999999996,35.31403199079524],[23.538910000000005,35.31517199079588],[23.546152999999997,35.315252990795905],[23.547374,35.318182990797425],[23.547373999391755,35.31818299854041],[23.547374,35.318183],[23.5472110006582,35.32025799162106],[23.548187999999996,35.32147899079913],[23.552988999999993,35.32147899079913],[23.552988992083936,35.321479],[23.552989,35.321479],[23.546723,35.328762],[23.54184,35.336371],[23.54078200088691,35.345159992632276],[23.546152999999993,35.35618699081709],[23.54615299792186,35.356186995733445],[23.546153,35.356187],[23.538585002042776,35.3740909951673],[23.549326999999998,35.39691799083816],[23.565195999999997,35.41909399084966],[23.573497000000003,35.434759990857785],[23.57349699817381,35.43475999655353],[23.573497,35.43476],[23.571462,35.441107],[23.566661,35.447455],[23.562022,35.451728],[23.55982500145726,35.45180899994627],[23.560882999999997,35.45840099087003],[23.570974000000003,35.48370999088311],[23.577647000000002,35.49290599088792],[23.578460999999997,35.50055599089183],[23.57846099908193,35.50055599137195],[23.578461,35.500556],[23.566091,35.507025],[23.566091,35.51325099089845],[23.571055999999995,35.518133990900964],[23.572601999999996,35.52045299090218],[23.572601996913487,35.520452995370235],[23.572602,35.520453],[23.571056,35.522691],[23.56609100345641,35.52749299665707],[23.581227999999996,35.55267999091884],[23.584482999999995,35.56452099092497],[23.584482998578267,35.564520994828044],[23.584483,35.564521],[23.580333002213315,35.575913993923784],[23.600433999999993,35.603094990944975],[23.604746999999993,35.61261599094991],[23.607676999999992,35.59247499093946],[23.608165,35.55170299091832],[23.614430999999993,35.534368990909385],[23.619884,35.52407499090407],[23.623708999999998,35.521469990902666],[23.631684000000007,35.520696990902316],[23.639496,35.51898799090141],[23.640228114546,35.51579284667969],[23.640228120384457,35.51579284667969],[23.640391,35.515082],[23.639496,35.510565],[23.641775,35.507025],[23.650401,35.503567],[23.659434,35.501207],[23.68336,35.499579],[23.702973,35.502875],[23.718435,35.512844],[23.720071610774074,35.51579284667969],[23.720071615824715,35.51579284667969],[23.727874999999997,35.52985299090706],[23.730479000000003,35.5541849909196],[23.730478999291037,35.55418499337541],[23.730479,35.554185],[23.724864,35.573635],[23.716075,35.591946],[23.712738001670832,35.60700099246198],[23.723642999999992,35.61688899095211],[23.72364299670305,35.61688899701052],[23.723643,35.616889],[23.713878,35.634833],[23.7111920011354,35.648870994065994],[23.715830999999994,35.6615259909752],[23.727061000000006,35.67495399098216],[23.741547,35.686956990988364],[23.750010999999994,35.68659099098817],[23.759775999999995,35.679428990984455],[23.778982000000003,35.6715359909804],[23.778982,35.667792490978464],[23.778981999999996,35.664049],[23.767833,35.653876],[23.767833000168945,35.65387599112542],[23.767833000000003,35.653875990971265],[23.768077000000005,35.64105899096461],[23.778981999600372,35.60944199210689],[23.77768,35.583726],[23.777680000352017,35.583725997887896],[23.77767999999999,35.58372599093493],[23.778982,35.57591399093089],[23.79948999999999,35.544622990914675],[23.817149,35.534816990909576],[23.901377999999998,35.527166990905634],[23.929047000000004,35.520696990902316],[23.944184000000003,35.524969990904516],[24.000499,35.51992399090188],[24.025400999999995,35.520696990902316],[24.035818000000003,35.52342399090368],[24.044687999999997,35.527654990905866],[24.050954999999995,35.534368990909385],[24.053233,35.544622990914675],[24.057628000000005,35.55292399091896],[24.068369999999998,35.55548699092028],[24.094086000000008,35.5541849909196],[24.094085996821445,35.55418500016093],[24.094086,35.554185],[24.081798002789967,35.58991099188849],[24.115245,35.60130399094405],[24.160410999999996,35.59707299094183],[24.182952999999998,35.58559799093588],[24.20329799812374,35.54181499495098],[24.200531,35.534369],[24.195811,35.531562],[24.187755,35.518052],[24.182953,35.513251],[24.173595,35.509589],[24.163748,35.507758],[24.15646624764108,35.50750574212018],[24.15646397072722,35.50750566324226],[24.142589,35.507025],[24.103526,35.513983],[24.081228,35.51496],[24.066905,35.507025],[24.071951,35.498358],[24.089041,35.489203],[24.107758,35.482001],[24.137218,35.47484],[24.15415148698488,35.46518155703059],[24.154151486500844,35.46518154818022],[24.170176999999995,35.45604099086881],[24.186696999999988,35.45180899086664],[24.20435599999999,35.454412990867965],[24.222504,35.461167990871466],[24.239106,35.470037990876065],[24.252452000000005,35.47907099088072],[24.264007999999997,35.433172990856995],[24.26547299969982,35.414251994724076],[24.263438,35.378485],[24.263438000420425,35.3784849982179],[24.263438000000004,35.37848499082863],[24.265472999999997,35.36985899082418],[24.273123,35.36489499082158],[24.29346799999999,35.363755990821026],[24.302988999999997,35.359319990818705],[24.340098999999995,35.34833399081301],[24.428070999999996,35.36969599082409],[24.464122,35.3624539908203],[24.48536199999999,35.37213799082532],[24.566661000000003,35.38418199083158],[24.593597999999997,35.391180990835245],[24.655934999999996,35.417669990848914],[24.676931,35.42348899085192],[24.698496999999996,35.426824990853675],[24.720957999999996,35.427231990853876],[24.82016,35.41303099084652],[24.840831,35.40399799084186],[24.850351999999997,35.40973499084482],[24.86719799999999,35.41648999084831],[24.895518,35.4245059908525],[24.957529999999988,35.40399799084186],[24.96339,35.410223990845076],[24.967133000000004,35.41254299084628],[24.969574,35.415757990847965],[24.971202,35.4245059908525],[25.018728,35.415024990847556],[25.029633,35.40326599084147],[25.047373999999998,35.40550399084263],[25.053233,35.40399799084186],[25.054534998768325,35.397405997074365],[25.052257,35.391995],[25.048676,35.386664],[25.047048,35.380439],[25.047048001336222,35.38043899593902],[25.047047999999993,35.38043899082968],[25.055349,35.3552109908166],[25.076996,35.344467990810976],[25.106781000000005,35.34247499080999],[25.153168000000004,35.34471299081113],[25.181650999999995,35.35008399081391],[25.197112999999995,35.34935099081354],[25.200531,35.34690999081228],[25.20533299999999,35.342270990809865],[25.212086999999997,35.33779499080758],[25.221365000000002,35.33567899080651],[25.251801000000004,35.33567899080651],[25.306976999999996,35.343165990810355],[25.33171599999999,35.33685899080707],[25.346364999999995,35.3360859908067],[25.361664,35.343165990810355],[25.368499999999997,35.33567899080651],[25.375987,35.343165990810355],[25.394215999999993,35.32880299080289],[25.39944588335524,35.32271194458008],[25.39944592315116,35.32271194458008]],[[25.680648803710938,35.12965774536133],[25.680648804277972,35.12965774542832],[25.69233512878418,35.322711935379836],[25.692335128227253,35.322711935379836],[25.680648803710938,35.12965774536133]],[[26.140073776245117,35.065311431884766],[24.823745727539062,35.00096893310547],[24.7574462890625,35.194007873535156],[24.52567481994629,35.194007873535156],[24.44841766357422,35.194007873535156],[24.44612061484097,35.194200039467425],[24.44841766357421,35.19400786426827],[24.525674819946286,35.19400786426827],[24.757446289062496,35.19400786426827],[24.82374572753906,35.00096892373867],[26.14007377624512,35.06531142255128],[26.22533416748046,35.19400786426827],[26.225334160819948,35.194007863481424],[26.140073776245117,35.065311431884766]],[[23.679210662841797,35.258358001708984],[23.615402223935302,35.51579283757942],[23.615402221679688,35.51579283757942],[23.679210662841793,35.25835799247541],[23.680336730202583,35.258263797445466],[23.679210662841797,35.258358001708984]],[[24.156919379635216,35.515791023079295],[24.156919479370114,35.51579283757942],[24.156919478872414,35.51579283757942],[24.156919379635216,35.515791023079295]],[[24.149879455566406,35.38706970214844],[24.149879456055334,35.38706970194018],[24.149879693035256,35.38707404414189],[24.149879455566406,35.38706970214844]]],[[[28.225841,36.417955],[28.230067738811062,36.399868358652064],[28.230067225296064,36.39986626995064],[28.23633899817343,36.373032999159214],[28.234193397046642,36.3720453614258],[28.22182798965218,36.36635351323747],[28.221827975821142,36.36635345698028],[28.215831,36.363593],[28.211192,36.357652],[28.205089,36.322659],[28.197439,36.311957],[28.175466,36.290432],[28.170909,36.277981],[28.168468,36.249823],[28.163422,36.237698],[28.154552,36.232611],[28.148448,36.22606],[28.135916,36.195217],[28.130544,36.185452],[28.127696,36.186469],[28.110037,36.186591],[28.103282,36.185452],[28.100922,36.181383],[28.099132,36.174465],[28.095225,36.167873],[28.085785,36.164984],[28.061697,36.116523],[28.070811,36.111029],[28.078787,36.107408],[28.086681,36.105129],[28.096446,36.103502],[28.093761,36.095282],[28.089854,36.088284],[28.083751,36.081936],[28.075938,36.075588],[28.080089,36.071357],[28.08961,36.055121],[28.037608,36.068427],[28.016938,36.068996],[27.993419,36.061957],[27.948416,36.039008],[27.932302,36.025336],[27.892345,35.97191],[27.863950951626332,35.94143042952009],[27.863950877281138,35.94143040539179],[27.86359306774992,35.941046259334456],[27.863536,35.940985],[27.827403,35.913764],[27.780447,35.890041],[27.777284516785922,35.89181596568745],[27.753027027917927,35.90543071825343],[27.753026950794172,35.905430693223366],[27.74126869248168,35.912030097437125],[27.732020517645154,35.98343580703256],[27.75408,36.037177],[27.76002,36.061957],[27.757091,36.084377],[27.746837,36.096177],[27.733165,36.104641],[27.714035556274524,36.12229876663453],[27.71201600564522,36.1378918375159],[27.713552,36.139797],[27.71225,36.144477],[27.711065044901197,36.1452342621483],[27.708162976699697,36.167641303849535],[27.739513,36.185452],[27.763357,36.192206],[27.771983,36.197821],[27.767426,36.205959],[27.776052,36.211615],[27.778087,36.217108],[27.778168,36.2237],[27.780447,36.232611],[27.78712,36.245185],[27.794119,36.25434],[27.803233,36.270209],[27.807872,36.274237],[27.837413,36.280992],[27.84197,36.284735],[27.849457,36.293524],[27.882823,36.321479],[27.89031,36.332587],[27.899669,36.340155],[27.959239,36.356757],[28.070811,36.405341],[28.085785,36.414781],[28.118419,36.42768],[28.18393,36.424465],[28.213878,36.455471],[28.222423,36.456],[28.23113,36.449774],[28.239642521886136,36.438813400358036],[28.23964251990487,36.43881339229931],[28.239756999999997,36.438665991377015],[28.239756999999997,36.43252199999999],[28.239614228141747,36.43237254917654],[28.23752011568158,36.430180599227675],[28.237520073795373,36.43018042885723],[28.225841,36.417955]]],[[[27.700531,36.260159],[27.70224,36.266059],[27.698171,36.267808],[27.695363129174467,36.26646969014288],[27.693666037556085,36.27957303576525],[27.694265,36.280219],[27.70045,36.283677],[27.711518,36.285753],[27.718272,36.282457],[27.720714,36.276842],[27.720876,36.271999],[27.719249,36.267076],[27.704763,36.247138],[27.699555,36.248033],[27.697323431975086,36.25133407528109],[27.696545410915512,36.25734122229345],[27.700531,36.260159]]],[[[22.949555,36.164984],[22.948416,36.168036],[22.949555,36.172349],[22.950043,36.176256],[22.946137,36.177965],[22.932302,36.177232],[22.92921,36.177965],[22.924001,36.184394],[22.914561,36.200507],[22.908702,36.205959],[22.917328,36.262152],[22.916189,36.285102],[22.908702,36.308295],[22.903005,36.319322],[22.899669,36.328192],[22.901622,36.338324],[22.932628,36.381252],[22.944591,36.38939],[22.956391,36.38345],[22.996267,36.324164],[23.011729,36.308295],[23.076915,36.270738],[23.094412,36.25434],[23.103852,36.237209],[23.09783,36.232978],[23.082856,36.232489],[23.066254,36.226386],[23.058442,36.216457],[23.054454,36.203355],[23.052628284304042,36.15959167480469],[22.970751227564858,36.15959167480469],[22.949555,36.164984]]],[[[27.176268424077172,36.8000546112478],[27.17626390759463,36.80005279303935],[27.13008788510346,36.760974919033636],[27.129893,36.76081],[27.10906,36.758287],[27.083181,36.761217],[27.081146732936382,36.76176130198691],[27.081130026811245,36.76176577198855],[27.060069,36.767401],[27.047537,36.775092],[26.992035,36.753607],[26.975759,36.74079],[26.98454381173701,36.7228716912932],[26.9845437434961,36.72287166382134],[26.986012996301813,36.71987499906506],[26.97169,36.716254],[26.965668,36.705552],[26.965668000492364,36.70555199238955],[26.965667999999994,36.70555199151453],[26.966563,36.691717991507446],[26.97291099542926,36.67890000073015],[26.955333,36.681708],[26.937266,36.692776],[26.929176095940996,36.70058221095892],[26.929170149829183,36.70058794855517],[26.92335,36.706204],[26.917735,36.716132],[26.920258,36.751166],[26.92600795517961,36.76495844479732],[26.92641050604517,36.7655560048694],[26.937673,36.76081],[26.942393,36.766262],[26.953868,36.775946],[26.958751,36.781317],[26.964041,36.778022],[26.986013,36.767646],[26.999522,36.77851],[27.007498,36.787828],[27.020763,36.80858],[27.055186,36.832668],[27.061209,36.839342],[27.144210898121766,36.881105182435036],[27.144210901648087,36.881105175814135],[27.164235999999992,36.891180991609964],[27.265635999999997,36.904038991616574],[27.280935,36.90790399161857],[27.291515000000004,36.891831991610296],[27.34099399999999,36.8819029916052],[27.355804995083627,36.863226997794925],[27.323416,36.8487],[27.214203,36.823879],[27.190766,36.812323],[27.190713870495568,36.812278886071624],[27.183926582591464,36.806536327897334],[27.18392698558055,36.806535571258365],[27.176268424077172,36.8000546112478]]],[[[25.56435775756836,36.9970588684082],[25.393923796051045,36.9970588684082],[25.394054,36.998114],[25.391287,37.004381],[25.385509,37.010972],[25.380707,37.018744],[25.379731,37.026842],[25.381033,37.033149],[25.382091,37.035142],[25.366954,37.059556],[25.355479,37.071357],[25.341807,37.076728],[25.341807,37.082953],[25.347504,37.087388],[25.352387,37.089097],[25.3567,37.087714],[25.361664,37.082953],[25.371837,37.089057],[25.409434,37.123969],[25.412865909246367,37.12596130371094],[25.41286592349143,37.12596130371094],[25.47462,37.16181099174876],[25.480234999999997,37.16791399175188],[25.495128000000005,37.1891139917627],[25.502288999999998,37.19171799176407],[25.522145999999996,37.1931829917648],[25.526134,37.19623399176636],[25.533701999999998,37.200669991768656],[25.550141,37.193792991765136],[25.574555,37.17853399175729],[25.586274,37.16063099174814],[25.592458999999998,37.14252399173888],[25.595062999664695,37.099676997234134],[25.592784,37.080878],[25.583018,37.039781],[25.580821,37.017768],[25.552501,36.96894],[25.547374,36.965318],[25.540375,36.964097],[25.526134,36.959418],[25.491384,36.932115],[25.479991,36.928412],[25.461111,36.924506],[25.44988,36.918443],[25.447602,36.92475],[25.443696,36.926093],[25.436778,36.932115],[25.432384,36.939276],[25.426443,36.959377],[25.423106,36.966864],[25.416677,36.973131],[25.388927004841296,36.98676199762192],[25.393320999999993,36.99217399166184],[25.393923796051048,36.99705886007255],[25.564357757568356,36.99705886007255],[25.572706222534176,37.12596129544134],[25.572706221998594,37.12596129544134],[25.56435775756836,36.9970588684082]]],[[[24.395763,37.624661],[24.370128,37.59512],[24.340668,37.569566],[24.312999,37.538235],[24.293468,37.525702],[24.275401,37.531684],[24.275157,37.5456],[24.279959,37.595771],[24.278575,37.604315],[24.278087,37.62287],[24.289317,37.645331],[24.305675,37.660834],[24.320649,37.658352],[24.327891,37.664984],[24.333832,37.672593],[24.323578,37.672065],[24.320649,37.672593],[24.320649,37.67886],[24.330414,37.683987],[24.339692,37.686265],[24.347992,37.684882],[24.354259,37.67886],[24.361095,37.67886],[24.361664,37.685045],[24.364594,37.686103],[24.369151,37.68537],[24.372481953825517,37.68590093564983],[24.37248195782248,37.685900928302985],[24.374765999999987,37.686264992016234],[24.402516998597214,37.65574799354332],[24.402506442291475,37.65569940546566],[24.3986265785462,37.63784428704664],[24.39862703495367,37.637843448120336],[24.395763,37.624661]]],[[[25.259288,37.590033],[25.234711,37.562893],[25.227306,37.537421],[25.215994,37.532904],[25.169932,37.538642],[25.1421,37.55272],[25.125499,37.555894],[25.115571,37.560126],[25.103282,37.578437],[25.091319,37.582587],[25.080577,37.586859],[25.047048,37.617377],[25.011896734823623,37.63055861004921],[24.994724968554053,37.68113795609525],[24.997895,37.681871],[25.053233,37.67886],[25.057791,37.677314],[25.067393,37.672593],[25.067393,37.665188],[25.059906,37.665188],[25.059906,37.658352],[25.070079,37.657782],[25.077485,37.654934],[25.083263,37.650377],[25.087901,37.64468],[25.10377,37.653754],[25.122732,37.651679],[25.139822,37.642727],[25.149425,37.631049],[25.164806,37.645819],[25.192638,37.641303],[25.222992,37.629828],[25.245616,37.624213],[25.23878,37.617377],[25.247325,37.614895],[25.252778,37.60871],[25.25585285240721,37.60177389203332],[25.255852915979066,37.601773704193654],[25.256602000000004,37.600083991972426],[25.257267025247558,37.59759534888065],[25.257267189892403,37.597594862394445],[25.259288,37.590033]]],[[[26.230642,37.571357],[26.213878,37.565131],[26.12794,37.555813],[26.108246,37.549058],[26.097911,37.542792],[26.084484133987218,37.5323739075622],[26.084483801503723,37.53237383984087],[26.078549537176052,37.52776917119998],[26.078298,37.527574],[26.067393,37.521796],[26.057872,37.519232],[26.050792,37.519477],[26.042735,37.520941],[26.03187616756223,37.52165854399369],[26.031871457054,37.52165885526075],[26.029796,37.521796],[25.997055730709395,37.51456620293114],[25.997054655626666,37.51456598395476],[25.992658688412277,37.51359523585604],[25.990733,37.51317],[25.990463028167078,37.51322337960151],[25.99046286177161,37.5132234125017],[25.988629440674675,37.51358592175497],[26.033098166838833,37.60778131852511],[26.042003,37.617011],[26.060313,37.630683],[26.074229,37.637885],[26.098969,37.639065],[26.156423,37.632799],[26.177257,37.637885],[26.197439,37.63227],[26.227224,37.639594],[26.254242,37.652004],[26.280772,37.675442],[26.312238083144113,37.68284099898981],[26.312238082576098,37.68284099087071],[26.313649999999992,37.683172992014626],[26.362152994529115,37.68626499166747],[26.344574,37.659491],[26.319102,37.634263],[26.319048698727777,37.634225096203586],[26.308302374915776,37.626584745928525],[26.30830225601647,37.62658304640484],[26.230642,37.571357]]],[[[24.94337,37.843329],[24.984874,37.815985],[24.978363,37.811469],[24.975597,37.810126],[24.971202,37.809149],[24.972016,37.796373],[24.965587,37.787828],[24.958344,37.781236],[24.95753,37.7744],[24.964366,37.768744],[24.980479,37.773993],[24.99171,37.768215],[24.994395,37.754096],[24.9924801503107,37.75018707290596],[24.992479940863028,37.750187016255374],[24.985671095584138,37.73628723593484],[24.985525,37.735989],[24.971202,37.718655],[24.95753,37.706732],[24.95753000281413,37.70673199448079],[24.957529999999995,37.706731992026654],[24.959645999999992,37.70258199202453],[24.963714998009067,37.686265],[24.95753,37.686265],[24.949718,37.696112],[24.926931,37.71011],[24.916026,37.719794],[24.91219207123311,37.72847106892202],[24.91219106335915,37.728473349974266],[24.897472,37.761786],[24.8921,37.768215],[24.87672,37.769517],[24.865245,37.77383],[24.854991,37.781399],[24.844249,37.792426],[24.828136,37.817288],[24.81658,37.823879],[24.799978,37.815985],[24.7942,37.843817],[24.775727,37.86225],[24.753917,37.87641],[24.738536,37.89175],[24.7317,37.89175],[24.72462,37.881903],[24.716156,37.879096],[24.712169,37.884345],[24.718028,37.898586],[24.709321,37.906562],[24.695486,37.924628],[24.68794056642296,37.92985216072271],[24.688187033519707,37.933732010124075],[24.695649,37.935533],[24.696544,37.940253],[24.692638,37.947089],[24.690115,37.956285],[24.693614,37.965766],[24.701915,37.972642],[24.757009,37.996568],[24.779063,38.00023],[24.793712,37.994086],[24.792328,37.983344],[24.794688,37.977118],[24.800548,37.974311],[24.810557,37.973619],[24.820811,37.970364],[24.830089,37.96308],[24.834646,37.955797],[24.83074,37.952541],[24.830414,37.94774],[24.837576,37.925482],[24.840831,37.919013],[24.848399,37.914862],[24.875011,37.905992],[24.913308179157045,37.905992],[24.955668548552527,37.86906730394756],[24.94337,37.843329]]],[[[25.875255,38.483547],[25.843272,38.515326],[25.83982231912827,38.52061489746448],[25.869911905144903,38.583812175761686],[25.995372,38.604234],[26.01588,38.602037],[26.063975,38.590033],[26.066254,38.583197],[26.108246,38.542792],[26.11085,38.547187],[26.112315,38.551703],[26.115408,38.555162],[26.121918,38.556464],[26.122569,38.560858],[26.121349,38.562323],[26.118907,38.562567],[26.115733,38.5633],[26.130707,38.567206],[26.143565,38.564399],[26.154552,38.555976],[26.163585,38.542792],[26.15089,38.530422],[26.149181,38.510484],[26.144379,38.492906],[26.121918,38.487535],[26.129731,38.478461],[26.133962,38.475898],[26.142426,38.473944],[26.136404,38.467719],[26.154063,38.467271],[26.154552,38.460883],[26.142426,38.446601],[26.139415,38.431464],[26.139334,38.418891],[26.149913,38.343573],[26.156605451728893,38.323535783859676],[26.156605124913447,38.32353459152588],[26.163584997530965,38.302638999719775],[26.150469703808145,38.30115049050759],[26.15036048344471,38.30113809463445],[26.137055,38.299628],[26.113536,38.284247],[26.102224,38.261705],[26.112071,38.237494],[26.112071,38.222602],[26.088145,38.212592],[26.04005,38.200181],[26.032074,38.189683],[26.02589,38.167141],[26.019705,38.159247],[26.01417076807599,38.157840728759766],[26.00651571984966,38.157840728759766],[25.989106,38.163804],[25.974864,38.166002],[25.96461,38.171861],[25.942393,38.194973],[25.938243,38.196479],[25.934093,38.195502],[25.92449,38.203111],[25.914887,38.215033],[25.910411,38.226955],[25.905772,38.225043],[25.894379,38.22248],[25.889822,38.220649],[25.89031,38.227444],[25.889334,38.241278],[25.889822,38.247992],[25.882497104500185,38.24432955225009],[25.88510330892844,38.28133384981479],[25.885916,38.281887],[25.898936,38.285712],[25.917247,38.288967],[25.922618,38.292182],[25.934255,38.302639],[25.958751,38.301215],[25.964366,38.302639],[25.970876,38.314358],[25.971446,38.326646],[25.975597,38.337226],[25.992198,38.343573],[25.98699,38.354804],[25.989024,38.379299],[25.985362,38.392035],[25.983572,38.388007],[25.983409,38.38703],[25.98227,38.386868],[25.978038,38.385159],[25.973481,38.392727],[25.967459,38.398505],[25.959809,38.402737],[25.950694,38.405666],[25.956309,38.414537],[25.955577,38.428209],[25.950531,38.442572],[25.943858,38.453437],[25.931895,38.463202],[25.920665,38.466457],[25.907481,38.468329],[25.89847501944992,38.47119261519841],[25.899135542418826,38.48057107692792],[25.89846762445983,38.47119496956526],[25.896020380054352,38.47197311240698],[25.889822,38.473944],[25.88232133561731,38.47888866122516],[25.87976824180637,38.48057173924285],[25.89913558906552,38.48057173924285],[25.89913558959961,38.48057174682617],[25.879768226385835,38.48057174682617],[25.875255,38.483547]]],[[[26.209149103599415,38.515350669698556],[26.208263,38.515733],[26.204112,38.514594],[26.201182,38.515896],[26.199148,38.522528],[26.184581,38.538601],[26.185069,38.542182],[26.203787,38.541042],[26.207693,38.539659],[26.211925,38.534125],[26.21412353492564,38.53338129610032],[26.21412353303007,38.533381289184625],[26.214692000000003,38.533188992442994],[26.220957999999996,38.53453199244366],[26.230561,38.53347399244312],[26.241222000000004,38.5263939924396],[26.263357,38.5200059924364],[26.268076999999987,38.5204939924366],[26.269948999999997,38.51797099243534],[26.269948999999997,38.513048],[26.266856,38.510484],[26.262218,38.510118],[26.252452,38.502021],[26.247569001724518,38.50409599926717],[26.248789999999993,38.508937992430816],[26.248789998345686,38.50893799343965],[26.24879,38.508938],[26.248057,38.509385],[26.242442,38.506374],[26.236257,38.5067],[26.231212,38.509101],[26.218354,38.511379],[26.20917797486996,38.51533821250779],[26.209149103599415,38.515350669698556]]],[[[24.664073,38.775051],[24.657481,38.769232],[24.650238,38.768215],[24.642263,38.77558],[24.635427,38.77558],[24.625255,38.769232],[24.61378,38.773098],[24.604503,38.782538],[24.600759,38.79267],[24.594737,38.791571],[24.581879,38.787299],[24.569998,38.778144],[24.56992429138914,38.77779887052902],[24.56992427960127,38.77779887551316],[24.567020173145007,38.76420077416563],[24.566661,38.762519],[24.53675043901774,38.79182543068251],[24.536742160194553,38.79183354229091],[24.5324,38.796088],[24.573985,38.80976],[24.563813,38.838568],[24.556977,38.845689],[24.546072,38.836982],[24.540375,38.836982],[24.536957,38.848212],[24.528331,38.851549],[24.516856,38.849555],[24.505138,38.844468],[24.505219,38.855048],[24.482595,38.862779],[24.477794,38.877997],[24.474132,38.876166],[24.470958,38.871161],[24.46339,38.880276],[24.4546,38.884833],[24.445486,38.884263],[24.436209,38.877997],[24.434825,38.888129],[24.438813,38.897121],[24.445811,38.903469],[24.453949,38.905951],[24.462169,38.910956],[24.462413,38.922187],[24.457286,38.94009],[24.457693,38.95482],[24.461111,38.967678],[24.471202,38.976874],[24.491466,38.981024],[24.56072,38.944159],[24.573985,38.932603],[24.575938,38.922919],[24.57252,38.898505],[24.573985,38.885443],[24.578624,38.875556],[24.584158,38.870917],[24.600759,38.864325],[24.642589,38.841702],[24.663259,38.826646],[24.667515899024906,38.821227078255966],[24.667515895385193,38.821227023573066],[24.67652399999999,38.80975999258064],[24.678558999999993,38.806788992579165],[24.681,38.804428992577975],[24.682952999999998,38.800481992576],[24.683848999571637,38.792669996306984],[24.682872,38.784247],[24.679942,38.783271],[24.675629,38.784166],[24.670258,38.781724],[24.666651988005892,38.77783347161897],[24.66447098292801,38.77548038850203],[24.664470982605614,38.775480383658405],[24.664073,38.775051]]],[[[25.834646,39.18247431273491],[25.834646,39.187079],[25.845958,39.190375],[25.849946,39.199408],[25.851573,39.210883],[25.855154,39.221259],[25.850922,39.222317],[25.848318,39.223944],[25.845876,39.225898],[25.842052,39.228013],[25.849783,39.232164],[25.853526,39.236396],[25.853882440841748,39.23788088631891],[25.926021673435386,39.293725865724255],[25.936371,39.276557],[25.968923,39.278632],[26.006196,39.286322],[26.033214,39.28266],[26.037283,39.288235],[26.041189,39.292385],[26.044607,39.296861],[26.046886,39.303168],[26.052501,39.294013],[26.053722,39.289496],[26.060557,39.289496],[26.07309,39.303209],[26.094005,39.310492],[26.136404,39.31623],[26.162771,39.323635],[26.172537,39.335395],[26.170909,39.353217],[26.1637924392259,39.37812593438614],[26.405600384211873,39.33790254871868],[26.417491,39.330471],[26.411388,39.32095],[26.379649,39.28266],[26.382172,39.277086],[26.424164,39.245103],[26.458344,39.23428],[26.466319,39.229234],[26.470714,39.225165],[26.504731,39.185004],[26.517914,39.175971],[26.539724,39.165961],[26.526622,39.159125],[26.530772,39.150621],[26.537771,39.143052],[26.54713,39.135321],[26.547699,39.125312],[26.550548,39.119208],[26.556814,39.116889],[26.567638,39.11815],[26.566254,39.097968],[26.579438,39.075344],[26.597911,39.056871],[26.612315,39.049262],[26.612315,39.040229],[26.610037,39.022935],[26.597423,39.011949],[26.567638,39.021959],[26.551443,39.015041],[26.539399,39.019355],[26.529552,39.028551],[26.519298,39.036282],[26.526622,39.042467],[26.517589,39.047512],[26.516124,39.052639],[26.518077,39.057807],[26.519298,39.062934],[26.520356,39.066311],[26.526052,39.077216],[26.526622,39.083441],[26.515147,39.09101],[26.513031,39.094306],[26.50587,39.109198],[26.489268,39.113674],[26.454926,39.111396],[26.437022,39.103502],[26.452973,39.086412],[26.491954,39.062934],[26.528819,39.021064],[26.54713,39.008979],[26.54713,39.001532],[26.544607,38.997219],[26.543712,38.997382],[26.544688,38.996243],[26.54713,38.98786],[26.521169,38.978949],[26.489268,38.972561],[26.424164,38.967353],[26.407074,38.969468],[26.375173,38.978909],[26.339366,38.982856],[26.325531,38.987698],[26.300792,39.001532],[26.276378,39.010647],[26.217133,39.020697],[26.165701,39.022406],[26.155284,39.02497],[26.146332,39.032131],[26.115571,39.066718],[26.104259,39.074652],[26.09937865627499,39.07541695912159],[26.100447515411375,39.089796467956006],[26.102061,39.090888],[26.109223,39.092678],[26.113536,39.092108],[26.117198,39.09101],[26.121918,39.090888],[26.160167,39.097724],[26.164561,39.100653],[26.180675,39.121283],[26.191417,39.12759],[26.202403,39.129096],[26.213715,39.12934],[26.225597,39.131822],[26.252289,39.15233],[26.282237,39.169867],[26.283376,39.172797],[26.293468,39.177151],[26.290212,39.186754],[26.28004,39.196438],[26.269786,39.200751],[26.237641,39.206855],[26.225597,39.207587],[26.204356,39.205797],[26.187348,39.202053],[26.17335,39.195014],[26.160167,39.183336],[26.145274,39.155666],[26.142426,39.155748],[26.10200568175893,39.11075869393829],[26.10317216726547,39.126451583745315],[26.102000663708047,39.11075422046209],[26.097452751261468,39.10569111425209],[26.097423,39.105658],[26.082774,39.09516],[26.063975,39.090888],[26.042979,39.093207],[25.958344,39.117662],[25.943858,39.124416],[25.929373,39.133246],[25.919932,39.137112],[25.906993,39.138658],[25.888927,39.144721],[25.85434,39.172065],[25.834646000000003,39.179633],[25.834646,39.18247354202334],[25.834646,39.18247431273491]],[[26.103172302246094,39.1264533996582],[26.100665434509605,39.12697638413427],[26.103172301714473,39.126453392506214],[26.103172302246094,39.1264533996582]]],[[[25.441173,40.026068],[25.436778,40.022528],[25.436778,40.016303],[25.441661,40.01675],[25.442719,40.015041],[25.442556,40.012112],[25.445811,40.00316],[25.447276,39.993232],[25.44988,39.98843],[25.426524,39.978217],[25.401622,39.963772],[25.38559,39.944403],[25.388927,39.919501],[25.375173,39.919745],[25.364106,39.917222],[25.355479,39.912584],[25.347992,39.90644],[25.361664,39.899888],[25.3685,39.898993],[25.353201,39.892646],[25.341645,39.883857],[25.340343,39.874213],[25.355479,39.865546],[25.342784,39.854641],[25.348399,39.843736],[25.355769693468318,39.8376350402832],[25.271525030286366,39.8376350402832],[25.256602,39.855902],[25.23878,39.858059],[25.261729,39.870429],[25.274262,39.880072],[25.279796,39.889106],[25.275157,39.903632],[25.264008,39.913275],[25.250662,39.918524],[25.23878,39.919501],[25.197113,39.892808],[25.206391,39.89289],[25.213878,39.891791],[25.219981,39.889309],[25.225108,39.885403],[25.207286,39.883124],[25.194184,39.873603],[25.184581,39.859809],[25.177257,39.845038],[25.185557,39.848049],[25.187673,39.849066],[25.190929,39.851874],[25.202159,39.84101],[25.20471757398399,39.8376350402832],[25.15988492490888,39.8376350402832],[25.165782,39.844916],[25.169932,39.848456],[25.164887,39.859076],[25.153819,39.85578],[25.142263,39.846096],[25.135785948288294,39.8376350402832],[25.12891431135968,39.8376350402832],[25.128429,39.845404],[25.12672,39.849677],[25.12436,39.852973],[25.122081,39.858059],[25.064138,39.844143],[25.053304646204904,39.8376350402832],[25.04707117449401,39.8376350402832],[25.050466,39.84394],[25.053966,39.849107],[25.059093,39.853664],[25.067393,39.858059],[25.061778,39.859931],[25.054535,39.863959],[25.047048,39.865546],[25.048513,39.874213],[25.047048,39.878567],[25.053233,39.882717],[25.059906,39.885403],[25.059906,39.892808],[25.053233,39.892808],[25.053233,39.898993],[25.057791,39.900214],[25.060557,39.901679],[25.067393,39.90644],[25.059906,39.90644],[25.068207,39.920803],[25.063975,39.929511],[25.054535,39.936957],[25.047048,39.947455],[25.046072,39.961615],[25.047618,39.974921],[25.045421,39.984687],[25.044555046650316,39.98495609617168],[25.049862250457846,39.99602766682971],[25.068614,39.996894],[25.132335,40.008857],[25.142345,40.006781],[25.148774,40.002183],[25.153005,39.997504],[25.156261,39.995266],[25.171886,39.996975],[25.225108,40.008857],[25.247325,40.002427],[25.260997,39.990912],[25.272309,39.976386],[25.28712,39.961086],[25.285167,39.953355],[25.306977,39.960028],[25.334239,39.972357],[25.347992,39.981594],[25.347992,39.990302],[25.369314,40.014228],[25.382091,40.022528],[25.385997,40.021877],[25.412852,40.022528],[25.42156,40.024319],[25.439235785941708,40.031734466552734],[25.439235802205722,40.031734466552734],[25.449879990833583,40.0361999893334],[25.449672517467825,40.035958560581605],[25.446042412275418,40.031734466552734],[25.446042514831685,40.031734466552734],[25.441173,40.026068]]],[[[-9.07315,38.818183],[-9.079661,38.820136],[-9.071401,38.837592],[-9.061391,38.85224],[-9.05012,38.861721],[-9.043935,38.86579],[-9.041127,38.867621],[-9.035268,38.870551],[-9.034576,38.864203],[-9.041412,38.849189],[-9.054555,38.832994],[-9.07315,38.818183]]],[[[-9.0065,38.878526],[-9.00121,38.870592],[-9.002756,38.861396],[-9.016754,38.857204],[-9.026031,38.864773],[-9.020009,38.878526],[-9.012441,38.882188],[-9.0065,38.878526]]],[[[-9.020497,38.894395],[-9.027577,38.888983],[-9.026194,38.904853],[-9.018056,38.919908],[-9.013499,38.914008],[-9.020497,38.894395]]],[[[-8.848215,40.146837],[-8.844309,40.145006],[-8.838938,40.146837],[-8.827707,40.143744],[-8.796091,40.130845],[-8.81664,40.123114],[-8.827952,40.123643],[-8.84142,40.134182],[-8.844065,40.139716],[-8.848215,40.146837]]],[[[-0.740142,37.70246],[-0.726471,37.665188],[-0.746897,37.683783],[-0.75121,37.713284],[-0.750315,37.746039],[-0.754506,37.7744],[-0.74942,37.774888],[-0.748199,37.773179],[-0.748199,37.770494],[-0.746978,37.768215],[-0.743642,37.763983],[-0.737538,37.753648],[-0.732737,37.747748],[-0.741851,37.725531],[-0.740142,37.70246]]],[[[9.394379,41.195095],[9.398041,41.198839],[9.405772,41.202623],[9.408214,41.207424],[9.417491,41.200426],[9.407807,41.185126],[9.40504,41.188463],[9.402354,41.190212],[9.395518,41.189602],[9.394379,41.195095]]],[[[9.141612,41.246446],[9.146658,41.243801],[9.150401,41.243842],[9.158376,41.242174],[9.156098,41.238105],[9.156993,41.237454],[9.152761,41.233547],[9.146739,41.230007],[9.137462,41.240871],[9.141612,41.246446]]],[[[9.456554,42.647406],[9.482107,42.620103],[9.476899,42.620103],[9.476817,42.619086],[9.456554,42.647406]]],[[[6.338715,53.502021],[6.325043,53.502021],[6.153168,53.468817],[6.133311,53.453599],[6.127452,53.459906],[6.127126,53.46308],[6.133311,53.467922],[6.122813,53.481635],[6.14796,53.494859],[6.185395,53.504869],[6.211762,53.508857],[6.310802,53.514146],[6.338715,53.508857],[6.338715,53.502021]]],[[[7.342296,53.722113],[7.295746,53.711005],[7.173595,53.701402],[7.133149,53.708075],[7.178966,53.724066],[7.232921,53.729438],[7.346202,53.727973],[7.34669,53.723212],[7.345063,53.722073],[7.342296,53.722113]]],[[[33.955089,26.790025],[33.970551,26.790676],[33.975597,26.790025],[33.995453,26.751695],[34.00294,26.731635],[34.003591,26.708197],[33.989594,26.720282],[33.982758,26.734076],[33.955089,26.790025]]],[[[-5.3662,35.92474999111146],[-5.35886679493482,35.92142757856776],[-5.496567462656342,35.85040562757523],[-5.520746717938212,35.83925173905537],[-5.546326921109294,35.82999928308123],[-5.573054651980724,35.82273975846042],[-5.600665250571941,35.81754494358764],[-5.628885416429293,35.814466195591045],[-5.657435888869298,35.81353394912293],[-5.6860341828287595,35.81475741943673],[-5.714397354586059,35.818124512496475],[-5.731700192662164,35.82152789875396],[-5.729888,35.82265899105862],[-5.711740999999998,35.830633991062754],[-5.693511999999999,35.834295991064664],[-5.680897999999999,35.829168991062],[-5.663442,35.83588299106548],[-5.639718999999999,35.83637099106573],[-5.615956,35.83152899106321],[-5.598987999999999,35.82233299105843],[-5.5400279999999995,35.85097899107331],[-5.523264000000001,35.86326699107962],[-5.487456999999998,35.8969589910971],[-5.468861,35.91034599110399],[-5.44811,35.91852399110823],[-5.440027000000001,35.918105991108035],[-5.435451999999998,35.914416991106094],[-5.423497,35.9089559911033],[-5.414198000000002,35.90939799110351],[-5.410361,35.917072991107474],[-5.408,35.92474799111147],[-5.4054899999999995,35.926518991112374],[-5.399322,35.92446499111132],[-5.398834,35.924505991111324],[-5.385162,35.9261739911122],[-5.3662,35.92474999111146]]],[[[-5.415970004191281,35.91353099419383],[-5.417888,35.910874],[-5.42025,35.911612],[-5.420839998271735,35.91426899221694],[-5.418774000000001,35.915596991106725],[-5.415970004191281,35.91353099419383]]],[[[-3.549832,36.712373],[-3.586402,36.726579],[-3.5873900016916878,36.727652572936314],[-3.5981157686368452,36.73930739509634],[-3.339965498233112,36.73930739509634],[-3.342920253995808,36.737716386427884],[-3.34439,36.736925],[-3.358306,36.725938],[-3.378774,36.713894],[-3.415155,36.695516],[-3.477602,36.696096],[-3.515963,36.721047],[-3.53606,36.718406],[-3.549832,36.712373]]],[[[-3.6657509019514602,36.73930739509634],[-3.679822,36.728808],[-3.731281,36.724097],[-3.7361340527917983,36.725333064851355],[-3.7909998612450795,36.73930739509634],[-3.6657509019514602,36.73930739509634]]],[[[-3.9070307317633226,36.73930739509634],[-3.9564739723188183,36.72783419671639],[-3.960961,36.726793],[-3.963002668894549,36.727245024427106],[-4.017484028327263,36.73930739509634],[-3.9070307317633226,36.73930739509634]]],[[[-2.979487697679191,36.73930739509634],[-2.9864382283154063,36.73745105806269],[-2.987719,36.737109],[-2.9904052885527492,36.737491868926526],[-3.003143118524495,36.73930739509634],[-2.979487697679191,36.73930739509634]]],[[[-7.903879,36.965888],[-7.931386,36.966498],[-7.955719,36.97309],[-7.955719000000001,36.98053599165585],[-7.903960999999999,36.974839991652914],[-7.884022999999999,36.980861991656],[-7.860097000000001,37.000433991666064],[-7.857817999999999,36.99746299166456],[-7.8560680000000005,36.99420799166287],[-7.853261002583129,36.98676199851114],[-7.85912,36.983385],[-7.860097,36.980536],[-7.878489,36.970852],[-7.903879,36.965888]]],[[[-7.9046120005844,36.97752500006784],[-7.909168999641771,36.97805399995841],[-7.908681000000001,36.989365991660385],[-7.903717002148201,36.986150993050046],[-7.904937,36.982204],[-7.904936999526814,36.98220399318758],[-7.904936999999997,36.98220399165672],[-7.9046120005844,36.97752500006784]]],[[[-7.8788140149201915,36.9928249968052],[-7.894968,36.989366],[-7.90095,36.995022],[-7.906076996566938,36.99607999929156],[-7.904611999999998,36.999334991665506],[-7.899321999999999,36.999334991665506],[-7.896555000000001,36.999334991665506],[-7.887359,37.00116599166644],[-7.881174003582499,37.00059599199633],[-7.882558,36.997504],[-7.885976,36.997382],[-7.887847,36.995307],[-7.887846993622913,36.99530699873581],[-7.887847000000001,36.99530699166342],[-7.883533999999999,36.994451991662984],[-7.8788140149201915,36.9928249968052]]],[[[-1.812734,37.207058],[-1.830352,37.166368],[-1.837758,37.131619],[-1.849843,37.104438],[-1.855214,37.076606],[-1.884999,37.015489],[-1.906117,36.987616],[-1.906972,36.975287],[-1.906971999525568,36.975286998494425],[-1.9069720000000001,36.97528699165317],[-1.9041639999999995,36.96637599164857],[-1.9005020000000001,36.95876699164469],[-1.8986710008298742,36.95005899558694],[-1.900339,36.941189],[-1.905222,36.935981],[-1.912872,36.933539],[-1.935292,36.932196],[-1.941396,36.929877],[-1.953847,36.919949],[-1.988922,36.900499],[-2.002797,36.88703],[-2.013051,36.845771],[-2.02477,36.833767],[-2.040476,36.824327],[-2.056874,36.810085],[-2.06074,36.802436],[-2.065907,36.783555],[-2.071156,36.775336],[-2.080312,36.770616],[-2.09142,36.768256],[-2.100819,36.765163],[-2.111073,36.746121],[-2.126698,36.736396],[-2.146718,36.729926],[-2.166127,36.727566],[-2.203643,36.737128],[-2.231679,36.760077],[-2.256134,36.78738],[-2.282786,36.810085],[-2.318349,36.827908],[-2.339141,36.834255],[-2.361684,36.836778],[-2.380238,36.833767],[-2.412709,36.820014],[-2.433095,36.81627],[-2.442332,36.818305],[-2.46939,36.827745],[-2.481435,36.829942],[-2.56078,36.818793],[-2.576894,36.811306],[-2.59671,36.773098],[-2.617177,36.72842],[-2.64269,36.707017],[-2.647572,36.704169],[-2.658884,36.69481],[-2.684356,36.685981],[-2.718251,36.682034],[-2.736195,36.687405],[-2.756663,36.680365],[-2.782948,36.694607],[-2.802602,36.707302],[-2.820994,36.713894],[-2.829986,36.711737],[-2.83906,36.702419],[-2.848256,36.700222],[-2.858754,36.704942],[-2.886098,36.734402],[-2.88670303976087,36.73474735868387],[-2.894691649287406,36.73930739509634],[-2.6800808906555176,36.73930739509634],[-2.5321326255798335,36.86817549818994],[-2.061630010604858,36.80373763194589],[-1.8573549985885622,37.31934737342108],[-1.697094227532981,37.31934737342108],[-1.698803159848071,37.31668369055537],[-1.698964,37.316433],[-1.728505,37.282416],[-1.787221,37.235216],[-1.812734,37.207058]]],[[[-9.501698006372846,39.420232994386005],[-9.511951996395485,39.41120000317531],[-9.508249,39.421779992881824],[-9.501698006372846,39.420232994386005]]],[[[-4.012765999999999,43.452500994708025],[-4.005685999999999,43.4507919947073],[-4.003054627980277,43.449432092619276],[-4.021530738332335,43.448641925687376],[-4.020904,43.4503849947071],[-4.012765999999999,43.452500994708025]]],[[[-3.974598999999999,43.45876699471063],[-3.9400529999999994,43.4771179947181],[-3.9227190000000003,43.482610994720424],[-3.9063210000000006,43.479192994718986],[-3.893787999999999,43.484889994721364],[-3.890859000000001,43.483709994720904],[-3.8858539999999993,43.479192994718986],[-3.8568009999999986,43.492376994724445],[-3.8267310000000005,43.4970159947264],[-3.797027000000001,43.492742994724594],[-3.7691540064766746,43.479192997867514],[-3.812652,43.464871],[-3.8190823035423747,43.46175575655484],[-3.8291703896749163,43.45686846147503],[-3.9717951350103977,43.45076895982103],[-3.9736869411453553,43.451937587496516],[-3.974598999999999,43.452501],[-3.974598999999999,43.45876699471063]]],[[[-5.41334438448529,43.51858217492272],[-5.559270931093296,43.556995205199044],[-5.424224,43.56114299475271],[-5.39387,43.555242994750266],[-5.3907360009249965,43.54132699885188],[-5.403554,43.525417],[-5.404377475856991,43.524842113423276],[-5.41334438448529,43.51858217492272]]],[[[-6.845936999999999,43.56862999475577],[-6.830718999999998,43.56513099475434],[-6.770822999999998,43.56862999475577],[-6.7296439999999995,43.559759994752135],[-6.713384987032954,43.55838181459458],[-7.005781339931032,43.54517697439875],[-7.001373000000002,43.55666699475085],[-6.943959000000001,43.56598499475468],[-6.845936999999999,43.56862999475577]]],[[[-6.559898213897036,43.56531309852573],[-6.700087943569377,43.55898230162061],[-6.648671,43.57904699476002],[-6.597726999999998,43.575221994758465],[-6.559898213897036,43.56531309852573]]],[[[-6.4482199090504855,43.57035623316172],[-6.466968705936853,43.56950958824847],[-6.467251297038932,43.57076287271726],[-6.467275,43.570868],[-6.469105997740188,43.575384994425136],[-6.455312000000001,43.573349994757685],[-6.4482199090504855,43.57035623316172]]],[[[-6.243885999999999,43.58930099476423],[-6.2363990000000005,43.59430599476628],[-6.222768000000002,43.59589299476695],[-6.196767409679109,43.581710854586106],[-6.278561497489279,43.57801741002882],[-6.273914999999999,43.57961699476021],[-6.249988999999999,43.58405199476211],[-6.243885999999999,43.58930099476423]]],[[[-5.90217,43.59752],[-5.908844,43.604926],[-5.913074998070504,43.61285999638179],[-5.900624,43.623235994778135],[-5.900624002088306,43.623235998259716],[-5.900624,43.623236],[-5.902577,43.626492],[-5.905344,43.633816],[-5.9073789964714924,43.63682699477919],[-5.875151999999998,43.63678599478364],[-5.863514999999998,43.64142499478555],[-5.859039,43.653631994790516],[-5.852203000000001,43.662949994794324],[-5.836333999999999,43.66221799479401],[-5.803822,43.65049899478927],[-5.782338000000001,43.63702999478374],[-5.7420928830079685,43.60224081213704],[-5.903647432184948,43.594946330023596],[-5.902170000000002,43.597519994767644],[-5.902170001834844,43.59751999680373],[-5.90217,43.59752]]],[[[-2.3568009999999995,46.73379099593606],[-2.3372289999999993,46.73159399593527],[-2.2982069999999997,46.72015999593151],[-2.279693000000001,46.71027299592817],[-2.268951004424737,46.69741400122065],[-2.291371,46.703599],[-2.371409,46.704291],[-2.3829239985212616,46.72264199764339],[-2.375152,46.73163499593535],[-2.3568009999999995,46.73379099593606]]],[[[-2.1736447705589415,46.9390760647599],[-2.173695,46.939154],[-2.194814,46.961859],[-2.220204,46.973863],[-2.247304,46.964301],[-2.263173,46.979804],[-2.278676,47.018134],[-2.295643995714086,47.03318899619729],[-2.238596,47.03534599603596],[-2.220448,47.033188996035236],[-2.2000219999999993,47.02435899603234],[-2.197418000512075,47.01300699826096],[-2.201324,46.999742],[-2.201323999737167,46.999741996916825],[-2.2013239999999996,46.99974199602423],[-2.2001029999999995,46.98541899601953],[-2.189809,46.97723999601686],[-2.16739712754805,46.96912689555439],[-2.1727006767538275,46.937611298209745],[-2.1736447705589415,46.9390760647599]]],[[[-2.448394,47.266588],[-2.448556488144454,47.266646211549634],[-2.45504389060001,47.268970485613686],[-2.4180945362452895,47.268970485613686],[-2.418121,47.268866],[-2.419179,47.266018],[-2.448394,47.266588]]],[[[-3.1516009999999985,47.35813999614028],[-3.1487930000000004,47.35537299613943],[-3.1146539999999985,47.33148799613186],[-3.1026909999999996,47.327337996130474],[-3.072743,47.32831499613081],[-3.0628150007401125,47.32062399670173],[-3.067006,47.301947],[-3.093617,47.296617],[-3.171702,47.301581],[-3.223459,47.312161],[-3.24095599925603,47.320623999640155],[-3.23762,47.33637099613336],[-3.237620000564308,47.33637099733628],[-3.23762,47.336371],[-3.245351,47.352851],[-3.256174,47.368801],[-3.262073998763492,47.38324599697265],[-3.2536509999999996,47.38886099615014],[-3.249623,47.39520899615216],[-3.242991,47.39533099615218],[-3.2341199999999994,47.38955299615033],[-3.221506,47.38751899614968],[-3.1765030000000003,47.37148699614462],[-3.1516009999999985,47.35813999614028]]],[[[-3.369545288343253,47.73000335319105],[-3.369252,47.72980399625738],[-3.3644909999999992,47.7246769962558],[-3.364491,47.718451],[-3.446441,47.704576],[-3.460683,47.707587],[-3.464996,47.713039],[-3.4652003028954383,47.71321630968492],[-3.484542557687681,47.73000335319105],[-3.369545288343253,47.73000335319105]]],[[[-5.1055399999999995,48.444648],[-5.1055399999999995,48.45148299647504],[-5.102161999999999,48.451849996475154],[-5.095123000000001,48.451116996475],[-5.091867999999998,48.45148299647504],[-5.091868001978728,48.45148299977751],[-5.091868,48.451483],[-5.097768,48.46133],[-5.107411,48.463365],[-5.132801999999999,48.458319],[-5.132801999999999,48.46515499647908],[-5.091786,48.48077999648362],[-5.068999999999999,48.48505299648491],[-5.050282000000001,48.47882699648306],[-5.048166,48.476507996482354],[-5.046253999999999,48.47382199648159],[-5.042958,48.47199099648104],[-5.03661,48.47260199648127],[-5.03661,48.465155],[-5.087961,48.447211],[-5.1055399999999995,48.444648]]],[[[-2.8269749999999996,48.657537996534934],[-2.8232680181814906,48.64638643337783],[-2.8498122740484875,48.670598290643085],[-2.8269749999999996,48.657537996534934]]],[[[-4.056548998593188,48.712143996732685],[-4.042714000000001,48.71393499655112],[-4.030507,48.71702699655202],[-4.009347999999999,48.72581599655448],[-3.973987999999999,48.732814996556456],[-3.9677630008016043,48.72955999697468],[-3.970286,48.720038],[-3.973866,48.712795],[-3.973865999468406,48.71279499762626],[-3.9738659999999992,48.71279499655075],[-3.973576245546327,48.711501150061025],[-4.053756557378628,48.70565860478546],[-4.056359619925774,48.71170416514115],[-4.056548998593188,48.712143996732685]]],[[[-2.934438,48.759101],[-2.934437999977551,48.75910099670274],[-2.9344380000000005,48.759100996564],[-2.9343970000000006,48.753078996562316],[-2.933146877544073,48.74659314618425],[-2.9616232447303648,48.772555427274334],[-2.9529520000000002,48.772283996567786],[-2.9330950005343235,48.76740099669777],[-2.934438,48.759101]]],[[[-3.008168002343419,48.821437997871996],[-3.00879513454448,48.82086851384882],[-3.0117148688828896,48.81821718758234],[-3.022054109508998,48.827640894041224],[-3.0182190000000007,48.82697199658332],[-3.008168002343419,48.821437997871996]]],[[[-2.2262259983443995,49.707830999150616],[-2.218495,49.718694996826905],[-2.2047010000000005,49.72410699682833],[-2.194813999999999,49.72479899682852],[-2.1786189999999994,49.73090199683012],[-2.1744689999999998,49.73139099683026],[-2.170318,49.72874599682952],[-2.1703180000000004,49.723212],[-2.187896,49.710639],[-2.200836,49.705715],[-2.216868,49.70303],[-2.2262259983443995,49.707830999150616]]],[[[5.093684073328511,36.45876080378791],[5.091278085751358,36.45975230564752],[5.102674798655968,36.473686028519076],[5.12000759635142,36.49091777788645],[5.12466501838008,36.494724882773504],[5.119471720264339,36.69893390834194],[5.23585,36.650945991486395],[5.269053999999997,36.644109991482864],[5.304372999999999,36.64301199148232],[5.372406,36.650945991486395],[5.409146302552259,36.659486717530974],[5.4144747199817465,36.43607945765553],[5.409900863402746,36.435285391457704],[5.341950234919419,36.42736351514698],[5.314058266361238,36.42514888095881],[5.286075188888215,36.42498815580613],[5.250799074977043,36.426084459887164],[5.218923822522005,36.42843079170507],[5.187668557930159,36.433452554351504],[5.1544993494734355,36.4402783488092],[5.123353140663238,36.44818454340839],[5.093684073328511,36.45876080378791]]],[[[1.4353949999999995,38.7553569925536],[1.4365339999999998,38.75401399255297],[1.4365339999999998,38.75161399255174],[1.4375110000000002,38.7492539925506],[1.4860949999999993,38.6945659925234],[1.526383,38.67776799251507],[1.5656839999999996,38.69148599252188],[1.5823669996798186,38.67491299283167],[1.581391,38.653062],[1.557486,38.648839],[1.523448,38.6494],[1.474223,38.674597],[1.458086,38.681341],[1.438731,38.670274],[1.429047,38.664944],[1.412792,38.646446],[1.396977,38.638646],[1.3829500016102918,38.642060999607956],[1.387551,38.66237799250736],[1.3875509988066945,38.662377994730626],[1.387551,38.662378],[1.3834600000100499,38.66999999998128],[1.3834740000000003,38.68040599251634],[1.3886820000000002,38.68711999251969],[1.3933210000000003,38.69627499252426],[1.3937279999999996,38.70420999252824],[1.3937279996259209,38.704209992706836],[1.393728,38.70421],[1.386485,38.707668],[1.3828230031519584,38.71157499663717],[1.388612,38.71911499253562],[1.4010020000000003,38.73032599254118],[1.4080290000000002,38.72448599253826],[1.418142,38.727890992539976],[1.427908,38.739365992545714],[1.4313260000000005,38.754868992553405],[1.4353949999999995,38.7553569925536]]],[[[8.35294494156489,39.05452623388769],[8.349589310990979,39.06154344565567],[8.349294001024576,39.06216099785741],[8.353525999999999,39.08344099271595],[8.353525999999999,39.08344099999999],[8.353525999999999,39.09088799271961],[8.353526,39.090888],[8.346039,39.090888],[8.346038999999998,39.09772399272299],[8.360362,39.118149992733045],[8.370093801198827,39.113160321473366],[8.35294494156489,39.05452623388769]]],[[[8.257334999999998,39.118149992733045],[8.257334999999998,39.11814999999999],[8.257334999999998,39.124415992736125],[8.257335,39.124416],[8.232677,39.14411],[8.224620001597174,39.15704999743485],[8.229990999999997,39.172796992759935],[8.245290999999998,39.180975992763905],[8.290294000000001,39.18842199276759],[8.305837,39.19330499276998],[8.306326,39.16079299275405],[8.31202199924735,39.12030699808375],[8.305837,39.10456],[8.29005,39.098822],[8.269379,39.100165],[8.25473100154415,39.10712299926651],[8.257334999999998,39.118149992733045]]],[[[2.982308,39.139184],[2.962154,39.116062],[2.930867,39.118176],[2.913614002682236,39.15196299474731],[2.940424,39.17192999275947],[2.980582,39.18555999276619],[2.9853669994374026,39.16617599503575],[2.982308,39.139184]]],[[[3.02296,39.308173],[3.007335,39.313747],[3.001313,39.317694],[3.0009704621158826,39.31839125021695],[3.000015379439472,39.32033538101589],[3.1389400809957517,39.32033538101589],[3.1295703996235544,39.315820689067166],[3.129405,39.315741],[3.090994,39.290066],[3.083263,39.280097],[3.079112,39.276882],[3.069998,39.271755],[3.060802,39.26907],[3.056651,39.272976],[3.029307,39.304633],[3.02296,39.308173]]],[[[4.319753,39.879218],[4.311778,39.884182],[4.302908,39.8876],[4.302906743365501,39.88757096067198],[4.300939133584813,39.8421126317791],[4.266133487819658,39.94527260178587],[4.270111999999999,39.94375199313463],[4.285898999999999,39.944606993134975],[4.298025,39.941961993133745],[4.302907999999999,39.925522993125874],[4.307302000000001,39.9105489931187],[4.328786999999999,39.883449993105664],[4.337086996480202,39.867174],[4.330333,39.867174],[4.326264,39.87344],[4.319753,39.879218]]],[[[4.264903000000001,39.98639599315505],[4.273366999594369,39.96995699393504],[4.27239,39.955349],[4.269089010545856,39.95430139611982],[4.263667479204341,39.952580827133445],[4.247540810697555,40.00037113788727],[4.254568,39.997462993160376],[4.264903000000001,39.98639599315505]]],[[[8.159287983277393,40.5678168813129],[8.154250284862316,40.57591581951273],[8.153087,40.577786],[8.147309,40.593207],[8.140636,40.619045],[8.140636,40.62518999345816],[8.157725,40.63226999346152],[8.158453247255206,40.632691106029924],[8.159287983277393,40.5678168813129]]],[[[8.156706008724958,40.77013745357773],[8.157407586958179,40.71467383202597],[8.153676575773943,40.71928581946076],[8.153331,40.719713],[8.145844,40.72602],[8.133800003183342,40.72890899923641],[8.156706008724958,40.77013745357773]]],[[[8.235525,40.946479],[8.231619,40.934516],[8.231579350393359,40.934298599190704],[8.230078198476786,40.926067949115115],[8.18009118537499,40.934218401050806],[8.182302,40.945298993607416],[8.193044,40.963771993616014],[8.202159,40.97528699362141],[8.209646,40.97528699362141],[8.212576,40.96344599361585],[8.219981,40.96230699361532],[8.229015,40.962550993615444],[8.236175999538261,40.95477899411301],[8.235525,40.946479]]],[[[8.250987,41.016099],[8.24643,40.993638],[8.209646005234028,40.99579499969308],[8.217620999999998,41.00503199363512],[8.22169,41.01438999363943],[8.223155,41.02399299364393],[8.223155,41.023993],[8.223155,41.033636993648344],[8.228851999999998,41.04173399365209],[8.241384,41.05206899365685],[8.260753000000001,41.06464299366268],[8.275645,41.069769993665],[8.277843,41.08173199367053],[8.277842999457278,41.08173199704638],[8.277843,41.081732],[8.275645000580887,41.09540399638677],[8.277842999999999,41.105657993681554],[8.284353,41.10687899368214],[8.302094,41.105047993681275],[8.305837,41.10907599368314],[8.307952999999994,41.113836993685354],[8.313323999999998,41.11859799368751],[8.326181999798195,41.12612499357285],[8.325938,41.118354],[8.32593800018177,41.11835399947657],[8.325937999999997,41.118353993687386],[8.327973000000002,41.11249399368472],[8.332366999999998,41.105657993681554],[8.34197,41.097845993677964],[8.344736999182388,41.08624899709937],[8.341319,41.074123],[8.332367,41.064643],[8.27475,41.057278],[8.25115,41.043769],[8.251149999999999,41.043768993653025],[8.250987,41.016099]]],[[[6.175141,43.008978994522835],[6.202972999999998,43.00800199452243],[6.211598999999998,43.01162299452399],[6.215017,43.01471599452531],[6.218272,43.01544799452559],[6.221038999999999,43.01495999452535],[6.233393,43.015581994525654],[6.235036999999999,43.02240599452852],[6.241885,43.025649994529935],[6.251004000000002,43.017296994526355],[6.25220899956167,43.00263199985468],[6.230235,42.995347],[6.216482,42.990383],[6.202485,42.987128],[6.190115,42.99018],[6.166189,42.999661],[6.164724001346618,43.00507199502624],[6.175141,43.008978994522835]]],[[[6.466482,43.019355],[6.448253,43.014675],[6.439464,43.008857],[6.432953,43.00967],[6.431814000483249,43.019476995839135],[6.434662000000001,43.027207994530514],[6.455333,43.0327819945329],[6.463227,43.043930994537575],[6.472667000000001,43.05068599454045],[6.489431000000001,43.05308699454149],[6.501557000000002,43.055893994542636],[6.506601999277316,43.05162199515277],[6.505789,43.046169],[6.490164,43.044298],[6.4817,43.038316],[6.466482,43.019355]]],[[[4.850271,43.401435],[4.850271001892745,43.40143499789512],[4.850271000000001,43.4014349946869],[4.854991,43.3961859946847],[4.864890999999999,43.37789999467715],[4.867531999999999,43.36511199467188],[4.901004991464513,43.366964994200124],[4.877189,43.350782],[4.855778,43.341779],[4.850823,43.358929],[4.833263,43.381985],[4.791759,43.399115],[4.757823,43.422349],[4.7424420002119945,43.448716999636574],[4.743458091091141,43.47234725423765],[5.052386547919576,43.47234725423765],[5.062265998710017,43.45164599741066],[5.051117,43.429267],[5.027599,43.416978],[4.998466,43.414699],[4.983084,43.41706],[4.928477,43.440131],[4.903168,43.431627],[4.892589,43.42536],[4.868175,43.421454],[4.858409,43.415229],[4.850271,43.401435]]],[[[7.048963,43.524106994737515],[7.064775999999999,43.519103994735424],[7.073077992320631,43.51579499779492],[7.068979,43.514618],[7.057848,43.515865],[7.048862,43.515122],[7.036685,43.51646],[7.0323870040016025,43.52249399438212],[7.039719999999999,43.521843994736564],[7.044294999999999,43.523749994737344],[7.048963,43.524106994737515]]],[[[-1.2541400025633733,46.1624209998425],[-1.263417,46.161851],[-1.270863,46.160224],[-1.281402,46.156195],[-1.286285,46.160102],[-1.290679,46.161322],[-1.33609,46.167222],[-1.432851,46.210842],[-1.488922,46.203355],[-1.504262,46.207668],[-1.54483,46.239895],[-1.555816,46.245551],[-1.555816,46.25177599577187],[-1.4981179999999998,46.261907995775374],[-1.4800919999999997,46.259222995774415],[-1.4727269999999995,46.25527599577307],[-1.4678849999999999,46.2499049957712],[-1.4674370002985253,46.24396399972794],[-1.473866,46.238105],[-1.497711,46.245185],[-1.507965,46.245551],[-1.5079649964054573,46.24555099564139],[-1.507965,46.24555099576969],[-1.490549,46.224432995762335],[-1.4641819999999999,46.22492099576254],[-1.4354549999999997,46.23383199576565],[-1.4111219999999998,46.238104995767124],[-1.411122,46.23468699576593],[-1.4111220000000002,46.231269],[-1.425364,46.231269],[-1.4253639999999996,46.23126899576473],[-1.425364,46.223822],[-1.425364,46.22382199576216],[-1.4087620000000003,46.218247995760215],[-1.3080949999999998,46.2069359957563],[-1.2847390000000003,46.19643799575262],[-1.2657360000000004,46.180975995747275],[-1.2541400025633733,46.1624209998425]]],[[[-1.846669,48.707831],[-1.846913,48.703437],[-1.846912999823827,48.70343699972064],[-1.8469129999999996,48.703436996548085],[-1.8435769999999996,48.698146996546555],[-1.8363340016824354,48.69110699817985],[-1.836558681361096,48.69086392732038],[-1.8536946493516098,48.67232555624732],[-1.9874244972464459,48.68194131658785],[-1.9859109999999995,48.68789299654361],[-1.9769590000000001,48.69110699654457],[-1.9393609999999994,48.69110699654457],[-1.9393610029074446,48.691107],[-1.939361,48.691107],[-1.945626997387542,48.69855399689516],[-1.8640141305624727,48.70943966410295],[-1.843739002576837,48.71214399620686],[-1.846669,48.707831]]],[[[-1.834503,48.877467996597645],[-1.8299049999999994,48.874700996596836],[-1.827097,48.873235996596435],[-1.824900002353541,48.866685003612346],[-1.82665,48.869371],[-1.829864,48.868883],[-1.834503,48.869167],[-1.8373099995902729,48.87323599940606],[-1.8364969999999996,48.878810996598034],[-1.834503,48.877467996597645]]],[[[-2.1106659999999997,49.253403996702204],[-2.1038710000000003,49.258204996703476],[-2.0975639999999998,49.25966999670388],[-2.082672,49.26023999670406],[-2.06786,49.25067799670144],[-2.0206600004219895,49.23525599683508],[-2.021962,49.225491],[-2.021961999605836,49.22549099965078],[-2.021962,49.22549099669455],[-2.0173230000000006,49.221380996693384],[-2.0118709999999997,49.215276996691756],[-2.0082900023863606,49.21246999856155],[-2.016998,49.207221],[-2.020985,49.200751],[-2.022043,49.19245],[-2.022042999977058,49.192449996865435],[-2.0220429999999996,49.19244999668543],[-2.021962000023604,49.18138299990747],[-2.024526,49.171332],[-2.031158,49.171454],[-2.040028,49.175727],[-2.049224,49.17829],[-2.079986,49.178697],[-2.083185578254447,49.17963078249486],[-2.090947262369947,49.18189600307619],[-2.1065929112071533,49.19066846569196],[-2.129678557620264,49.20643182397118],[-2.150738586085587,49.22385291191556],[-2.1695749430048568,49.24276892827115],[-2.1793270217995784,49.2547753268978],[-2.1723530000000006,49.25625199670296],[-2.162709,49.2604029967041],[-2.1516820000000005,49.26703499670593],[-2.143788,49.26186799670449],[-2.1219780000000004,49.2582869967035],[-2.1106659999999997,49.253403996702204]]],[[[-1.259999,49.593451],[-1.264027,49.58926],[-1.286204,49.588935],[-1.294993,49.586819],[-1.2955811245984743,49.58635739217236],[-1.2965040155692786,49.58563303761092],[-1.3368570593051532,49.70624485249763],[-1.2711479999999997,49.69843199682158],[-1.2630509999999995,49.69550199682082],[-1.259104,49.68829999681894],[-1.2541400000000003,49.67177999681458],[-1.2322489999999997,49.641424996806535],[-1.2277730007375396,49.62409099965823],[-1.253326,49.61225],[-1.257558,49.602851],[-1.259999,49.593451]]],[[[1.4048083360952681,51.183595780812915],[1.404796,51.183539],[1.384451,51.151679],[1.357188,51.131008],[1.356659243736251,51.130893366104196],[1.3528072925236203,51.13005828702967],[1.3767188075232175,51.1646182674807],[1.3933591550951496,51.18607439563428],[1.4088564973800286,51.20222965741397],[1.4048083360952681,51.183595780812915]]],[[[4.758473999999999,53.10846599758794],[4.805675,53.13300199759256],[4.829274999999999,53.16299099759816],[4.854339999999999,53.187729997602816],[4.885752999999999,53.18671299760266],[4.889821999999999,53.18085399760153],[4.89209999972593,53.17572699821742],[4.891368,53.170966],[4.885753,53.166205],[4.885753001313722,53.166204998712715],[4.885753,53.166204997598804],[4.899913,53.152329997596176],[4.910166999963676,53.134588997655705],[4.910166999999999,53.13458899759286],[4.909923,53.118842],[4.892589,53.111029],[4.892588999999998,53.11102899758841],[4.892589,53.104803997587226],[4.9130969987111115,53.104803997587226],[4.906098,53.091702],[4.893077,53.076117],[4.865245,53.050198],[4.818126,53.02676],[4.795665,53.000312],[4.761974,52.99433],[4.726817,53.003079],[4.707693000436706,53.028468999420205],[4.713878,53.05463299757781],[4.733653,53.08421499758337],[4.758473999999999,53.10846599758794]]],[[[4.927614279848317,53.24570307322999],[4.9401140405009265,53.262441983436325],[4.943454728000846,53.266072626535106],[4.986500999999999,53.28998399762185],[5.054453999999998,53.31378799762626],[5.1048279999999995,53.30963799762545],[5.104827999999999,53.302802],[5.078136,53.302802],[5.065603,53.298489],[5.036469,53.291815],[4.95753,53.245551],[4.93572,53.225979],[4.910167,53.21247],[4.8789170022869675,53.22089299938358],[4.9129931827748425,53.24733469178135],[4.9148347446783855,53.24726064090244],[4.927614279848317,53.24570307322999]]],[[[5.475434,53.426947],[5.475434001325992,53.426946997679345],[5.475433999999998,53.42694699764694],[5.477387000000002,53.423528997646365],[5.479747000000001,53.41620499764496],[5.481699998893736,53.41266499964959],[5.468598,53.408515],[5.427013,53.40644],[5.382498,53.39468],[5.346934,53.389228],[5.208344,53.352688],[5.179861,53.353095],[5.167654000852566,53.3682319989428],[5.178883999999999,53.38544299763938],[5.232432000000001,53.396714997641446],[5.250172999999999,53.406439997643204],[5.272960000000001,53.40607299764309],[5.407237,53.422552997646164],[5.423594999999999,53.43036499764752],[5.437021999999999,53.43646899764871],[5.585296996707144,53.45359899727135],[5.562022,53.434312],[5.533702,53.428371],[5.475434,53.426947]]],[[[5.925460594804717,53.4702178359757],[5.809964668467989,53.447414],[5.752778,53.447414],[5.727061,53.443345],[5.678966,53.430121],[5.653575,53.433743],[5.63607800069911,53.448675999403335],[5.6419380000000015,53.46336499765355],[5.658865,53.4718689976551],[5.674001,53.4679219976544],[5.913829,53.4738629976555],[5.925460594804717,53.4702178359757]]],[[[6.603689,53.545315],[6.596853,53.543484],[6.591807,53.537665],[6.585704,53.533352],[6.570486001066206,53.53811299966644],[6.573089999999996,53.54299599766793],[6.5835880000000015,53.548081997668874],[6.606048997777394,53.54775599770111],[6.603689,53.545315]]],[[[6.505626,53.543769],[6.501964,53.542548],[6.498871,53.539984],[6.49643,53.5362],[6.460704,53.543362],[6.443044,53.549994],[6.441173000638168,53.55662699773759],[6.455089,53.55809199767065],[6.510101989722791,53.543606000374254],[6.505626,53.543769]]],[[[6.671152999999998,53.60443799767893],[6.747324999999998,53.61835399768149],[6.784678999999999,53.62006299768177],[6.798105998144171,53.60443799983855],[6.775645,53.602484],[6.740896,53.593451],[6.722423,53.590766],[6.722422999999999,53.59076599767647],[6.722422999999998,53.58462099767543],[6.7335720000000014,53.58201699767494],[6.742197999999998,53.57835499767429],[6.749521999999998,53.57241399767321],[6.756520997705801,53.562893000792414],[6.747569,53.565985],[6.73463,53.575181],[6.726085,53.577135],[6.715994,53.576077],[6.701182,53.571438],[6.695079,53.570299],[6.677094,53.575629],[6.663341,53.587348],[6.659516000657341,53.59910699797917],[6.671152999999998,53.60443799767893]]],[[[6.893728,53.623196],[6.878184,53.627061],[6.865977,53.633775],[6.865326000127661,53.644435997909376],[6.867116999999998,53.647568997686676],[6.871349,53.64846399768679],[6.877044999999997,53.651515997687376],[6.895193,53.65143499768737],[6.917003,53.6461449976864],[6.921803998498202,53.64195399899663],[6.893728,53.623196]]],[[[6.878877614035185,53.67309831491987],[6.8737900101613,53.67275600068369],[6.910817999999999,53.68366099769308],[7.033274254662618,53.69309758113048],[7.020155159803024,53.68260409456773],[6.878877614035185,53.67309831491987]]],[[[8.031422999999998,53.70062899999999],[8.031417230709977,53.70060411849666],[8.02868918494606,53.68883982961976],[7.971588341564142,53.71842317135114],[8.031423,53.70807499769734],[8.031422999999998,53.70062899999999]]],[[[8.120128,53.714301],[8.120127999999998,53.72113699769966],[8.13266,53.73403599770196],[8.152353999999997,53.73916299770286],[8.174815,53.737005997702475],[8.195973994614537,53.727973],[8.181651,53.727973],[8.171723,53.725572],[8.155772,53.716376],[8.15089,53.714301],[8.142263,53.715644],[8.136729,53.717963],[8.130707,53.718451],[8.120128,53.714301]]],[[[7.677094,53.757799],[7.66863,53.75788],[7.660899001776223,53.76211199902769],[7.686289999999998,53.78099199771019],[7.728282,53.78656599771121],[7.812835999999996,53.78314899771061],[7.812835999999998,53.776353],[7.798595,53.776353],[7.776215,53.767971],[7.74822,53.760932],[7.719493,53.759914],[7.694998,53.769517],[7.685883,53.761786],[7.677094,53.757799]]],[[[7.85450300122372,53.78457299947846],[7.858897,53.79091999771194],[7.876719999999998,53.794866997712646],[7.897633999999999,53.79629099771286],[7.914073000000001,53.795355997712775],[7.928965999999998,53.792547997712205],[7.955576990730025,53.78290400107003],[7.946056,53.784003],[7.935313,53.783149],[7.89324,53.788967],[7.875255,53.788398],[7.87379,53.776353],[7.85450300122372,53.78457299947846]]],[[[11.583867125738394,33.13996286952238],[11.500022383995647,33.18224572949156],[11.504567999999999,33.18134198969928],[11.505138,33.18121998969926],[11.525889999999995,33.17694698969706],[11.560232000000003,33.16591998969146],[11.574962,33.15794498968742],[11.583867125738394,33.13996286952238]]],[[[10.932790998027995,33.574041995112005],[10.932791,33.574042],[10.92628,33.591254],[10.90919,33.607856],[10.906505002607274,33.616440991663524],[10.936209,33.636297989930725],[10.947926999999996,33.629461989927215],[10.960622999999998,33.62767198992629],[10.971446,33.63190298992846],[10.977875,33.64313398993425],[10.984629999999996,33.64313398993425],[11.000662,33.63418198992964],[11.042817000000001,33.61786498992132],[11.060312999999999,33.60834398991647],[11.073577999999996,33.59446798990937],[11.080308376692184,33.585742454562805],[10.92716156640331,33.56008835330876],[10.932791000000002,33.57404198989895],[10.932790998027995,33.574041995112005]]],[[[10.634071999999996,33.67362798994978],[10.697617999999999,33.70259698996459],[10.716645,33.70693598996679],[10.739991999579727,33.67157799058521],[10.736924,33.60285],[10.70753,33.581692],[10.691417,33.576117],[10.679047,33.562567],[10.678910846195969,33.56210162498127],[10.675312588451764,33.54980301232169],[10.585752726269043,33.662197809430324],[10.634071999999996,33.67362798994978]]],[[[10.733791,33.730666],[10.727804000177633,33.758180999183644],[10.728314,33.784567990006515],[10.747593000000004,33.81274799002094],[10.747592997941064,33.81274799699047],[10.747593,33.812748],[10.735479000162094,33.853753999451314],[10.735904451292766,33.87845087989202],[10.73598518997409,33.87840304951671],[10.755955971245074,33.863796234080844],[10.773804505930558,33.847698721488854],[10.789352715843737,33.83027181093907],[10.84265366904365,33.76325580333053],[11.031281311779471,33.79486067533744],[11.056994267954048,33.79817616949351],[10.995857010777229,33.7511787359891],[10.993988,33.749742],[10.977306,33.74315],[10.971039,33.738715],[10.966482,33.730414],[10.956716,33.69774],[10.950450001204592,33.69774],[10.953624,33.724188989975616],[10.956715999999998,33.732488989979906],[10.956715995843904,33.7324889888436],[10.956716,33.732489],[10.941091,33.728217],[10.928484,33.69663],[10.91053,33.673879],[10.893709,33.658247],[10.887786,33.640142],[10.871056,33.654333],[10.870746000169994,33.67183999039978],[10.876921000000001,33.68821798995722],[10.876920997442372,33.68821799321639],[10.876921,33.688218],[10.858995,33.711061],[10.842133,33.717963],[10.826182,33.729804],[10.80893,33.73432],[10.790349,33.718572],[10.781922,33.703696],[10.76342,33.700163],[10.740154,33.715478],[10.733791,33.730666]]],[[[10.964122007909065,34.656683995605256],[10.973836999999998,34.66300999045843],[10.987153,34.67177999046297],[11.063615323166756,34.67123486424479],[11.059251050919825,34.667248964946545],[11.017263910664816,34.6322450995533],[11.016612,34.632514],[10.983499,34.645917],[10.964122007909065,34.656683995605256]]],[[[10.272146,36.81606699157138],[10.288332998378088,36.78718746968759],[10.258144951462564,36.795517259423924],[10.272146,36.81606699157138]]],[[[10.805755999999997,37.14069199173797],[10.808278999999999,37.13609399173559],[10.813406000000004,37.13092699173295],[10.822926993892718,37.118312999817746],[10.816091,37.118109],[10.806326,37.119086],[10.802989,37.118313],[10.802664,37.119249],[10.79599,37.118272],[10.790294002784767,37.12718299564342],[10.793712,37.131984991733454],[10.799000999999999,37.13511799173509],[10.800304,37.13849499173684],[10.805755999999997,37.14069199173797]]],[[[9.829711932063649,37.25085036146105],[9.820334278964499,37.247597312286125],[9.614563100745828,37.315557469522],[9.628429,37.323146991831265],[9.649262,37.3318549918357],[9.66627,37.33543499183752],[9.710296999999997,37.33616799183795],[9.732432000000001,37.343328991841595],[9.74464,37.34520099184253],[9.755137999999997,37.339910991839815],[9.763194,37.3336449918366],[9.773448,37.33051199183504],[9.858897,37.32880299183418],[9.85906,37.325872991832654],[9.861176,37.31635199182779],[9.861663999912066,37.27118599994319],[9.83074,37.251207],[9.829711932063649,37.25085036146105]]],[[[12.27320400430487,37.939520991838755],[12.286956999999996,37.93854399214409],[12.297048,37.941310992145524],[12.305431000000004,37.94497299214732],[12.314219999999999,37.94635699214803],[12.3213,37.940496992145064],[12.336761999999998,37.933050992141325],[12.354665999999998,37.92698799213824],[12.368825993024496,37.92523799299947],[12.357677,37.914049],[12.342133,37.913235],[12.326182,37.918362],[12.31422,37.925238],[12.299653,37.919257],[12.287771,37.921536],[12.278656,37.929185],[12.27320400430487,37.939520991838755]]],[[[8.442231,39.714667],[8.442230999999998,39.721502993027514],[8.446462,39.73086199303201],[8.446461999461105,39.73086199880796],[8.446462,39.730862],[8.444021000518363,39.7570249944441],[8.446056,39.762518993047344],[8.456201023182945,39.76100885317554],[8.445737831001015,39.70652594993203],[8.442231,39.714667]]],[[[9.729501036011577,40.874889162941656],[9.734141,40.87632899357547],[9.744639997330275,40.869166995393314],[9.739625056008,40.86051358792344],[9.729501036011577,40.874889162941656]]],[[[9.705703022979185,40.908679786637265],[9.733897,40.92474999359797],[9.736339,40.924301993597716],[9.739268,40.919297993595436],[9.740081999299235,40.9122989996175],[9.73947416594014,40.911967221817314],[9.713408061987344,40.89773965850256],[9.705703022979185,40.908679786637265]]],[[[9.644298000000001,41.01166399363817],[9.662607995767429,41.00263099572211],[9.651215,40.991116],[9.647417917117858,40.991430635399816],[9.630457120112435,41.015508817092],[9.644298000000001,41.01166399363817]]],[[[9.606049,41.076321],[9.604991,41.071194],[9.602631,41.068671],[9.601573,41.069444],[9.597667,41.070421],[9.596121,41.072943],[9.595958000297156,41.076360993768816],[9.600759,41.07798899366879],[9.606374999314212,41.079412993495545],[9.606049,41.076321]]],[[[9.566416999364671,41.119329994043426],[9.566354731828108,41.11874620001975],[9.565220513458371,41.10811236442778],[9.552606864490699,41.126015859932984],[9.552744999999998,41.126124993690986],[9.559581000000001,41.126124993690986],[9.561209,41.12181199368898],[9.561777999999999,41.1210799936887],[9.562999000000001,41.12124299368873],[9.566416999364671,41.119329994043426]]],[[[9.479230308093644,41.21685055578012],[9.474806776258019,41.202136551891854],[9.446672726155196,41.20672331676471],[9.443533001374508,41.211492997911925],[9.446461999999999,41.22040399373429],[9.453867999999998,41.23395399374052],[9.459972,41.24237699374435],[9.468028,41.24111599374377],[9.474783000000002,41.23606999374148],[9.478363,41.228460993738004],[9.479502999812633,41.22418899443816],[9.479259,41.216946],[9.479230308093644,41.21685055578012]]],[[[9.421886,41.26089099375286],[9.427419000000002,41.25409599374972],[9.430511999941832,41.24628299389307],[9.430512,41.246282993746135],[9.430431,41.237779],[9.429047,41.229397],[9.429047000735574,41.22939699819329],[9.429047000000004,41.229396993738405],[9.430919,41.22479899373632],[9.434255,41.22060799373438],[9.435312998232213,41.217026999716154],[9.42770820301183,41.21580590956725],[9.409194955210609,41.212833281398844],[9.37462260003031,41.218469446670014],[9.373057000000001,41.221909999999994],[9.373057,41.22456832706955],[9.373056999999996,41.22988499373864],[9.377614999999997,41.233831993740466],[9.384938999999997,41.23651799374163],[9.391856,41.24070899374361],[9.396251,41.24774799374686],[9.39796,41.2560489937506],[9.402191999999998,41.257513993751324],[9.40797,41.25812399375155],[9.414235999999999,41.26243699375357],[9.421886,41.26089099375286]]],[[[9.332855999999998,41.25079999374821],[9.337901,41.252223993748906],[9.34254,41.251613993748606],[9.35303799913351,41.24782899405929],[9.350759,41.232204],[9.342214,41.228135],[9.340343,41.229112],[9.337983,41.22899],[9.335378,41.230292],[9.331554,41.233588],[9.329682000993824,41.237575997882814],[9.332855999999998,41.25079999374821]]],[[[9.230641999999998,41.262640993753614],[9.232677,41.253566993749494],[9.238291999999996,41.24884699374729],[9.246918,41.24774799374686],[9.257822999999998,41.24966099374772],[9.268076999885219,41.2366399938875],[9.268076931267498,41.23663633975666],[9.268061965378962,41.235840717122585],[9.185687250628671,41.249268427270685],[9.189952,41.25112499374839],[9.212413,41.25580499375053],[9.230641999999998,41.262640993753614]]],[[[9.337576,41.27794],[9.331065003800331,41.28103299819468],[9.334972,41.28558999376415],[9.350596999999999,41.28872299376556],[9.351247999681197,41.27610899993703],[9.344656,41.274807],[9.337576,41.27794]]],[[[9.364757,41.287909],[9.35824600399486,41.2969019944823],[9.361663999999998,41.297511993769625],[9.364594,41.30149999377144],[9.372406,41.304917993772996],[9.376801,41.30780699377432],[9.377939999999997,41.30345299377229],[9.380055998859111,41.30044199539437],[9.378917,41.295844],[9.375255,41.292263],[9.371837,41.291856],[9.36907,41.293484],[9.364757,41.287909]]],[[[9.33489,41.29975],[9.330903002916415,41.304713996368925],[9.334971999999999,41.30833599377452],[9.337983,41.307602993774175],[9.340017,41.30719599377406],[9.342539999999998,41.306219993773546],[9.345875999999997,41.304754993772924],[9.353282000000004,41.29934299377046],[9.354176999124913,41.292873000093515],[9.346934,41.293647],[9.337006,41.294501],[9.336599,41.297065],[9.33489,41.29975]]],[[[9.24724400221391,41.33771399858601],[9.249928999999996,41.343532993790625],[9.254567999999999,41.34218999378999],[9.254648999999997,41.33860899378834],[9.257578999134823,41.33551699469997],[9.256928,41.331529],[9.24724400221391,41.33771399858601]]],[[[9.257253,41.363593],[9.253835,41.364651],[9.250418001183295,41.365464999718114],[9.251557,41.3711609938032],[9.260833999999997,41.37185299380354],[9.26482199947349,41.37213799376604],[9.264334,41.36636],[9.264334000533529,41.366360000118114],[9.264333999999998,41.36635999380102],[9.270029997440972,41.367620993235086],[9.268891,41.36461],[9.265147,41.363593],[9.263438,41.362698],[9.262625,41.360785],[9.257253,41.363593]]],[[[8.778087002947618,41.59161999916013],[8.783192861544695,41.60072605118432],[8.78329304137502,41.59013663950071],[8.782062272685126,41.59048732172221],[8.778087002947618,41.59161999916013]]],[[[11.104909999999997,42.245672994194244],[11.106455998741776,42.23777900061539],[11.095225,42.243272],[11.093842,42.246039],[11.09131900060929,42.25177599861455],[11.091970000000003,42.25649599419901],[11.093841999999997,42.26015899420064],[11.100027000000003,42.26048399420081],[11.104666,42.26333199420202],[11.110525,42.26121699420108],[11.11247799843753,42.25287500087132],[11.108246,42.255235],[11.10491,42.255439],[11.102387,42.254299],[11.102387001498897,42.254298994875356],[11.102386999999998,42.25429899419809],[11.104909999999997,42.245672994194244]]],[[[10.085785,42.572455],[10.071788,42.57274],[10.058604,42.575995],[10.050304001480075,42.58193599894059],[10.052582000000003,42.589015994343626],[10.062755000000003,42.5920269943449],[10.072601999999996,42.600408994348506],[10.079438,42.61391799435432],[10.084320999999997,42.61469099435468],[10.087656999999995,42.603989994350044],[10.091645000000002,42.59577099434648],[10.096038999999996,42.59072499434434],[10.097911,42.587957994343185],[10.097911,42.583889],[10.095388,42.576972],[10.085785,42.572455]]],[[[10.162677550570768,42.81759448278811],[10.196276892549712,42.736177189802724],[10.147227,42.737291],[10.124848,42.743109],[10.106781,42.757392],[10.101410000839623,42.78400299584003],[10.111663999999996,42.80125599443469],[10.132985999999999,42.811915994439225],[10.158213999999997,42.81728799444147],[10.162677550570768,42.81759448278811]]],[[[9.785022806390323,43.02791968795615],[9.78459500187311,43.0284419977131],[9.791517933787848,43.04020252539602],[9.792310599286465,43.02886269198061],[9.792345464367749,43.0189794932927],[9.785022806390323,43.02791968795615]]],[[[10.251638,43.846625],[10.210134,43.920233],[10.180675,43.955268],[10.136485,43.978705],[10.136273432959428,43.97896735554298],[10.124277685955834,43.993843073541356],[10.212339401245115,43.993843073541356],[10.420727713321705,43.40512202718724],[10.373678319982803,43.45289215084007],[10.373383,43.453192],[10.359141,43.465277],[10.326345,43.476874],[10.317231,43.492621],[10.29477,43.568549],[10.264008,43.809394],[10.251638,43.846625]]],[[[12.340831000000003,45.08144799534969],[12.353038000000002,45.066961995344236],[12.354671643982774,45.06460871318326],[12.326539428889754,45.07978275837382],[12.328461000000003,45.0799009953491],[12.328460996201358,45.07990099976627],[12.328461,45.079901],[12.325206,45.083686],[12.323578,45.086737],[12.321056002215022,45.09357299399608],[12.340831000000003,45.08144799534969]]],[[[12.327890999999997,45.372259995457625],[12.352060999999999,45.40546299546987],[12.371836999999992,45.42487199547696],[12.389170999999992,45.433538995480184],[12.407480999999999,45.43064999547907],[12.430918983249759,45.415676006174955],[12.418224,45.420356],[12.404796,45.422268],[12.376231,45.422553],[12.321462,45.348009],[12.319998000700842,45.35415299705876],[12.327890999999997,45.372259995457625]]],[[[12.363779999380755,45.449651995827615],[12.362071,45.438137],[12.352224,45.433987],[12.33725,45.427395],[12.320649,45.429836],[12.316580001017815,45.44306099669191],[12.329845,45.4588079954894],[12.347179,45.4588079954894],[12.363779999380755,45.449651995827615]]],[[[12.397309,45.46002799548983],[12.402598999999999,45.464585995491525],[12.414073,45.473089995494654],[12.418385998016518,45.46873599749539],[12.408783,45.45661],[12.396088,45.449408],[12.385346,45.445705],[12.375173004257507,45.453802996610904],[12.389822000000002,45.457667995489],[12.397309,45.46002799548983]]],[[[8.674163999999994,54.08038999776181],[8.681977,54.08042999776189],[8.682790999760467,54.07505899934144],[8.681163,54.070583],[8.681163000426638,54.07058299893317],[8.681162999999998,54.07058299776017],[8.682952999999996,54.066106997759434],[8.687021999999997,54.06195699775871],[8.692231000000003,54.05984099775837],[8.692881999636874,54.05678899946018],[8.689789,54.052191],[8.689301,54.04796],[8.686127,54.042222],[8.673432,54.044704],[8.662852,54.053534],[8.659516,54.059597],[8.658865000230184,54.06427599834557],[8.662282999999999,54.07298399776059],[8.665945,54.076035997761096],[8.674163999999994,54.08038999776181]]],[[[14.33253,35.962836],[14.322032005188811,35.97313099491153],[14.334727000000004,35.98236699114125],[14.338918141520754,35.98444927699767],[14.338361160996781,35.94588986489657],[14.338227,35.946967],[14.33253,35.962836]]],[[[14.325449999999998,36.019109991160285],[14.332529999999997,36.01886599116016],[14.339388820473802,36.01682346565479],[14.339216165551607,36.00497010704816],[14.338145,36.004543],[14.327973,36.003282],[14.327322,36.003892],[14.324636003963304,36.00344500065957],[14.325857000000001,36.00637399115371],[14.3258569979749,36.006373995142084],[14.325857,36.006374],[14.323171,36.011664],[14.321788001994673,36.016994992311204],[14.325449999999998,36.019109991160285]]],[[[14.187998998634598,36.04539599523985],[14.187999,36.045396],[14.184337,36.056301],[14.183604000745374,36.064764991393126],[14.195486,36.06810099118561],[14.256601999999997,36.075587991189515],[14.282563,36.06785699118552],[14.314788999999998,36.0510929911768],[14.334238993908384,36.03436899640601],[14.322032,36.027167],[14.304454,36.026597],[14.277599,36.016669],[14.26002,36.013495],[14.241466,36.014635],[14.220876,36.019192],[14.201182,36.026068],[14.184906002201723,36.03461299884408],[14.187998999999998,36.045395991173855],[14.187998998634598,36.04539599523985]]],[[[14.944998000000004,38.18178899226678],[14.963064,38.163397992257536],[14.969737000000004,38.15924699225544],[14.981781,38.158270992254934],[15.007334999999998,38.15180099225168],[15.039072999999998,38.153305992252484],[15.049001000000002,38.15180099225168],[15.053070999999992,38.14838299224998],[15.05723741278528,38.14318316819022],[14.522480429907409,38.04762575184595],[14.634612999999998,38.08148799221624],[14.667735,38.099188992225194],[14.695974000000001,38.121038992236194],[14.733735000000001,38.157619992254624],[14.744801999999995,38.161362992256535],[14.777599,38.15924699225544],[14.798105999999997,38.160345992256005],[14.874033999999998,38.17568599226373],[14.888031,38.18260299226721],[14.897471999999999,38.18593999226889],[14.907074,38.18768999226974],[14.935312999999997,38.18593999226889],[14.944998000000004,38.18178899226678]]],[[[12.749360000000003,38.18207399226693],[12.760916000000002,38.1809759922664],[12.766123999999998,38.16266499225715],[12.790782,38.11709199223419],[12.81837,38.07794799221448],[12.828786999999995,38.06989199221041],[12.854778680637143,38.05944990351076],[12.652101080652686,38.092935143616685],[12.656911999999997,38.107366992229316],[12.662446,38.11627799223381],[12.676036000000002,38.11587099223359],[12.691904999999998,38.11212799223169],[12.704599999999997,38.110825992231064],[12.725351999999999,38.12592199223869],[12.725351999577738,38.12592199969283],[12.725352,38.125922],[12.723969,38.150336],[12.71990000101321,38.17548199373848],[12.731781,38.19277599227236],[12.737804,38.1809759922664],[12.749360000000003,38.18207399226693]]],[[[14.994490000000003,40.35843399333245],[14.996756654782965,40.36239825546021],[15.041359901428226,40.225894921248],[15.199469566345213,40.225894921248],[15.431868553161618,40.03173445972953],[15.464658038301401,40.03173445972953],[15.460134051322429,40.02952289546519],[15.459809,40.029364],[15.429602,39.999793],[15.4101,39.99397],[15.360943,39.998891],[15.34316,40.004149],[15.314301,40.033759],[15.302745,40.0362],[15.293305,40.032416],[15.283051,40.029853],[15.272227,40.028754],[15.261241,40.029364],[15.261240999999998,40.036199993178954],[15.279145000000002,40.04767499318447],[15.279144997035317,40.04767499809988],[15.279145,40.047675],[15.263438,40.073717],[15.233897,40.100002],[15.209646,40.111884],[15.189952,40.119127],[15.127208,40.169623],[15.112804,40.174791],[15.095876,40.173082],[15.065684,40.166571],[15.047211,40.168931],[15.034923,40.17536],[15.022804,40.195627],[15.003122,40.210259],[14.975904,40.219313],[14.966319,40.224555],[14.957088,40.23155],[14.938138,40.227839],[14.92213,40.238023],[14.911143,40.241645],[14.906912001319657,40.25861199470796],[14.931894999999995,40.28554899329788],[14.939138,40.30707399330808],[14.93913799878775,40.30707399639739],[14.939138,40.307074],[14.932384000000003,40.324285999999994],[14.932384000000003,40.333725993320726],[14.942149,40.33783599332269],[14.953949,40.33991099332363],[14.964366000000004,40.34515999332613],[14.972910999999998,40.35199599332936],[14.994490000000003,40.35843399333245]]],[[[14.257497999999998,40.55670799342598],[14.262135995988245,40.55398199578264],[14.254975,40.546454],[14.246186,40.543891],[14.237397,40.544501],[14.208344,40.53795],[14.19597400095153,40.541163999752776],[14.198577999999994,40.55849799342688],[14.210133999999998,40.56098099342802],[14.219412000000002,40.56053299342781],[14.257497999999998,40.55670799342598]]],[[[14.83546,40.632636],[14.809744,40.652981],[14.781993,40.669867],[14.752208,40.676703],[14.719981,40.666815],[14.69044,40.649115],[14.678071,40.646633],[14.625743,40.649075],[14.613292,40.645901],[14.5713,40.617743],[14.5442,40.613593],[14.516368,40.619859],[14.486583,40.632636],[14.471365,40.624661],[14.422048,40.615546],[14.401541,40.602118],[14.355805,40.583645],[14.342621,40.570624],[14.329845,40.584459],[14.327973000498567,40.60541399441909],[14.337738000000002,40.62441599345784],[14.359629999999994,40.6326359934617],[14.379731000000005,40.63385699346225],[14.387379999999999,40.6369489934637],[14.398212999999997,40.643841993466964],[14.404799000000004,40.65603299347267],[14.435264913695306,40.6791877681417],[14.893351554870605,40.6791877681417],[14.972249570818692,40.4374359517726],[14.888845,40.573065],[14.861501,40.607164],[14.83546,40.632636]]],[[[13.962413,40.72313099350403],[13.965830997662557,40.715276998871424],[13.958669,40.711819],[13.944672,40.701606],[13.934825,40.705634],[13.91977,40.704495],[13.903494,40.700019],[13.902421283083667,40.69954802366601],[13.901639195771375,40.699204652995945],[13.900076084907665,40.700147393086255],[13.879857512465575,40.71524962907184],[13.861837464218278,40.731905926831864],[13.857400582449811,40.73702443127047],[13.861501,40.744044993513825],[13.870128,40.74872499351604],[13.870127996542974,40.74872499812462],[13.870128,40.748725],[13.867198,40.752631],[13.86280400291445,40.762396993522415],[13.883148999999996,40.762396993522415],[13.946299999999999,40.74518499351432],[13.965830997342064,40.735052994888456],[13.962657,40.728949],[13.962413,40.723131],[13.962413000248487,40.72313099942902],[13.962413,40.72313099350403]]],[[[14.004080003867001,40.76219299566601],[14.007823,40.76426799352327],[14.013113,40.76923199352556],[14.01767,40.77028999352607],[14.021414,40.766953993524524],[14.030691,40.76426799352327],[14.035329992990045,40.75983300022286],[14.030203,40.759996],[14.027192,40.75967],[14.021821,40.757188],[14.021821003011238,40.757187994911455],[14.021820999999997,40.75718799351993],[14.025889996254826,40.75031199984556],[14.019949,40.750067],[14.01352,40.747545],[14.013520001984267,40.747544994293854],[14.013520000000002,40.747544993515454],[14.017099997385262,40.737250001029835],[14.01059,40.739814],[14.00587,40.746894],[14.004731,40.746934],[14.003835,40.74372],[14.000987002137201,40.7439639998169],[14.003428999999999,40.75116599351717],[14.00644,40.759547993521075],[14.006439998340674,40.759547995380785],[14.00644,40.759548],[14.004080003867001,40.76219299566601]]],[[[15.288422,43.825507],[15.261241,43.839789],[15.247895,43.849026],[15.233409,43.862209],[15.227794001918461,43.87445699581526],[15.240733,43.88076399488266],[15.261241000000002,43.867091994877114],[15.266368,43.85700099487305],[15.342458999999996,43.81183499485483],[15.35434,43.80035999485013],[15.367360999999999,43.790106994846006],[15.395680955337863,43.77240602275425],[15.386974,43.776842],[15.327973,43.796332],[15.30893,43.805609],[15.288422,43.825507]]],[[[15.309581,43.958441],[15.302745,43.966376],[15.29713,43.978095],[15.270193,44.000312],[15.26124100426662,44.01105399488025],[15.280284,44.01080999493483],[15.296397000000002,44.005600994932756],[15.349945999999996,43.976303994921004],[15.378591000000002,43.97166599491913],[15.384044,43.970159994918525],[15.386566999999998,43.96442299491624],[15.389414999999993,43.94765899490949],[15.391612,43.94220599490735],[15.397634000000002,43.937200994905346],[15.411142999999992,43.93292899490359],[15.417594618696706,43.929737762856824],[15.401480084374446,43.904824143906524],[15.397716,43.908108],[15.372081,43.913886],[15.358653,43.919379],[15.349946003090757,43.929144996533324],[15.354340000000004,43.931463994903034],[15.356780999999996,43.93536999490459],[15.356780997349302,43.93536999575845],[15.356781,43.93537],[15.343516,43.939643],[15.32545,43.948432],[15.309581,43.958441]]],[[[15.169687999999999,43.89496499488833],[15.175547999999996,43.89093699488673],[15.183441999999998,43.88694899488514],[15.191090999999998,43.88751899488532],[15.196788000000002,43.88637899488485],[15.199066998963126,43.87763099886144],[15.194509,43.872626],[15.184581,43.877102],[15.175141,43.884263],[15.172374,43.887519],[15.136485,43.903022],[15.121349,43.912584],[15.106619,43.925442],[15.066905,43.96955],[15.042817,43.990424],[15.003103,44.052314],[14.983084,44.066311],[14.955089,44.075588],[14.95469222386739,44.07589261643344],[14.89269138150036,44.12349323139919],[14.885007824374094,44.15792361497153],[14.939138,44.12714299498123],[14.944183999999998,44.120265994978496],[14.948741000000002,44.11115099497483],[14.954437999999996,44.10321699497166],[14.962656999999998,44.09983999497034],[14.976328999999998,44.09666599496906],[14.985117999999996,44.09096899496682],[14.993825999999997,44.08783599496557],[15.00733499717013,44.09300399388507],[15.002778,44.083157],[15.000499,44.079413],[15.000499002881874,44.079412999696615],[15.000499,44.0794129949622],[15.014415,44.07794799496162],[15.022715999999999,44.072210994959356],[15.026702999999998,44.06232299495539],[15.027842999999999,44.048650994949945],[15.031912,44.03636299494508],[15.041351999999996,44.02643499494108],[15.088226999999996,43.98965099492636],[15.099131999999999,43.98509299492453],[15.113779999999997,43.98379099492403],[15.116953999999996,43.978826994922024],[15.144541999999994,43.94965199491033],[15.216806999999996,43.91278699489556],[15.220224998594341,43.90118999966016],[15.195486,43.895209],[15.145518,43.923896],[15.133311,43.92121],[15.13331100520889,43.921209996045036],[15.133311000000004,43.92120999489889],[15.137705999999996,43.91787299489756],[15.140309999999994,43.91303099489562],[15.144541999999994,43.90810799489361],[15.169687999999999,43.89496499488833]]],[[[15.072926999999996,44.08075599496278],[15.083506999999999,44.07750099496147],[15.100108,44.06850799495787],[15.107514,44.060247994954565],[15.108489999999998,44.05402299495208],[15.142099999999996,44.027532994941495],[15.147227,44.025620994940745],[15.158294999999999,44.00332299493183],[15.1594339984142,43.99892800104907],[15.077566,44.053087],[15.073090000358837,44.06118399935087],[15.073740999999993,44.06915899495811],[15.073740999651159,44.06915899572656],[15.073741,44.069159],[15.070730001129268,44.07579199751231],[15.072926999999996,44.08075599496278]]],[[[15.157562999999996,44.28034099504178],[15.165049999999999,44.26121699503425],[15.176488538785017,44.250059569520616],[15.19718163881199,44.15635992522989],[15.196951,44.15648],[15.144542002681193,44.19546099800577],[15.160410999999998,44.21320199501533],[15.160410998690397,44.21320199853591],[15.160411,44.213202],[15.152192,44.235297],[15.131521,44.254625],[15.110362003705713,44.2643499982968],[15.122243999999997,44.27480699503961],[15.140635999999999,44.282456995042615],[15.157562999999996,44.28034099504178]]],[[[15.119802,44.296209995048045],[15.121348999999999,44.29543699504772],[15.127371,44.292506995046615],[15.133962000000006,44.29144899504613],[15.137217997313476,44.288315997629994],[15.134451,44.285875],[15.125173,44.282782],[15.116873,44.281684],[15.115245,44.286038],[15.110606,44.29149],[15.08782,44.298936],[15.081309,44.297756],[15.076345,44.29442],[15.073741,44.288967],[15.069347,44.285875],[15.058116,44.285631],[15.043468,44.289659],[15.030447,44.298122],[15.025483000890453,44.31508999695624],[15.030934999999994,44.32672799506004],[15.045501999999995,44.32566999505963],[15.049653000000001,44.32245499505836],[15.056651,44.32090899505776],[15.065603,44.32078699505769],[15.071868999999996,44.31846799505682],[15.078297999999997,44.31293399505461],[15.086111,44.30878299505297],[15.097341,44.30971899505333],[15.111827,44.30284299505066],[15.119802,44.296209995048045]]],[[[14.595063002797133,44.347112994108834],[14.613455000000002,44.34080599506556],[14.643565000000002,44.325750995059614],[14.648309411035774,44.321201705678874],[14.641252150347405,44.317660742027876],[14.635458182803939,44.31530348635686],[14.60079500409237,44.33781833463606],[14.598888,44.339057],[14.595063002797133,44.347112994108834]]],[[[14.774181,44.352484],[14.756196000861499,44.36399999944837],[14.757823000000004,44.37225999507783],[14.768239999999997,44.384222995082524],[14.768239999355565,44.38422299925992],[14.76824,44.384223],[14.763438000717377,44.415350995349755],[14.767099999999997,44.416652995095205],[14.771657999999999,44.41787299509574],[14.782887999999998,44.41893099509611],[14.79477,44.41449599509441],[14.803232999999995,44.405503995090875],[14.805023999294148,44.3957379989359],[14.799653,44.387641],[14.796723,44.381293],[14.796723000920116,44.38129299707486],[14.796722999999998,44.381292995081374],[14.797862000000002,44.37767199508003],[14.805674999999999,44.3678249950761],[14.811208998734777,44.35004299913463],[14.801036,44.343085],[14.785167,44.346869],[14.774181,44.352484]]],[[[14.716319,44.36814999507627],[14.718817211765538,44.366199278970406],[14.713670313979389,44.36169183979835],[14.704985037643718,44.355348761744686],[14.702837091203776,44.35635378166598],[14.70102,44.357204],[14.697195,44.357571],[14.692963,44.359849],[14.690196,44.367825],[14.689464,44.37462],[14.679861,44.388699],[14.667572,44.392198],[14.661469001446974,44.39980699819597],[14.66505,44.407496995091655],[14.672293,44.41225799509347],[14.687103999999994,44.40912499509229],[14.701670999999996,44.40159699508936],[14.704355998681716,44.396266997704174],[14.701996,44.392157],[14.700857,44.387152],[14.700857000412238,44.3871519968952],[14.700856999999997,44.38715199508373],[14.702078000000002,44.37795599508011],[14.707204999999995,44.372625995078],[14.716319,44.36814999507627]]],[[[14.888357000000001,44.45624399511069],[14.946299999999995,44.419134995096215],[14.955169999999999,44.413356995093956],[14.962575998678084,44.4043639966956],[14.960867,44.400092],[14.957042,44.403713],[14.954112,44.407782],[14.946137,44.40762],[14.93336,44.410712],[14.892914,44.44184],[14.886892000999635,44.451401998412734],[14.888357000000001,44.45624399511069]]],[[[14.315522000000003,44.50824599513095],[14.316172999999996,44.510117995131644],[14.320810991034673,44.5091819969406],[14.308767,44.505072],[14.304373,44.498277],[14.298676,44.496405],[14.289317,44.505764],[14.282400002075503,44.52228399504304],[14.290538000000002,44.52191799513621],[14.302012999999999,44.51817499513474],[14.307872000000001,44.51089099513199],[14.311208999999998,44.509466995131426],[14.315522000000003,44.50824599513095]]],[[[14.256358000252837,44.64240099583439],[14.256358000000002,44.64240099518283],[14.256683999999995,44.63702999518075],[14.259043999999996,44.63410099517961],[14.261894707587969,44.63042554926821],[14.261524272447126,44.61267146966235],[14.258822871930661,44.61388251927854],[14.252208,44.616848],[14.239757,44.619859],[14.232595000489225,44.62604399957751],[14.233571999999999,44.63483299517993],[14.235606000000004,44.64223899518273],[14.244151000000002,44.66144399519012],[14.262872516659247,44.67706933087699],[14.262508771588909,44.65975492099152],[14.260916,44.659491],[14.259451,44.658189],[14.257335,44.656724],[14.256847,44.653062],[14.256847000449607,44.653061998560815],[14.256847,44.653061995186924],[14.258473999166648,44.64785399785243],[14.256358,44.642401],[14.256358000252837,44.64240099583439]]],[[[14.699474001929822,44.81305599408161],[14.715831000000001,44.803167995244415],[14.719981000000002,44.79877399524273],[14.726817000000002,44.79877399524273],[14.72681699692701,44.798774],[14.726817,44.798774],[14.714122,44.818427],[14.705821,44.82685],[14.692068,44.833482],[14.689789,44.836737],[14.685802001889412,44.84715399506346],[14.706798,44.84495699526033],[14.726816999999993,44.84027699525853],[14.726816996386665,44.840277000844715],[14.726817,44.840277],[14.724132,44.844428],[14.719981001976409,44.8546409951373],[14.739023999999999,44.853419995263565],[14.753266,44.84585199526073],[14.756113998857098,44.83567899933927],[14.740489,44.826646],[14.740488999999998,44.82664599525337],[14.740488999999993,44.82050199525101],[14.748056999999998,44.81679899524968],[14.787363999999998,44.78925199523913],[14.811534000000002,44.77920199523532],[14.822438999999997,44.77142999523232],[14.851247999999996,44.73729099521923],[14.859059998818356,44.71735299822741],[14.84962,44.703192],[14.821462,44.720649],[14.77296,44.760321],[14.740489,44.778266],[14.740488999999998,44.77826599523491],[14.740488999999998,44.77049399523197],[14.742930999999999,44.765773995230134],[14.75407997789858,44.757758011117765],[14.740896,44.76439],[14.724946,44.767646],[14.709972,44.76789],[14.699474,44.765204],[14.65788800549561,44.79877399556371],[14.670420999999996,44.79950599524306],[14.682872000000001,44.79877399524273],[14.694834999999998,44.796453995241826],[14.705739999999999,44.79254799524041],[14.705739999999999,44.792548],[14.70574,44.79877399524273],[14.70574,44.798774],[14.702322,44.802151],[14.701427,44.804348],[14.701345,44.807318],[14.699474001929822,44.81305599408161]]],[[[14.893891,44.750963],[14.887462,44.768378],[14.8838,44.788764],[14.881358000159189,44.844061996395276],[14.883799999999997,44.86147699526667],[14.905283999999995,44.924627995290614],[14.914886999999997,44.939926995296396],[14.918118567805829,44.94896093544516],[14.911284959409786,44.67910371638398],[14.901487973181368,44.690049130679014],[14.901378,44.690172],[14.883800001593858,44.72361899696725],[14.895192999999995,44.736150995218814],[14.895192999616775,44.73615099957846],[14.895193,44.736151],[14.893891,44.750963]]],[[[13.972667008657277,44.901108995103485],[13.972666999999998,44.901108995281696],[13.980723999999999,44.89655199527995],[13.98585,44.89207599527825],[13.993011996861117,44.881293],[13.986176,44.881293],[13.986175999999997,44.881292995274144],[13.986176,44.8750669952718],[13.993012000000002,44.8750669952718],[13.993012,44.867621],[13.98585,44.864163],[13.981293,44.859809],[13.972667,44.847154],[13.972667000894006,44.84715399657274],[13.972666999999998,44.847153995261166],[13.974620000000002,44.8396669952583],[13.976328999856024,44.83746999544256],[13.976248,44.834906],[13.972667,44.826646],[13.97266700209273,44.82664600008051],[13.972666999999998,44.82664599525337],[13.983246,44.82705299525349],[13.989431,44.82509999525278],[13.993987999999996,44.82050199525101],[14.000010996258583,44.813055999873576],[13.963878,44.811835],[13.9463,44.813788],[13.931651,44.820502],[13.929698,44.816352],[13.929535,44.815253],[13.924815,44.813056],[13.918712,44.829047],[13.909679,44.830959],[13.899587,44.829047],[13.890147,44.833482],[13.883149,44.826646],[13.883149003708684,44.8266459988762],[13.883148999999998,44.82664599525337],[13.893891000000002,44.82339099525214],[13.904306999999998,44.81728799524981],[13.909352998727892,44.80898699733933],[13.90447,44.798774],[13.904470001213948,44.79877399778175],[13.904470000000002,44.79877399524273],[13.913421999999997,44.7824159952365],[13.917978996352328,44.7782659985568],[13.903168,44.772406],[13.89942500009029,44.78196799976935],[13.899749999999997,44.79828499524257],[13.899749999914349,44.79828499569979],[13.89975,44.798285],[13.896983,44.813056],[13.889659,44.817084],[13.860037,44.82567],[13.849132002815471,44.82664599974801],[13.851248,44.83002399525466],[13.853851999999995,44.83706299525731],[13.855967999999995,44.84027699525853],[13.855967997165832,44.84027699569517],[13.855968,44.840277],[13.852794,44.840766],[13.845551,44.840155],[13.842296004543906,44.84027699982969],[13.849132,44.847153995261166],[13.849131997744731,44.847153997731205],[13.849132,44.847154],[13.842296,44.854641],[13.831391,44.852729],[13.815684,44.856594],[13.799327,44.864569],[13.78712000279515,44.87506699759618],[13.794606999999996,44.881292995274144],[13.804860999999999,44.870591995270125],[13.819590999999997,44.867661995268996],[13.833750999999996,44.87335799527114],[13.842296,44.88812899527672],[13.84229599696921,44.88812899476093],[13.842296,44.888129],[13.815278,44.883531],[13.804861,44.885403],[13.794607,44.894965],[13.794606999999997,44.901108995281696],[13.798676000000002,44.90395699528276],[13.801596024334449,44.90801620011831],[13.943220138549803,44.90801620011831],[13.945749282836916,45.038776393038724],[14.040355782478901,45.038776393038724],[14.044118999087635,45.027166998143905],[14.044118999358162,45.02716699730934],[14.039887,45.009426],[14.039887000777439,45.00942599858171],[14.039886999999998,45.009425995322594],[14.044281000000002,45.001409995319584],[14.054697999999998,44.99652699531772],[14.064138,44.99575399531749],[14.071543999999992,44.993353995316546],[14.075693998446882,44.983709998922144],[14.064789,44.976142],[14.050792,44.956488],[14.044444,44.951402],[14.040294,44.956366],[14.034679,44.956366],[14.034679002747021,44.95636599530259],[14.034679,44.95636599530259],[14.038747999999998,44.94940799529996],[14.040211999659366,44.94106699723754],[14.039073,44.93183],[14.034679,44.922309],[14.026622,44.924058],[14.022472,44.923489],[14.022472000262091,44.923488995326046],[14.022471999999999,44.923488995290114],[14.022633999999998,44.920599995289095],[14.027843,44.91543199528707],[14.027843,44.908637],[14.022716,44.908271],[14.021495,44.907375],[14.021495000468322,44.90737499562772],[14.021494999999998,44.90737499528405],[14.021738999625716,44.905096998777516],[14.020518,44.901109],[14.01059,44.90526],[13.988455,44.900784],[13.972667,44.901109],[13.972667008657277,44.901108995103485]]],[[[13.735444001633049,44.92393599583076],[13.740976999999996,44.92576699529104],[13.747895000000002,44.92511599529077],[13.758393000000002,44.92039599528897],[13.761647999999997,44.9206809952891],[13.773854999999998,44.91526899528702],[13.778331000000001,44.91079299528536],[13.779551999224134,44.905014998954734],[13.77768,44.902493],[13.765066,44.901842],[13.761078,44.90351],[13.7588,44.900662],[13.758067,44.89407],[13.756114,44.889919],[13.752045,44.88699],[13.747325,44.8876],[13.746186000533994,44.89174999805437],[13.747,44.895981995279726],[13.746999999427718,44.89598199702469],[13.747,44.895982],[13.745372000903284,44.900945997245756],[13.747,44.904485995282954],[13.750742999999998,44.90770099528418],[13.750742999489281,44.90770099956133],[13.750743,44.907701],[13.750092,44.913153],[13.744721,44.917711],[13.73699,44.919989],[13.735444001633049,44.92393599583076]]],[[[14.773284999999996,44.933660995294034],[14.780121000000001,44.93276599529366],[14.807057999999996,44.92047799528904],[14.828786999999993,44.90338799528251],[14.831390999999995,44.8983009952806],[14.835784998186012,44.88682700001306],[14.830089,44.886868],[14.778575,44.908474],[14.767996,44.917792],[14.767914,44.928533995292064],[14.773284999999996,44.933660995294034]]],[[[14.39031,44.96039499530412],[14.398667959561013,44.95379212824495],[14.389915361677398,44.9573485208172],[14.39031,44.96039499530412]]],[[[14.545827999999993,44.96804399530699],[14.547536999128248,44.960882998957075],[14.542979,44.95543],[14.53476,44.955675],[14.5171,44.962592],[14.512706,44.966417],[14.490326,44.977729],[14.48576900346933,44.98362899550822],[14.527680000000002,44.98598899531379],[14.545827999999993,44.96804399530699]]],[[[14.068858000665823,44.94953],[14.071624999999996,44.96906199530742],[14.079600000000001,44.977931995310776],[14.083832,44.98639599531391],[14.08383199890125,44.986395997802504],[14.083832,44.986396],[14.075694,45.004828],[14.054535,45.018459],[14.051524000656348,45.02602799835008],[14.053070999999996,45.03314899533153],[14.053070999474597,45.03314899758153],[14.053071,45.033149],[14.051931,45.038031],[14.042663757701238,45.038776393038724],[14.159930934667166,45.038776393038724],[14.16618899963112,45.01894799649496],[14.163748,44.995754],[14.151378,44.977484],[14.139903,44.97134],[14.131847,44.972073],[14.124197,44.975409],[14.113292,44.977484],[14.101329,44.97427],[14.089692,44.966498],[14.080414,44.957261],[14.075694,44.94953],[14.068858000665823,44.94953]]],[[[14.411387997042567,44.95636599724],[14.411388,44.956366],[14.391449,44.969428],[14.37672,44.986884],[14.34669,45.047553],[14.340831,45.055609],[14.287446,45.10106],[14.278494,45.113349],[14.277680000232746,45.12799699581172],[14.288585,45.14882999537488],[14.299571,45.162339995379874],[14.313649999999999,45.172430995383635],[14.331879000000002,45.175848995384975],[14.356212000000003,45.169256995382504],[14.36410599963446,45.157619995917],[14.360525,45.117621],[14.360525000223989,45.11762099786505],[14.360525000000006,45.11762099536321],[14.363047999999996,45.093572995354215],[14.369640000000002,45.075506995347425],[14.387705999999996,45.03904899533373],[14.412282999999999,45.003647995320435],[14.417654000000004,44.99799199531836],[14.430837,44.9903019953154],[14.453867999999996,44.987981995314506],[14.466074999999995,44.98370999531293],[14.473480999468311,44.97142199619043],[14.471039,44.953925],[14.462576,44.935981],[14.462455236963958,44.935826129703706],[14.457745556587263,44.92978647171115],[14.405608253715078,44.95097209146387],[14.411388000000002,44.95636599530259],[14.411387997042567,44.95636599724]]],[[[14.536052036570574,45.16502638629016],[14.52741357480604,45.13910535968882],[14.52125100177238,45.14882999720315],[14.534190000000006,45.16217699537987],[14.536052036570574,45.16502638629016]]],[[[14.548838999999997,45.24872499541202],[14.563323999999996,45.249741995412414],[14.564196230909122,45.24941490882137],[14.541248753914823,45.18061559435843],[14.539399,45.186835],[14.535899000468328,45.19415899901999],[14.536876,45.20172799539458],[14.548025,45.210272995397766],[14.549814999999999,45.22142199540191],[14.549814999697327,45.2214219981148],[14.549815,45.221422],[14.548839,45.23017],[14.543793,45.235745],[14.534353004773081,45.23753499909493],[14.548838999999997,45.24872499541202]]],[[[14.574383131670611,45.27993612401631],[14.571359367448617,45.270877857445655],[14.568614001803956,45.27594599666977],[14.574383131670611,45.27993612401631]]],[[[13.540538000307142,45.35675699554391],[13.54053800136167,45.35675699585967],[13.54500526902102,45.35809463300366],[13.544733885627924,45.34175449981916],[13.542854545083387,45.344132234711786],[13.54127,45.346137],[13.540538000307142,45.35675699554391]]],[[[13.711762002435322,45.593206998129205],[13.711915000892064,45.593369768026236],[13.71191013544365,45.59309320353727],[13.711762002435322,45.593206998129205]]],[[[17.330576999999998,31.086492988668162],[17.365896,31.086614988668206],[17.375011000000004,31.08307498866656],[17.382009,31.07876198866454],[17.41661200075856,31.063075786325292],[17.317678379466848,31.088940777071965],[17.330576999999998,31.086492988668162]]],[[[20.61973636852032,37.86470229603409],[20.619714371375192,37.864210726017056],[20.61947700401617,37.86440699667917],[20.61973636852032,37.86470229603409]]],[[[15.579640124395773,38.236491359739574],[15.18706887717061,38.16637666946099],[15.203298000000002,38.18329499226756],[15.240732999999997,38.24115599229663],[15.240732998089928,38.24115599704771],[15.240733,38.241156],[15.237641,38.248847],[15.236095001855722,38.251043997362856],[15.23699,38.25348499230286],[15.240732999999997,38.261663992306964],[15.24073299748617,38.26166399450692],[15.240733,38.261664],[15.23715300878884,38.26479699230854],[15.243175,38.26479699230854],[15.246348998984153,38.254339995650085],[15.240733,38.230292],[15.240733001086125,38.230291996942036],[15.240732999999997,38.23029199229118],[15.245372000000001,38.21723099228463],[15.257578999999996,38.210190992281085],[15.274181,38.20750599227974],[15.29184,38.20701699227946],[15.321056000000004,38.21088299228141],[15.399668999999998,38.23257099229234],[15.421886000000004,38.244573992298406],[15.433767000000001,38.253159992302706],[15.472911000000002,38.26780799231005],[15.512869000000002,38.29759299232501],[15.528656000000002,38.3026389923275],[15.559254999999999,38.30011599232624],[15.615977,38.2802189923163],[15.651621997152002,38.27529499270718],[15.648285,38.26675],[15.642426,38.262274],[15.634451,38.260932],[15.624278,38.261664],[15.583751,38.240424],[15.583509957122732,38.24019340077321],[15.579640124395773,38.236491359739574]]],[[[20.715831,38.371527],[20.715831,38.377671992365165],[20.715831,38.377672],[20.702159013935105,38.38515899236892],[20.722504,38.38515899236892],[20.722503992594213,38.385159],[20.722504,38.385159],[20.715831009528987,38.39203499018113],[20.728037999999998,38.389227992370955],[20.73878,38.384262992368434],[20.757497986606097,38.371527001475506],[20.752696,38.372056],[20.737559,38.371527],[20.73755900170443,38.371526992421664],[20.737559000000005,38.3715269923621],[20.74366299999999,38.34438699234847],[20.750010999999994,38.33470299234364],[20.763682000000003,38.33051199234152],[20.763682,38.323065],[20.736572806435905,38.320106150475894],[20.695177182895954,38.34343985414537],[20.695323,38.34357299234809],[20.6953229956861,38.3435729960612],[20.695323,38.343573],[20.680431,38.356391],[20.667328,38.371527],[20.647634,38.405666],[20.645763,38.413275],[20.643077,38.436021],[20.640147,38.446601],[20.632579,38.452379],[20.621349,38.458401],[20.614513001828488,38.46710799767106],[20.619477000000003,38.48139099241705],[20.635509000000003,38.472967992412855],[20.644216,38.47866399241572],[20.65447,38.5018579924273],[20.671886000000004,38.49754499242518],[20.67408299906662,38.485011997743456],[20.668142,38.470649],[20.661143,38.460883],[20.66114300567404,38.460883000324046],[20.661143000000003,38.460882992406816],[20.678233,38.46185899240729],[20.68922,38.45799399240539],[20.69809,38.45209399240243],[20.708994998039604,38.446600993387186],[20.702891,38.426011],[20.69516,38.408677],[20.674815,38.377672],[20.67481500378222,38.377671998129124],[20.674815000000002,38.377671992365165],[20.682384000000003,38.3739279923633],[20.692393000000003,38.37132399236201],[20.703868000000007,38.3705099923616],[20.715831,38.3715269923621],[20.715831,38.371527]]],[[[20.602306,38.626776],[20.58546,38.617906],[20.576182,38.607978],[20.56544,38.593695],[20.55128,38.569525],[20.544607000097272,38.569525],[20.544932,38.59471299247364],[20.562348,38.69122999252178],[20.581227999999996,38.72435099253823],[20.585459999999994,38.74457399254823],[20.602549999999997,38.781723992566775],[20.612153000000003,38.78583399256875],[20.620290999999998,38.79559999257362],[20.633310999999996,38.816554992584],[20.645274,38.828191992589765],[20.66391,38.841009992596156],[20.686290000000003,38.8500839926006],[20.688649999999996,38.846502992598836],[20.69019599999999,38.84137599259627],[20.702158999999995,38.83698199259412],[20.717783999999998,38.822698992587014],[20.721934,38.807358992579466],[20.722910999999996,38.79315799257241],[20.729339998111154,38.78172399592609],[20.723888,38.769965],[20.72388800039232,38.769964993407065],[20.723887999999988,38.76996499256087],[20.724456999999997,38.76040299255614],[20.727549999999994,38.752142992552],[20.72934,38.74457399254823],[20.72974699972702,38.73582599841153],[20.728852,38.730618],[20.725108,38.724677],[20.701508,38.697984],[20.696951,38.689846],[20.696951001307912,38.68984599485675],[20.696950999999995,38.68984599252104],[20.698741,38.68280699251755],[20.706065000000002,38.68040599251634],[20.71078500000001,38.688055992520205],[20.715505,38.69912299252567],[20.722504,38.707260992529704],[20.7238879997303,38.69244999540852],[20.720714,38.638414],[20.715994,38.627021],[20.709483,38.625678],[20.702159,38.638414],[20.695323,38.638414],[20.695323003393078,38.63841399249545],[20.695322999999995,38.63841399249545],[20.697438999999992,38.6337339924931],[20.702158997245775,38.61790600172122],[20.698253,38.620347],[20.687836,38.624742],[20.687185,38.617255],[20.685313,38.613267],[20.683116,38.610012],[20.681651,38.604234],[20.664806,38.610907],[20.648936,38.608588],[20.64088,38.600572],[20.640880002944076,38.600571995406035],[20.64088,38.60057199247658],[20.647634,38.59003299247133],[20.647634,38.583808],[20.636974,38.584662],[20.63087,38.588324],[20.629242001190107,38.594874995211065],[20.633311,38.604233992478434],[20.633310996918116,38.60423399291144],[20.633311,38.604234],[20.613617,38.607001],[20.602306,38.626776]]],[[[20.239513,39.133328],[20.233897,39.136868],[20.227387,39.140815],[20.224241244902345,39.1405420391815],[20.217111142955353,39.144290469332894],[20.215099001902857,39.14793499655341],[20.217459000000005,39.152654992750044],[20.22877,39.15635799275186],[20.231375,39.15387599275065],[20.235198999999998,39.14976599274857],[20.237558999999997,39.14858599274802],[20.24545299999999,39.140122992743876],[20.258310991569537,39.13287999748922],[20.247244,39.129584],[20.24354044838147,39.13039592325847],[20.241800108851425,39.13131087650781],[20.239513,39.133328]]],[[[20.140391000000005,39.24168499279373],[20.155609999999996,39.22850199278727],[20.173349999999996,39.21723099278175],[20.190115000000006,39.202622992774536],[20.201914996235587,39.17963300009749],[20.181488,39.180162],[20.168712,39.182807],[20.158702,39.189154],[20.138438,39.209296],[20.128103,39.223131],[20.1253360014312,39.23602899332865],[20.140391000000005,39.24168499279373]]],[[[20.215586999999996,39.49493999291756],[20.232921,39.49420799291719],[20.245371999999993,39.49164499291594],[20.250118889261522,39.49200380362855],[20.263843860488024,39.46083015559199],[20.254242,39.468817],[20.215587,39.488715],[20.215586999999996,39.49493999291756]]],[[[19.531668,39.756252],[19.523692,39.759182],[19.519949,39.765733],[19.515717,39.77086],[19.510183002123412,39.77708599761106],[19.513520000000003,39.78424699305781],[19.530935,39.76996499305089],[19.53850299626089,39.75962999815206],[19.531668,39.756252]]],[[[19.583507,39.879543],[19.575206,39.8758],[19.5656030026535,39.89122099573887],[19.574554999999997,39.90009199311361],[19.579763,39.89809799311268],[19.594573998873997,39.89101799364754],[19.59254,39.879543],[19.583507,39.879543]]],[[[17.934982542496837,40.16817858161382],[17.926036,40.176256],[17.919607,40.190741],[17.919536103067557,40.19408656875789],[17.939084684449817,40.164474950949895],[17.934982542496837,40.16817858161382]]],[[[19.275401,40.482367],[19.269949,40.492418],[19.265636,40.49901],[19.261241001720954,40.50551999745087],[19.264008,40.51202999340498],[19.270925,40.51333199340559],[19.274913,40.506943993402615],[19.278331,40.504176993401266],[19.281911999999995,40.502264993400374],[19.287607999999995,40.49949799339906],[19.29183999855778,40.49432999515782],[19.288992,40.484768],[19.286388,40.475002],[19.285492,40.473782],[19.278656,40.475002],[19.275401,40.482367]]],[[[19.377777999999996,40.81297399354595],[19.38907273470721,40.81546185559032],[19.37259399874362,40.806706517493254],[19.377777999999996,40.81297399354595]]],[[[19.445486,41.03070699364699],[19.456391,41.10667599368205],[19.456390999370974,41.10667599561792],[19.456391,41.106676],[19.451182,41.122707],[19.445486,41.129462],[19.44117300058784,41.137355998924086],[19.441904999999995,41.143865993699166],[19.455368289488515,41.14846301877329],[19.484440338476375,40.96281511105602],[19.479708640940576,40.954004393715046],[19.479666,40.953925],[19.453868,40.923977],[19.453461,40.928371],[19.447765003523358,40.93431199632509],[19.458507,40.94261299360623],[19.469981,40.95673199361276],[19.477224000000007,40.97500199362122],[19.47722399945248,40.975001998618914],[19.477224,40.975002],[19.474946,40.995795],[19.469981,41.000718],[19.453787,41.005845],[19.447765,41.009467],[19.440603000647886,41.02065699898773],[19.441254,41.02602799364486],[19.445486,41.03070699364699]]],[[[19.44092900710585,41.585394993180515],[19.471488628699863,41.58229898984406],[19.46355780328061,41.559984959339104],[19.451996,41.574774],[19.44092900710585,41.585394993180515]]],[[[15.489105999999996,42.12453799414104],[15.492849,42.1238469941407],[15.496754998477716,42.11603399718223],[15.492117,42.107449],[15.484711,42.101426],[15.477712000300569,42.10411199988465],[15.478200999999999,42.11347099413613],[15.483816000000001,42.11855699413835],[15.485932000000002,42.12075399413933],[15.489105999999996,42.12453799414104]]],[[[17.910899,42.705105],[17.905447,42.700588],[17.8450630021325,42.73208199888777],[17.845875999999997,42.73379099440581],[17.850759,42.733994994405904],[17.85075899722148,42.73399499988392],[17.850759,42.733995],[17.847911,42.73961],[17.840343,42.746609],[17.836681003034673,42.75307899463836],[17.848237,42.75393299441444],[17.898692,42.732936994405456],[17.912608,42.72146199440055],[17.915862998655957,42.71320199780767],[17.910899,42.705105]]],[[[17.70500133941393,42.88639830990059],[17.691212983177792,42.88271643481679],[17.678722,42.879381],[17.676717691828618,42.88029320453029],[17.66330355282078,42.88639830990059],[17.70500133941393,42.88639830990059]]],[[[17.01531,42.928616],[17.00355152834425,42.92808546965076],[17.000919942609,42.9286730238455],[16.975115215391043,42.93667537511395],[16.950648575576235,42.94659961244462],[16.927743567518167,42.95835539431959],[16.907475673291952,42.971283302258584],[16.915538,42.97451399450829],[17.032074,42.98261099451173],[17.111094999999995,42.96430099450397],[17.131847,42.96954999450621],[17.148691999999997,42.95258199449902],[17.164317,42.94147399449431],[17.200205996645888,42.92177999632647],[17.19337,42.914293],[17.174327,42.922024],[17.153087,42.921129],[17.107432,42.914293],[17.01531,42.928616]]],[[[16.878429,43.15883999458587],[16.896739,43.15477099458421],[16.958751,43.15241099458317],[17.018565000000002,43.1408549945784],[17.109874000000005,43.143784994579555],[17.155284,43.14032599457815],[17.193369984173763,43.127265],[16.943248,43.127265],[16.693126,43.127265],[16.670177,43.125474],[16.559825,43.142971],[16.55923409409529,43.14313552021324],[16.545818795210256,43.14687073513787],[16.53034954708451,43.1550122786951],[16.508833756049437,43.16914799582335],[16.48942643415266,43.18495928248868],[16.472315876503654,43.20229370766347],[16.465507669007554,43.210981065524386],[16.49643,43.218084994610685],[16.52702899999999,43.20429099460492],[16.554942,43.187933994598104],[16.583262999999995,43.1886659945984],[16.583262993232392,43.188665999825076],[16.583263,43.188666],[16.555919,43.209784],[16.529307,43.221625],[16.52051800717082,43.228989993991],[16.535003999999997,43.22772899461473],[16.562754999999996,43.22898999461522],[16.583263,43.21596899460983],[16.587087,43.216253994609936],[16.596934,43.22174699461223],[16.60377,43.22345599461294],[16.616384,43.22353799461296],[16.646007000000004,43.21991599461145],[16.659516,43.21596899460983],[16.66627,43.21084199460766],[16.672537,43.20302999460437],[16.680675,43.19476999460094],[16.693126,43.1886659945984],[16.693613999479844,43.18402699954115],[16.692231,43.182807],[16.689464,43.182807],[16.68629,43.18183],[16.686290006194934,43.1818299965024],[16.68629,43.18182999459552],[16.705821,43.170802994590886],[16.727711999999997,43.16461799458833],[16.751231000000004,43.16193299458721],[16.848155,43.162339994587406],[16.864431,43.16884999459011],[16.878429,43.15883999458587]]],[[[16.348643,43.33869],[16.281749,43.369371],[16.23227,43.384467],[16.207042,43.387274],[16.206391000672223,43.391790995335725],[16.207774,43.393133994683474],[16.210296999999997,43.3932149946835],[16.213227,43.39410999468388],[16.213226994096914,43.39410999819684],[16.213227,43.39411],[16.20338,43.39997],[16.20045000149214,43.40704999639442],[16.205576999999998,43.41290899469165],[16.220063,43.41522899469264],[16.277029,43.41193299469124],[16.298187999999996,43.40363199468784],[16.302745000000005,43.387273994681024],[16.329845,43.38971599468209],[16.348643,43.37832299467733],[16.36671,43.36115099467024],[16.39144899627883,43.346380996885784],[16.375987,43.333441],[16.348643,43.33869]]],[[[16.153005,43.436103],[16.148123,43.43537],[16.145112,43.43126],[16.141449,43.429389],[16.135671,43.429429],[16.129731,43.428005],[16.115001,43.429429],[16.11272200177524,43.4334579968616],[16.121510999999998,43.44415899470457],[16.121510999884713,43.44415899985963],[16.121511,43.444159],[16.121430000116693,43.44778099478203],[16.125742999999996,43.450587994707256],[16.137543000000004,43.44973399470689],[16.13754299868124,43.44973400009544],[16.137543,43.449734],[16.137055,43.451728],[16.134288002281366,43.45599999647778],[16.137543000000004,43.45852299471054],[16.149425,43.45901099471069],[16.165374999999997,43.44973399470689],[16.17042099837114,43.43606199911464],[16.164806,43.43301],[16.153005,43.436103]]],[[[16.310313,43.507757994730795],[16.334157999999995,43.50153199472821],[16.375254996671885,43.49017999564282],[16.370779,43.48432],[16.333344,43.481391],[16.281993,43.487942],[16.267345,43.486884],[16.2588,43.483547],[16.24643,43.481431],[16.230642,43.483222],[16.218272,43.486314],[16.21143600030329,43.49005799983389],[16.211762000000004,43.49555099472572],[16.218922999999997,43.49774799472664],[16.223318,43.497381994726474],[16.229991,43.496160994726],[16.2435,43.49493999472548],[16.252208,43.49994499472756],[16.252207997959893,43.49994499882743],[16.252208,43.499945],[16.248057002300154,43.508286995377524],[16.264415,43.51288499473286],[16.310313,43.507757994730795]]],[[[15.669687999999999,43.655747994791405],[15.678884,43.6480169947883],[15.740407955152623,43.627509009729],[15.681326,43.640326],[15.672048,43.637437],[15.663097,43.645697],[15.61964,43.668931],[15.603770003873885,43.67470899858959],[15.611339000000005,43.682114994802156],[15.615488999999998,43.676987994800044],[15.61964,43.675441994799435],[15.650157000000004,43.673040994798434],[15.661632000000003,43.66547299479536],[15.669687999999999,43.655747994791405]]],[[[15.824067001210473,43.700018995182894],[15.831716000000002,43.70237899481041],[15.836680999999997,43.706487994812065],[15.841645000000002,43.70730199481241],[15.858164999999989,43.69285699480646],[15.861908000000003,43.68935799480508],[15.866383999999998,43.68085399480164],[15.868743999819984,43.670558995582674],[15.868419,43.662584],[15.863373,43.662665],[15.854747,43.672227],[15.82602,43.692247],[15.824067001210473,43.700018995182894]]],[[[15.719249,43.677395],[15.719249000528015,43.67739499574067],[15.719249000000003,43.677394994800224],[15.719818999323529,43.67279700025517],[15.696951,43.681423],[15.69467200215305,43.68545199619366],[15.698578000000001,43.68797399480451],[15.703867999999998,43.68821799480464],[15.703867999509947,43.6882179999774],[15.703868,43.688218],[15.703787,43.689073],[15.683116,43.699693],[15.680105,43.70482],[15.678477,43.710354],[15.673269001568846,43.71385299894597],[15.67449,43.71706799481639],[15.682140000000002,43.7173929948165],[15.689219999999999,43.71572499481582],[15.691579999999998,43.71352799481494],[15.692637999999999,43.70986599481347],[15.707366999999998,43.69948999480921],[15.713552000000002,43.69196199480612],[15.726328997587101,43.69000899517421],[15.722016,43.681383],[15.720551,43.679714],[15.719249,43.677395]]],[[[15.650075999734689,43.789129995099074],[15.649913,43.786119],[15.648611,43.782904],[15.648611001669469,43.78290399896547],[15.648610999999997,43.78290399484308],[15.660166999999998,43.775742994840165],[15.664398999999998,43.77114499483833],[15.666025998427545,43.76646599935856],[15.659841,43.763943],[15.631114,43.77143],[15.608897,43.793809],[15.604828,43.793362],[15.59962,43.794135],[15.580903,43.808743],[15.567638,43.827663],[15.567475000190015,43.8320169949244],[15.571380999999995,43.833278994863484],[15.575693999999997,43.83112199486256],[15.5796,43.827622994861194],[15.581878999999997,43.824570994859954],[15.586274,43.82294299485931],[15.590098999999997,43.82461199485997],[15.590343000000003,43.828273994861476],[15.591319,43.831447994862735],[15.594737,43.831447994862735],[15.598805999999996,43.828151994861386],[15.602794000000005,43.82632099486064],[15.604827999999996,43.82420499485981],[15.606129999999995,43.81675899485681],[15.610037000000002,43.80910899485369],[15.621510999999993,43.803777994851515],[15.627939999999999,43.798203994849274],[15.631847000000004,43.7969019948488],[15.635752999999998,43.7984479948494],[15.640960999999999,43.79783799484916],[15.650075999734689,43.789129995099074]]],[[[22.977224,36.157945],[22.973055911654058,36.159005362639306],[22.970751281083277,36.159591666037564],[23.052626881313913,36.159591666037564],[23.05201316017157,36.144846839393246],[23.052013,36.144843],[23.046886,36.143215],[23.032237,36.144477],[23.014415,36.148342],[23.002452,36.146633],[22.990733,36.13703],[22.987559,36.151557],[22.977224,36.157945]]],[[[22.970063,36.474514],[22.965831,36.47606],[22.951589,36.475246],[22.946544,36.472927],[22.940603,36.466091],[22.931651,36.464748],[22.925059,36.469062],[22.925059000000005,36.47589799139621],[22.929373,36.48411699140047],[22.935395000000003,36.48867399140282],[22.93865,36.48899999140295],[22.94158,36.490993991404004],[22.945893,36.4999049914086],[22.952646999999995,36.50547899141146],[22.962412999999998,36.50991399141374],[22.969819,36.51121699141442],[22.976736,36.50747299141252],[22.982188,36.49941599140837],[22.984873999012766,36.48452399687416],[22.983653,36.480658],[22.983653001541832,36.48065799628049],[22.98365299999999,36.480657991398616],[22.985525,36.476141991396325],[22.98934999898633,36.470444992903175],[22.988455,36.464179],[22.986013,36.458238],[22.978038,36.464301],[22.974213,36.465847],[22.970063,36.474514]]],[[[21.75049900185654,36.71238800101666],[21.756114,36.74111599153285],[21.759532,36.75189899153839],[21.764170999999997,36.753973991539475],[21.780039999999996,36.747503991536114],[21.781585999273737,36.736395996748556],[21.778005,36.720364],[21.777843,36.699368],[21.771658,36.705552],[21.768077,36.708075],[21.765961,36.71133],[21.764171,36.719875],[21.75049900185654,36.71238800101666]]],[[[21.71046,36.761664],[21.702322,36.751939],[21.695811000288867,36.74038300051269],[21.696951000000002,36.775823991550666],[21.700857,36.79108299155853],[21.709483,36.80174399156402],[21.714529,36.79938399156281],[21.718435,36.79657599156137],[21.722829999999995,36.794622991560374],[21.729339999999997,36.79498899156052],[21.729339999999997,36.788764],[21.724946,36.78677],[21.720388,36.783515],[21.716319,36.781317],[21.716319000196133,36.78131699165944],[21.716319,36.78131699155349],[21.716562999808104,36.77094099970831],[21.71046,36.761664]]],[[[21.555592999999995,37.04612899168949],[21.5556749998127,37.04254799986711],[21.553152,37.040758],[21.546641,37.032335],[21.546072000686728,37.037745993469436],[21.549001,37.04535599168911],[21.54900099731112,37.045355993013864],[21.549001,37.045356],[21.543468,37.048082],[21.53728300442082,37.05743999331123],[21.543629999999997,37.059759991696446],[21.552826000000003,37.06439899169885],[21.558685997242673,37.0538189966717],[21.555349,37.049791],[21.555349000512397,37.049790992309866],[21.555349,37.04979099169137],[21.555592999999995,37.04612899168949]]],[[[23.131033,37.24372],[23.118988,37.252834],[23.109141,37.264146],[23.094412005095926,37.27472599633954],[23.101409999999994,37.28095099180971],[23.109547999999997,37.28534599181196],[23.118499999999997,37.28778699181319],[23.128429,37.288397991813525],[23.134288,37.28457299181154],[23.151051999999993,37.27680099180757],[23.158457999999996,37.27138899180485],[23.162445999999996,37.2643499918012],[23.1647239990565,37.25381099616083],[23.162364,37.244208],[23.152029,37.239976],[23.131033,37.24372]]],[[[24.388438,37.384589],[24.388437999999994,37.39081499186581],[24.396820999999996,37.40151599187127],[24.396820998712855,37.40151599835694],[24.396821,37.401516],[24.394786,37.41177],[24.384532,37.416815],[24.367931002293833,37.411933000674566],[24.374848,37.43846299189012],[24.395681000000003,37.456854991899505],[24.419606999999996,37.47158399190698],[24.436208999999998,37.487005991914884],[24.443695999999996,37.487005991914884],[24.44369599999999,37.472723999999964],[24.441173,37.464911],[24.434337,37.450751],[24.430512,37.446031],[24.43051200473765,37.44603099774017],[24.430511999999993,37.44603099189397],[24.469412,37.4274759918845],[24.482676998538906,37.41242099353505],[24.477794,37.390815],[24.46339,37.394477],[24.45281,37.38345],[24.446137,37.36579],[24.443696,37.34984],[24.429698,37.338813],[24.429527866162942,37.338671867976544],[24.42940343427326,37.33856865330027],[24.38695232753427,37.32146048361431],[24.369321909182176,37.315124731425044],[24.37671999999999,37.34495699184239],[24.385589999999997,37.36115099185068],[24.40211,37.370916991855694],[24.40211,37.370917],[24.402109999999993,37.37714299185881],[24.40211,37.377143],[24.397634,37.379299],[24.393321,37.382758],[24.388438,37.384589]]],[[[23.455903,37.512519],[23.43629,37.521796],[23.43629,37.52802199193578],[23.46461,37.53375899193869],[23.475434000000007,37.54083899194226],[23.477306000000002,37.55589399194992],[23.481781,37.55646399195023],[23.483165000000003,37.554998991949475],[23.483165,37.55410399194903],[23.483164999999993,37.55231399194814],[23.484140999999997,37.549057991946455],[23.492034999999998,37.539129991941415],[23.500823999999998,37.53261999193809],[23.511567,37.52903899193625],[23.525645,37.52802199193578],[23.525645,37.521796],[23.506358,37.512844],[23.481212,37.509589],[23.455903,37.512519]]],[[[23.959727,37.642808],[23.95224,37.642157],[23.941091,37.642157],[23.93555700186389,37.645900998738995],[23.938649999999996,37.65709099200145],[23.949228999999992,37.65692799200132],[23.953380000000003,37.65680599200128],[23.959726999999994,37.651393991998525],[23.959727,37.64566999199563],[23.959727,37.642808]]],[[[24.138031,37.75283399205006],[24.143158,37.752711992049946],[24.14576299999999,37.74530699204619],[24.149425,37.73952899204328],[24.151133998775638,37.73407599594716],[24.148774,37.726264],[24.148611,37.722642],[24.144542,37.718329],[24.137136,37.714179],[24.133474,37.706041],[24.131358,37.697211],[24.125906,37.687567],[24.125906000250218,37.687566992459494],[24.125906,37.68756699201688],[24.125986999752598,37.685125999471104],[24.118012,37.668077],[24.113943,37.663398],[24.109955,37.654527],[24.107432,37.651516],[24.107107,37.646715],[24.105154,37.64525],[24.101085,37.650539],[24.09986400076771,37.65940999442231],[24.126393999999994,37.74302799204505],[24.138031,37.75283399205006]]],[[[23.469004999406074,37.70502399970717],[23.469005,37.705024],[23.468272,37.714504],[23.459321,37.723334],[23.446544,37.72724],[23.434418,37.733588],[23.427094,37.747748],[23.42449000072,37.76178599611853],[23.425629000000004,37.76821499205783],[23.546152999999997,37.77439999206096],[23.563161996095676,37.768255993468195],[23.556814,37.757636],[23.544932,37.745063],[23.544932000753484,37.74506299284344],[23.54493199999999,37.74506299204612],[23.546152999210012,37.73346599954337],[23.532074,37.725328],[23.529552,37.714504],[23.529552000323942,37.714503993420905],[23.529552000000002,37.7145039920306],[23.530120999647956,37.70294799917431],[23.525645,37.69245],[23.517345,37.6883],[23.49464,37.683498],[23.484141,37.67886],[23.476573,37.684963],[23.471365,37.688178],[23.457367000000005,37.69245],[23.457367,37.69928599202282],[23.469005000000003,37.70502399202579],[23.469004999406074,37.70502399970717]]],[[[23.753835,37.765163],[23.752126,37.768541],[23.7515570031998,37.76951699451141],[23.752777999999996,37.770452992059],[23.757334999999998,37.77000599205873],[23.757334996051178,37.77000600038735],[23.757335,37.770006],[23.756602,37.771552],[23.75521900294879,37.775132992364696],[23.76352,37.77598699206179],[23.766774997798176,37.76951699643508],[23.763357,37.763983],[23.756602,37.762966],[23.753835,37.765163]]],[[[23.497732,37.966864],[23.485606,37.966254],[23.476817,37.961127],[23.469249,37.955308],[23.46046,37.952541],[23.451834,37.954169],[23.433116,37.96015],[23.422048020988164,37.96002800023135],[23.457367,37.97361899216184],[23.457366990258194,37.97361899625128],[23.457367,37.973619],[23.444184,37.979153],[23.42945401158781,37.987941993085855],[23.440765999999996,37.98883699216949],[23.451508,37.988266992169216],[23.461599000000003,37.98566299216794],[23.47047,37.9804549921653],[23.47266700000001,37.98785999216899],[23.474863999999993,37.98940699216981],[23.474863999999993,37.98940699999999],[23.474863999999993,37.989407007830174],[23.474863999999997,37.98993599217006],[23.474864,37.989936],[23.47047000501686,37.99408599526173],[23.478200999999995,37.99884699217456],[23.486338999999997,38.001206992175774],[23.495291,38.001857992176085],[23.518240000000002,37.99909099217469],[23.530528000000004,37.99457399217243],[23.53687599693694,37.98802299533013],[23.531912,37.980455],[23.531912000963562,37.980454993634325],[23.531912,37.9804549921653],[23.532725000000003,37.975083992162524],[23.534922999999996,37.968206992159054],[23.540862999999995,37.96234799215614],[23.547129994372323,37.95888899526052],[23.545584,37.957587],[23.54558400080803,37.95758699283424],[23.545584,37.957586992153736],[23.546153,37.95254099215115],[23.57349697939527,37.95254099215115],[23.539317,37.939521],[23.539317002663562,37.939520993159185],[23.539316999999997,37.939520992144566],[23.543467997584024,37.928859998344095],[23.521739,37.913967],[23.51824,37.898586],[23.511974,37.898586],[23.501313,37.906073],[23.492035,37.900092],[23.481456,37.889716],[23.467052,37.884223],[23.452403,37.885403],[23.421397,37.892971],[23.408376,37.898586],[23.402110000000004,37.90599199999999],[23.40211,37.90908449212917],[23.402109999999997,37.912176992130725],[23.408946000000007,37.92194199213569],[23.422862,37.93300999214128],[23.439463999999997,37.93960199214463],[23.468515999999997,37.93203399214082],[23.4817,37.94171799214566],[23.492034999999998,37.95628499215307],[23.497731999999996,37.96686399215839],[23.497731995659553,37.96686399194004],[23.497732,37.966864]]],[[[24.40211,37.980455],[24.40172958176129,37.9802027460608],[24.399863056006943,37.97896509811814],[24.400475675552936,37.9888353243596],[24.40210999999999,37.987941992169034],[24.40211,37.98232674216624],[24.40211,37.980455]]],[[[24.279918490603936,38.00289102946571],[24.278998392752452,37.98809180611676],[24.277879730852643,37.98518832684323],[24.277843,37.985093],[24.264985,37.978461],[24.254161,37.981635],[24.239594,37.977729],[24.228689,37.982815],[24.22787500092754,37.98834899369411],[24.242849,38.01296599218169],[24.254080000000002,38.01996499218524],[24.26319399999999,38.018784992184614],[24.275644999999994,38.009181992179776],[24.279918490603936,38.00289102946571]]],[[[24.12753557525897,38.22237776938682],[24.144647414110167,38.22237776938682],[24.148773996205882,38.21320200071917],[24.126231001954373,38.21747499962955],[24.12753557525897,38.22237776938682]]],[[[20.919281,38.579088],[20.909353,38.562934],[20.907563,38.549018],[20.893891,38.549018],[20.893891000000004,38.556463992454574],[20.93214,38.603012992477815],[20.941090992600877,38.60423399146912],[20.919281,38.579088]]],[[[20.898123,38.606024],[20.886974,38.59634],[20.878673,38.584418],[20.870616,38.582506],[20.86736100106606,38.59223099681491],[20.870127999999998,38.60350199247807],[20.888356999999996,38.62897399249072],[20.903818999999995,38.64276799249764],[20.921397,38.648097992500304],[20.94516,38.65249299250247],[20.951671,38.64923699250083],[20.95289099921228,38.63886099919516],[20.941661,38.627387],[20.929047,38.61933],[20.914561,38.612616],[20.906098,38.609768],[20.898123,38.606024]]],[[[20.783213999999994,38.609360992480994],[20.790701,38.605210992478916],[20.8000589893565,38.59544500358156],[20.78712,38.599799],[20.75172,38.626044],[20.736990002522976,38.65216699552561],[20.74643,38.66347899250796],[20.761974,38.66608299250923],[20.783051,38.67499399251367],[20.788422000000008,38.670843992511585],[20.792734999999997,38.66864699251054],[20.797618,38.66998899251116],[20.799814997966127,38.66876899363998],[20.798839,38.665717],[20.798839002243625,38.66571699952498],[20.798839000000005,38.66571699250907],[20.800954999999995,38.665268992508814],[20.805023999999996,38.66567599250901],[20.805348999425952,38.66193299911844],[20.801931,38.656684],[20.796641,38.651068],[20.788585,38.644721],[20.762869,38.639106],[20.759613,38.627387],[20.759613001766656,38.62738699884854],[20.759612999999998,38.62738699248999],[20.773285,38.61847599248552],[20.781586,38.61188399248221],[20.783213999999994,38.609360992480994]]],[[[24.359548,38.829372],[24.357758,38.827501],[24.350271,38.831244],[24.34262100177042,38.83405199935015],[24.344411999999995,38.840887992596045],[24.349619999999987,38.846828992599],[24.352387000000004,38.85004299260061],[24.355885999999995,38.850530992600895],[24.36198999999999,38.846502992598836],[24.369720999999995,38.84308499259716],[24.37289499892976,38.840724993391724],[24.371755,38.833686],[24.367686,38.834988],[24.364919,38.832343],[24.359548,38.829372]]],[[[20.775156999999997,38.95160599265083],[20.781585999999997,38.93500399264266],[20.797698999999998,38.92641799263842],[20.817068,38.92137299263593],[20.81928473566685,38.92225675160694],[20.792100771821765,38.88082726991814],[20.785981,38.883857],[20.764496,38.891791],[20.756033,38.906887],[20.75408000053821,38.92495399502107],[20.757497999999995,38.94008999264517],[20.769786,38.958969992654524],[20.775156999999997,38.95160599265083]]],[[[23.425629,38.944281],[23.425629,38.94428099264728],[23.442230999999992,38.898341992624516],[23.447187374396627,38.89007233306605],[23.200726230380106,39.009254484091585],[23.220714,39.014715992682056],[23.272959999999998,39.038763992693944],[23.299082999999996,39.04246699269578],[23.309255,39.03823499269367],[23.32398499999999,39.024806992687054],[23.329845000000006,39.02195899268565],[23.342947,39.02069699268501],[23.357757999999997,39.01674999268305],[23.371593,39.01032099267989],[23.381601997911865,39.0015319945092],[23.37436,38.982489],[23.374360001793125,38.98248899738123],[23.374359999999996,38.98248899266616],[23.384613000000005,38.967514992658735],[23.404552,38.95783099265398],[23.425629000000008,38.95433199265224],[23.425629,38.944281]]],[[[24.105478999999995,39.064804992706755],[24.110361999999995,39.069606992709126],[24.11036199625214,39.06960699631431],[24.110362,39.069607],[24.103518457561908,39.07619003628144],[24.110967342824154,39.087532203277824],[24.116224008415855,39.09403564005125],[24.118255998478716,39.09125399480236],[24.114838,39.079576],[24.11378,39.077379],[24.113780002246923,39.077378997378844],[24.11377999999999,39.07737899271296],[24.116710000000005,39.07396099271125],[24.11915099999999,39.07477399271165],[24.123546,39.072047992710324],[24.123709000000005,39.0667179927077],[24.1241149992529,39.06289299974439],[24.113292,39.05919],[24.106049,39.05919],[24.100434,39.055487],[24.098969002516487,39.055406000139136],[24.100758999999996,39.060695992704744],[24.105478999999995,39.064804992706755]]],[[[22.93604600353898,39.131821990935734],[22.951742815187732,39.123820468392985],[22.94184410873945,39.11984898123716],[22.938731,39.124945],[22.93604600353898,39.131821990935734]]],[[[23.414561,39.149807],[23.404307,39.149115],[23.395274001514142,39.14614500049784],[23.398692,39.16364199275541],[23.410655,39.17035599275874],[23.423513,39.172430992759715],[23.42854770171887,39.17563774436951],[23.473030536424268,39.15410069409147],[23.46064333550571,39.13214691737631],[23.46046,39.131822],[23.452891,39.13345],[23.444591,39.142035],[23.43629,39.146145],[23.425304,39.148668],[23.414561,39.149807]]],[[[23.101817000000008,39.497381992918726],[23.113593459767937,39.46825360366086],[23.03911407410632,39.53256815859427],[23.055918999999996,39.52724799293328],[23.094492999999996,39.504095992922025],[23.097422999999996,39.50177599292086],[23.101817000000008,39.497381992918726]]],[[[23.905528,40.32099],[23.88738,40.326646],[23.883718003002894,40.331080996363234],[23.889739999999993,40.33718499332233],[23.906178999999998,40.34235299332482],[23.911794,40.3410909933242],[23.918304999999993,40.33425499332093],[23.920014,40.32290299331559],[23.92392,40.32005399331423],[23.933035,40.3181009933133],[23.941823999347893,40.31407299361029],[23.941417,40.310085],[23.93686,40.309272],[23.916596,40.315741],[23.91269,40.32038],[23.909597,40.321601],[23.905528,40.32099]]],[[[25.709646,34.865871],[25.700694,34.865261],[25.690359,34.868557],[25.684581,34.869615],[25.68010500317634,34.874537996506454],[25.681977,34.87803799056961],[25.687998999999998,34.8813339905713],[25.699392,34.879420990570324],[25.718761000000008,34.8777119905694],[25.729909999999993,34.881495990571395],[25.731780999999998,34.87925899057026],[25.73210699930941,34.87514899927461],[25.729666,34.872585],[25.725434,34.872301],[25.717621,34.869045],[25.709646,34.865871]]],[[[26.147472,34.94314199060327],[26.14974999795468,34.933335999402594],[26.140554,34.93065],[26.132986,34.922593],[26.131196,34.929429],[26.126801,34.931138],[26.121918001292205,34.93585799875093],[26.122976,34.94253199060297],[26.127451999999998,34.94741399060548],[26.134287999999994,34.9462749906049],[26.147472,34.94314199060327]]],[[[25.23878,35.428209],[25.236664,35.427436],[25.233572,35.43122],[25.227306,35.431708],[25.215831,35.436916],[25.211925,35.433702],[25.208669,35.433458],[25.204926,35.437201],[25.18686,35.44127],[25.184093003500244,35.444443995984905],[25.186289999999996,35.44765899086445],[25.194508999999996,35.45343699086743],[25.199392,35.45518599086835],[25.206959999999995,35.456080990868834],[25.208017999999992,35.45795299086977],[25.213226999999993,35.46238799087209],[25.222585,35.46373099087279],[25.230561,35.45896999087032],[25.246103996380885,35.44973399301608],[25.239757,35.437486],[25.23878,35.428209]]],[[[26.926364926396904,36.76557520363779],[26.926102779936294,36.76518589293678],[26.926279999999984,36.76561099154544],[26.926364926396904,36.76557520363779]]],[[[25.319508999999996,36.781927991553836],[25.32200900922405,36.77829978813863],[25.2993586318977,36.77829978813863],[25.281089900038417,36.77900039914984],[25.306977,36.79498899156052],[25.319508999999996,36.781927991553836]]],[[[25.434418,36.822659],[25.423106003414567,36.83250599702765],[25.430349000000007,36.84406199158579],[25.446951,36.857407991592574],[25.470958,36.87067299159946],[25.478362991645724,36.87067299159946],[25.470958,36.863227],[25.470958007622574,36.86322699926039],[25.47095799999999,36.8632269915956],[25.476409999999994,36.862697991595326],[25.47852599976142,36.86001199189677],[25.477794,36.83515],[25.457856,36.824856],[25.434418,36.822659]]],[[[25.649669,36.91160699162049],[25.659433999999997,36.90745699161835],[25.684417995277062,36.891180994686756],[25.674001,36.879462],[25.654633,36.878892],[25.631602,36.882636],[25.60865300484423,36.883733999768225],[25.614594000000007,36.89374399161128],[25.624847999999997,36.89874899161384],[25.637462000000003,36.90322499161615],[25.649669,36.91160699162049]]],[[[25.071951000000002,36.96385299164733],[25.081064992092337,36.952623001385106],[25.066661,36.955146],[25.047048,36.969224],[25.040488806077857,36.97705969564488],[25.04045413494748,36.983663810603886],[25.043150613702466,37.027292964861125],[25.053232999999995,37.03436899168346],[25.072765000000004,37.042181991687485],[25.087900997109447,37.041977991726334],[25.069591,36.989569],[25.059906,36.97309],[25.059906003487274,36.97308999758561],[25.059906,36.973089991652024],[25.066254,36.96869499164978],[25.071951000000002,36.96385299164733]]],[[[26.951181999999992,37.021185991676674],[26.953868,37.02789899168014],[26.953867998659796,37.027898996650485],[26.953868,37.027899],[26.951915,37.035142],[26.943614,37.040717],[26.935069,37.039618],[26.928396,37.036363],[26.924571,37.035142],[26.917166,37.041653],[26.912446,37.046942],[26.903494,37.062486],[26.896007,37.068915],[26.888927,37.07099],[26.88559000175249,37.07558799758528],[26.88982199999999,37.08978899171186],[26.901622,37.07729699170545],[26.986013,37.048813991690906],[26.986012999999996,37.041978],[26.972911,37.041978],[26.972911005831534,37.041977991687375],[26.972911000000003,37.041977991687375],[26.982187999999997,37.028753991680595],[26.995291,37.02289499167753],[27.00586999999999,37.016180991674126],[27.007091000000003,37.000433991666064],[27.015391000000008,37.00873399167031],[27.02393599999999,37.012680991672305],[27.032481,37.01235599167215],[27.041269999999994,37.00787999166989],[27.044280998669667,36.9962429968054],[27.036876,36.978461],[27.03687600165559,36.978460995630435],[27.036876,36.978460991654785],[27.041269997907932,36.9668639971704],[27.036306,36.96015],[27.034923,36.95718],[27.033865,36.952623],[27.03386500194058,36.952623],[27.033864999999988,36.95262299164152],[27.041270000000004,36.95262299164152],[27.04127,36.95941799164503],[27.047536995834147,36.95941799164503],[27.040375,36.945054],[27.023611,36.945014],[26.993419,36.952623],[26.988292,36.946682],[26.986176,36.93769],[26.983409,36.929511],[26.976085,36.92593],[26.966319,36.927802],[26.958751,36.930976],[26.951915,36.931627],[26.945079,36.92593],[26.937755,36.935045],[26.929861,36.942776],[26.921153,36.947089],[26.911632006091374,36.945787000833],[26.920257999999997,36.95880799164466],[26.92497799999999,36.963079991646865],[26.931407,36.96686399164884],[26.931406997230667,36.96686399837002],[26.931407,36.966864],[26.92530400162849,36.981675996047656],[26.929860999999992,36.99396399166271],[26.938649999999996,37.00454299166815],[26.945078999999996,37.01410599167308],[26.947275999999988,37.016180991674126],[26.951181999999992,37.021185991676674]]],[[[25.238779990943687,37.15184198930132],[25.223969,37.134345],[25.223969004054553,37.134344996524526],[25.223969,37.13434499173468],[25.23194399999999,37.12750899173117],[25.25928799999999,37.123968991729384],[25.272959999999998,37.13759999173637],[25.272959996649618,37.13759999665966],[25.27296,37.1376],[25.270274,37.141547],[25.266124003242638,37.15184199195592],[25.279796000000005,37.15273699174413],[25.293304997916547,37.15184199188168],[25.291352,37.144232],[25.288097,37.136542],[25.28419,37.129462],[25.279796,37.123969],[25.26295,37.08983],[25.26295,37.089829991711895],[25.262869,37.075588],[25.262868999999995,37.07558799170459],[25.279795999999997,37.069280991701355],[25.279795999999994,37.062486],[25.266124,37.062486],[25.266124,37.062485991697855],[25.266123999999994,37.05499899169404],[25.27979599999999,37.05499899169404],[25.279796,37.048814],[25.268809,37.046129],[25.263031,37.039944],[25.258637,37.031317],[25.251801,37.02147],[25.244802,37.014594],[25.232188,37.005113],[25.204438,36.988959],[25.188487,36.985297],[25.152843,36.986762],[25.143321,36.990058],[25.121918,37.004584],[25.111501,37.00788],[25.103363,37.012885],[25.103038000213104,37.02431899250276],[25.112965999999993,37.06272999169803],[25.12533599999999,37.07452999170403],[25.156260999999997,37.08978899171186],[25.1562609918942,37.08978899600044],[25.156261,37.089789],[25.149262,37.093492],[25.142426,37.094916],[25.1357530082618,37.09381700136067],[25.150075999999988,37.11054099172248],[25.178558999999996,37.129461991732185],[25.209808999999996,37.14402899173968],[25.238779990943687,37.15184198930132]]],[[[25.819102,37.09691],[25.807384,37.10342],[25.805431,37.099189],[25.805024,37.098293],[25.80421,37.098049],[25.800548,37.095933],[25.780528006095285,37.12396899146417],[25.797374000000005,37.123235991729025],[25.809825000000004,37.12689899173086],[25.834645996575315,37.1375999902599],[25.832042,37.130194],[25.82838,37.123969],[25.828380002880497,37.123968996625926],[25.828379999999992,37.123968991729384],[25.837168999999996,37.11367399172413],[25.842051996222995,37.1102969943345],[25.836762,37.102362],[25.829112,37.097317],[25.819102,37.09691]]],[[[24.881847,37.425605],[24.877778,37.426907],[24.868175011639913,37.431788994082474],[24.886728999999995,37.435288991888484],[24.898122999999995,37.44867599189531],[24.902679999999997,37.465765991904014],[24.9026799998311,37.465765999366575],[24.90268,37.465766],[24.902354,37.48017],[24.896251,37.501939],[24.895356000846256,37.51044299195917],[24.904958999999998,37.51080999192696],[24.929697999999995,37.50812399192563],[24.938812999999996,37.49974199192137],[24.948089999999997,37.48558199191416],[24.955089,37.47064899190652],[24.957529998875614,37.45970299694292],[24.954926,37.452623],[24.945323,37.443345],[24.94337,37.435492],[24.943370001640307,37.43549199848428],[24.943369999999994,37.4354919918886],[24.946055999999995,37.43300999188734],[24.952322,37.42967399188559],[24.959158,37.42487199188316],[24.963714999999997,37.41815799187974],[24.96615599885524,37.40778199674053],[24.964041,37.40176],[24.956554,37.39704],[24.896251,37.371649],[24.881847,37.363511],[24.88135800028437,37.37323599434456],[24.882171999999997,37.380356991860495],[24.88461300000001,37.38593199186334],[24.888681999999992,37.39081499186581],[24.888681999999992,37.390814999999996],[24.888681999999992,37.398260991869556],[24.888682,37.398261],[24.882009,37.397691],[24.86133900239707,37.398260999933896],[24.864024000000004,37.40729399187424],[24.868175000000004,37.41469999187805],[24.874033999999995,37.42072199188108],[24.881846999999997,37.42560499188358],[24.881846991410875,37.42560499463193],[24.881847,37.425605]]],[[[25.462901,37.470037991906224],[25.465586998654206,37.463364995246195],[25.463145,37.454739],[25.457286,37.446031],[25.442556,37.440904],[25.423595,37.441107],[25.407725,37.436835],[25.402599,37.418158],[25.395193,37.418158],[25.382579,37.419745],[25.306977002442395,37.411933000252375],[25.309255,37.419744991880556],[25.30925499923733,37.419744997384555],[25.309255,37.419745],[25.308849,37.422675],[25.307791,37.424465],[25.306977000959964,37.428655995057476],[25.309254999999993,37.43618399188893],[25.313974999999992,37.43842199189009],[25.318858,37.43842199189009],[25.321299999999994,37.43919499189048],[25.326427,37.462876991902576],[25.326426998784115,37.462876994383734],[25.326427,37.462877],[25.322439,37.471015],[25.306977002857217,37.47272399968419],[25.312672999999993,37.4882269919155],[25.324391999999996,37.49510299191896],[25.337737999999998,37.49957899192128],[25.347992,37.50812399192563],[25.377289000000008,37.46743399190487],[25.382090999999996,37.469671991906026],[25.385589999999997,37.489935991916376],[25.395355999999996,37.493963991918406],[25.42676799999999,37.487005991914884],[25.430837,37.48480899191373],[25.436289999999993,37.479884991911256],[25.443614,37.475042991908765],[25.462901,37.470037991906224]]],[[[25.979747,37.54865099194623],[26.012379999999993,37.575018991959645],[26.019705000000005,37.58632999196543],[26.026378,37.60081599197277],[26.033035902220355,37.607716774469644],[25.988628956821152,37.51358601742387],[25.976329,37.516018],[25.971853001339966,37.53546799417731],[25.979747,37.54865099194623]]],[[[26.450694,37.566026],[26.446707,37.564683],[26.440603,37.565619],[26.436209000420497,37.56761299980918],[26.43645300000001,37.57216999195824],[26.43645299960649,37.57216999265072],[26.436453,37.57217],[26.434418,37.575751],[26.429698,37.577541],[26.418305,37.578925],[26.408539,37.574734],[26.403982,37.576321],[26.39600700281199,37.57611700007193],[26.397064999999998,37.57916899196177],[26.405771999999995,37.58637099196543],[26.416921,37.59019599196739],[26.421559999999996,37.590114991967354],[26.436046,37.60162999197321],[26.440359000000004,37.60260699197375],[26.445159999999987,37.60097899197288],[26.450530999999998,37.59589299197031],[26.456634999999995,37.57977899196209],[26.45687899961353,37.575058999435576],[26.450694,37.566026]]],[[[26.540700998689033,37.61668499552504],[26.537852,37.60696],[26.531342,37.597398],[26.522553,37.591213],[26.516612,37.583604],[26.512543,37.581895],[26.508311,37.582017],[26.503266,37.579576],[26.499115,37.575263],[26.498871,37.569119],[26.49887100028292,37.569118999080686],[26.498871,37.56911899195669],[26.501313000000003,37.56118399195265],[26.50619599999999,37.55658599195031],[26.507579000000003,37.553167991948534],[26.510915999999987,37.54946499194667],[26.511159999852723,37.53652599975001],[26.50766,37.530585],[26.50294,37.527493],[26.500743,37.527777],[26.497,37.531236],[26.49171,37.538764],[26.488862,37.540351],[26.485769000263762,37.54608799951077],[26.486012999999996,37.5530869919485],[26.486012999727713,37.55308699218962],[26.486013,37.553087],[26.479259000624722,37.55906799944678],[26.479665999999998,37.56395099195402],[26.47966599935113,37.56395099221516],[26.479666,37.563951],[26.476329,37.565294],[26.475027,37.566392],[26.474050000037597,37.568833999906026],[26.474131999999994,37.58616799196535],[26.475840999999996,37.58999299196732],[26.47608500000001,37.59361399196912],[26.47608499957932,37.59361399375704],[26.476085,37.593614],[26.47396900107033,37.6026069954511],[26.474619999999994,37.604721991974806],[26.478445,37.60557699197524],[26.484873999999998,37.60313499197397],[26.48772200000001,37.5983339919715],[26.48877999999999,37.59292199196879],[26.491954000000007,37.58632999196543],[26.498057,37.585394991964996],[26.503103,37.59487499196981],[26.50692799999999,37.5947939919697],[26.51116,37.595607991970155],[26.513764000000002,37.59857799197165],[26.51376399956929,37.598577999508755],[26.513764,37.598578],[26.512706,37.617092],[26.510102,37.624335],[26.502126,37.625556],[26.497081,37.627427],[26.496430000443638,37.63768099301222],[26.49887099999999,37.64329699199439],[26.505218999999993,37.650498991998056],[26.513520000000003,37.65330599199946],[26.521332,37.650376991998016],[26.526296,37.646795991996164],[26.530691000000004,37.6417909919936],[26.530771999900434,37.63544299979374],[26.527924,37.629543],[26.52792400061384,37.62954299325903],[26.527923999999995,37.62954299198737],[26.52825,37.62596299198563],[26.531341999999995,37.62368399198446],[26.535818,37.62311399198412],[26.53891,37.62152699198335],[26.540700998689033,37.61668499552504]]],[[[24.71811,37.593573],[24.672374,37.600491],[24.659679012463897,37.60687899372829],[24.677907999999995,37.609441991977214],[24.694020999999996,37.6151799919801],[24.703868000000003,37.62470099198492],[24.716075000000004,37.63104899198817],[24.732921,37.63206599198867],[24.74105899902002,37.625921992725395],[24.739431,37.613837],[24.737804,37.607856],[24.73780400110888,37.607855996052734],[24.737803999999993,37.60785599197636],[24.741221997800814,37.595688999798654],[24.71811,37.593573]]],[[[25.008637,37.631781],[24.997895,37.637885],[24.990977,37.645982],[24.984386,37.658026],[24.98145600119457,37.670232995023184],[24.984874000000005,37.678859992012484],[24.994718687538263,37.68113649567523],[25.011880357173485,37.630564763332465],[25.009954032480973,37.63128711710562],[25.008637,37.631781]]],[[[26.602789784410156,37.68087196695724],[26.598823159260796,37.67754658214454],[26.598399,37.677191],[26.589529,37.687079],[26.583507,37.704169],[26.581309,37.716702],[26.58025100030799,37.740789992987864],[26.58399500000001,37.752264992049774],[26.594981000000004,37.76137899205438],[26.602936229488762,37.7633489470698],[26.605725798992857,37.74203159208206],[26.605609123691963,37.720053361902146],[26.602789784410156,37.68087196695724]]],[[[24.913309810200417,37.90599199212761],[24.953868000000003,37.90599199212761],[24.96371499854566,37.89679599348117],[24.959158,37.87637],[24.95913694118589,37.876325928282434],[24.955668555790393,37.869068618147075],[24.913309810200417,37.90599199212761]]],[[[24.688163936155583,37.93372642757987],[24.687918786342546,37.92986724039169],[24.68384900841678,37.932684994172554],[24.688163936155583,37.93372642757987]]],[[[24.587656998614783,38.159246992057916],[24.578949,38.10932],[24.57894900024721,38.109319993647695],[24.578948999999994,38.10931999223029],[24.579926000000004,38.08421499221765],[24.59449299755945,38.062404995860675],[24.586192,38.048326],[24.575531,38.004462],[24.566661,37.987942],[24.552094,37.978176],[24.531749,37.969184],[24.509288,37.962551],[24.488048,37.960028],[24.476899,37.96247],[24.472911,37.968411],[24.470958,37.980455],[24.447765,38.010565],[24.443696,38.011542],[24.429698,38.021186],[24.403087,38.011908],[24.402945103926214,38.01177717799491],[24.40183793923391,38.01075648133685],[24.40211574306864,38.01522226539883],[24.404775792026324,38.03639405972251],[24.410105549230362,38.05749913158805],[24.418056834979488,38.07834297384874],[24.42855719646919,38.098733395686445],[24.441510545568043,38.11848229912285],[24.456798019843863,38.13740742095779],[24.462646732228563,38.143405525734764],[24.477793999999992,38.13873899224511],[24.496918,38.146307992248914],[24.587656998614783,38.159246992057916]]],[[[26.006810054009247,38.15773991183428],[26.006515744705872,38.157840721014495],[26.014170737595293,38.157840721014495],[26.009776,38.156724],[26.006810054009247,38.15773991183428]]],[[[25.882442710329453,38.24430240345457],[25.874559643035294,38.24036082151765],[25.873302,38.239732],[25.866059000740314,38.24567299939276],[25.86752399999999,38.25971099230593],[25.876230999999997,38.27529499231376],[25.885036905372772,38.28128864520449],[25.882442710329453,38.24430240345457]]],[[[26.329112,38.421983],[26.32724,38.433824],[26.325369001759533,38.44131099295903],[26.337086999999997,38.445053992398925],[26.34441199999999,38.449651992401186],[26.35539800000001,38.45315199240297],[26.360931997532777,38.44440299629917],[26.355968,38.436957],[26.354015,38.426215],[26.349294,38.424669],[26.344249,38.427069],[26.338064,38.424547],[26.332856,38.423122],[26.329112,38.421983]]],[[[26.38819399999999,38.458440992405635],[26.39722700000001,38.468694992410725],[26.402607885572113,38.4840736156251],[26.40566414458468,38.45350302289615],[26.387869000587163,38.45424999997535],[26.38819399999999,38.458440992405635]]],[[[26.745453,38.48330299241802],[26.74756899887761,38.47585699636386],[26.743826,38.463731],[26.731619,38.45836],[26.724132,38.463731],[26.72169,38.469265],[26.698253,38.477118],[26.692882000163035,38.48285599982582],[26.693533000000002,38.51243699243259],[26.697438999999996,38.5206969924367],[26.700368999999995,38.53310799244293],[26.700368999766166,38.53310799900952],[26.700369,38.533108],[26.700043000266565,38.54226299251413],[26.702159,38.54279199244782],[26.709726999999997,38.54055399244665],[26.722422999999992,38.532741992442716],[26.729991,38.52085999243679],[26.731212,38.4948589924238],[26.745453,38.48330299241802]]],[[[26.288585,38.50698499242987],[26.29330499977224,38.49848099283599],[26.293142,38.493354],[26.290375,38.491767],[26.283214,38.493679],[26.278738,38.497463],[26.278656,38.50198],[26.276703,38.505113],[26.274913001644656,38.511989993681404],[26.279144999999993,38.51520399243397],[26.288585,38.50698499242987]]],[[[25.869877098490637,38.58380650256087],[25.839810096871414,38.52063363608573],[25.834646,38.528551],[25.832774000728666,38.54409399394997],[25.838144999999997,38.55516199245397],[25.845225,38.56590399245933],[25.848888000000002,38.58038999246652],[25.869877098490637,38.58380650256087]]],[[[25.580821,38.540595],[25.571544,38.541246],[25.560802,38.535346],[25.55738400120641,38.54462299672561],[25.559255,38.55125599245198],[25.561859999999996,38.55687099245483],[25.561859999083435,38.55687099802437],[25.56186,38.556871],[25.560802,38.5633],[25.560219019543243,38.56396016543197],[25.57932381579974,38.604233992478434],[25.580821,38.604233992478434],[25.580821,38.604234],[25.580821,38.607389144376064],[25.58287666121249,38.611720992482184],[25.588878,38.611720992482184],[25.595224999999996,38.60394899247827],[25.622325,38.58380799246822],[25.622812999286637,38.57908799936557],[25.621349,38.577786],[25.6185,38.577786],[25.614919,38.576972],[25.607107,38.541449],[25.604991,38.535346],[25.591156,38.53734],[25.580821,38.540595]]],[[[26.36964009138973,38.53534589202469],[26.375824,38.52855099244065],[26.37582399770791,38.528551002518554],[26.375824,38.528551],[26.373057,38.540717],[26.360688,38.57095],[26.359141000708203,38.57697199724318],[26.360118,38.583563992468086],[26.360117999249645,38.58356399493722],[26.360118,38.583564],[26.348643000160788,38.6213239994709],[26.348968999999997,38.63548399249397],[26.351085,38.65021399250136],[26.356292999999997,38.66168899250704],[26.365976999999997,38.66632699250935],[26.381033,38.66836199251039],[26.38414790661404,38.669631091546556],[26.401569296943784,38.49447187240376],[26.399913,38.499579],[26.36964009138973,38.53534589202469]]],[[[26.8972270058111,38.81655499454833],[26.908254872877386,38.8202827549846],[26.905074854121686,38.80891637579445],[26.90447,38.80976],[26.8972270058111,38.81655499454833]]],[[[26.100438121701792,39.08979010577396],[26.099368288532343,39.07541858419141],[26.087901,39.077216],[26.087900999999995,39.08344099271595],[26.093760999999997,39.08527299271684],[26.100438121701792,39.08979010577396]]],[[[25.92600609394815,39.293751596526114],[25.853890630613552,39.23791499663799],[25.854990999999995,39.24249899279412],[25.855154,39.25226499279889],[25.858653000000007,39.259222992802336],[25.866710000000005,39.26325099280434],[25.876231,39.26601799280567],[25.883066999999997,39.26898799280712],[25.910655000000002,39.28961799281724],[25.91724699999999,39.296941992820834],[25.924082999999992,39.296941992820834],[25.92600609394815,39.293751596526114]]],[[[26.37338299999999,39.34690999284528],[26.400237999999998,39.341253992842496],[26.40559729532404,39.337904472092056],[26.163792237808266,39.37812663937535],[26.163585002026267,39.37885199290779],[26.343027999999997,39.38300199286293],[26.362152997792037,39.37885199334004],[26.354747,39.356513],[26.354747002024563,39.35651299895676],[26.354747,39.35651299284999],[26.37338299999999,39.34690999284528]]],[[[25.355479,39.810248],[25.353689,39.803168],[25.352794,39.79328],[25.348969,39.787665],[25.33839,39.793524],[25.332205,39.796088],[25.303559,39.803412],[25.295258,39.807685],[25.29363,39.817084],[25.293629999999997,39.8264829930782],[25.29363,39.826483],[25.290294,39.830756],[25.273123,39.835679],[25.271525035936687,39.837635033366766],[25.355769693468304,39.837635033366766],[25.360688,39.83356399308159],[25.368500000000004,39.82452999307723],[25.36988399884889,39.81712499923259],[25.368663,39.816311],[25.364024,39.815985],[25.355479,39.810248]]],[[[26.074962,39.784898],[26.059093,39.786078],[26.026541,39.803412],[25.997081,39.814154],[25.983653,39.822089],[25.978038002187503,39.8341739952919],[25.986012999999993,39.84223099308576],[26.004241999999998,39.84520099308724],[26.04005,39.84503799308714],[26.046235,39.84406199308667],[26.051116999999998,39.84406199308667],[26.055511999999993,39.84271899308603],[26.060556999999996,39.837591993083564],[26.077159,39.84467199308693],[26.083017999757317,39.83494699348507],[26.081716,39.799994],[26.074962,39.784898]]],[[[25.221038997880143,39.8099629978668],[25.214529,39.803412],[25.192719,39.804389],[25.175059,39.807034],[25.14324000446713,39.81708399858906],[25.159884924908887,39.837635033366766],[25.204717539191005,39.837635033366766],[25.214528999999995,39.824692993077306],[25.221038997880143,39.8099629978668]]],[[[25.04704800372407,39.837592],[25.047071174494,39.837635033366766],[25.053304634691585,39.837635033366766],[25.053233,39.837592],[25.04704800372407,39.837592]]],[[[25.128914311791736,39.837635033366766],[25.13578594299361,39.837635033366766],[25.135753,39.837592],[25.128917,39.837592],[25.128914311791736,39.837635033366766]]],[[[25.033376,39.99070865982382],[25.033375999999993,39.99526599315933],[25.04984241766515,39.99602674371191],[25.044534486892392,39.984962485144194],[25.033376000000004,39.98843],[25.033376,39.99070865982382]]],[[[26.243116998393248,40.07092136092199],[26.242931,40.070787],[26.230642,40.064887],[26.177582,40.050727],[26.167003,40.049872],[26.157481001289707,40.05532499926142],[26.160003999999997,40.06720599319381],[26.167978999999992,40.079168993199524],[26.173839,40.08462099320211],[26.190196000000004,40.09422399320668],[26.201426999999995,40.11530199321675],[26.209239,40.13641999322684],[26.214692,40.146063993231486],[26.259775999999988,40.194484993254555],[26.266089806985114,40.21306849217129],[26.255440232929416,40.0798238303399],[26.243116998393248,40.07092136092199]]],[[[25.686209,40.16083399323851],[25.7077566129507,40.17815762755191],[25.715432533804016,40.170344859980226],[25.729566461427094,40.151953360074366],[25.74099563805196,40.13235123967979],[25.74960584426937,40.11173681629631],[25.753304563573334,40.09785142046879],[25.745291,40.098293],[25.721202,40.104804],[25.709321,40.109931],[25.704356,40.115302],[25.663259,40.126166],[25.663258999999993,40.132391993224964],[25.686209,40.16083399323851]]],[[[25.9664030495983,40.15580649564995],[25.972910999999996,40.15322499323488],[25.990976999999994,40.157456993236856],[26.005869999999998,40.16657099324124],[26.012218,40.16657099324124],[26.012218,40.146064],[25.990245,40.136908],[25.967784,40.130764],[25.964714716942662,40.130398872698045],[25.964416947681457,40.13036345020124],[25.9664030495983,40.15580649564995]]],[[[25.971852998122635,40.17275599666244],[25.971771859103708,40.17261174849192],[25.967062068580272,40.16423912015702],[25.96824239142464,40.1793300765927],[25.971852998122635,40.17275599666244]]],[[[25.971853,40.21773949326561],[25.971853,40.21773949147367],[25.971852999999992,40.21434199999998],[25.971808324633795,40.21419888098891],[25.97069440411358,40.21063056776661],[25.971522250199964,40.22118314275353],[25.971853000000007,40.22113699326723],[25.971853,40.21773949326561]]],[[[24.582110102469535,40.76544734014794],[24.642263,40.803940993541794],[24.674570999999993,40.79169299353605],[24.715342999999997,40.78803099353434],[24.731699999999993,40.78351499353223],[24.735687999999985,40.77728899352932],[24.738454999999995,40.767889993524925],[24.743826,40.75934499352093],[24.746927444939356,40.75834346871671],[24.582110102469535,40.76544734014794]]],[[[27.74037656039397,35.912530812772886],[27.739268,35.913153],[27.732677,35.915107],[27.730317,35.92178],[27.712250003149883,35.95270399460857],[27.725351999999997,35.96718999113341],[27.73197830096348,35.98333295012015],[27.74125960404544,35.91203520547026],[27.74037656039397,35.912530812772886]]],[[[27.711947456663207,36.13780680436984],[27.713942458769612,36.122384701909986],[27.708832,36.127102],[27.707286001984613,36.1320249936803],[27.711947456663207,36.13780680436984]]],[[[29.656586,36.131008],[29.655691001764882,36.13617598980903],[29.6588045136639,36.13368543533764],[29.660573992134115,36.132269997510846],[29.656586,36.131008]]],[[[29.603037998804066,36.14162799948826],[29.585541,36.134141],[29.584321,36.129788],[29.582205,36.128607],[29.57781,36.125434],[29.574962,36.124172],[29.560069,36.121039],[29.559174001696334,36.121039],[29.560313000000004,36.126938991216036],[29.563730999999994,36.132106991218706],[29.567393000000003,36.14427299122497],[29.569590999999992,36.15090599122841],[29.5796,36.161891991234086],[29.588714999999993,36.16714099123681],[29.595306998796886,36.16669299131836],[29.594168,36.158474],[29.593272,36.152167],[29.593272001164493,36.152166999426015],[29.593271999999995,36.15216699122905],[29.599050000000005,36.149318991227574],[29.602142999999998,36.147812991226836],[29.603037998804066,36.14162799948826]]],[[[29.508473993603282,36.154689995886336],[29.504487,36.152126],[29.499929,36.152208],[29.499034,36.149685],[29.491466,36.151597],[29.485362006869853,36.15529999583239],[29.493988,36.1610779912337],[29.502939999999995,36.158717991232464],[29.508473993603282,36.154689995886336]]],[[[27.696544,36.149563],[27.690929,36.149482],[27.684255005419207,36.1581489929625],[27.700693999999995,36.16339799123489],[27.70809601114786,36.167603250359],[27.710979994311003,36.14528861491889],[27.702891,36.150458],[27.696544,36.149563]]],[[[29.35873499731504,36.21820699018949],[29.357432,36.213446],[29.348969,36.208238],[29.345876004164257,36.21385299244025],[29.352631000000002,36.215765991261954],[29.35873499731504,36.21820699018949]]],[[[29.452158990004623,36.22036398850371],[29.44809,36.215684],[29.443614,36.212592],[29.443614,36.215297991261664],[29.443614000000004,36.21800399126308],[29.452158990004623,36.22036398850371]]],[[[27.582856,36.212551],[27.568533,36.215155],[27.550548,36.215888],[27.531505,36.211737],[27.518891,36.216864],[27.517426000824642,36.23090199209808],[27.526540999999998,36.240057991274504],[27.533702,36.24188899127545],[27.548676,36.244085991276584],[27.565684,36.244939991277015],[27.616465999999992,36.24262099127582],[27.6189879997286,36.23794199177691],[27.618663,36.228095],[27.614431,36.219672],[27.610118,36.216498],[27.602387,36.216946],[27.582856,36.212551]]],[[[27.697287577156526,36.25138711397583],[27.695649000434493,36.25381099935727],[27.695810999999996,36.256821991283175],[27.69652273941569,36.25732518501864],[27.697287577156526,36.25138711397583]]],[[[27.68409300330501,36.264389999549564],[27.687510999999997,36.272934991291486],[27.693659482163483,36.27956595725266],[27.695346250309655,36.26646164880544],[27.69362575066681,36.26564160689873],[27.689464,36.263658],[27.68409300330501,36.264389999549564]]],[[[29.036388,36.545315],[29.014415025816007,36.54791899694057],[29.032725,36.55182499143537],[29.036876,36.561468991440336],[29.036875998202973,36.561468995824974],[29.036876,36.561469],[29.031423,36.574774],[29.020518003346393,36.58950399547984],[29.026134000000006,36.59625899145826],[29.03500400000001,36.614690991467775],[29.041759000000003,36.62425399147265],[29.055836999999993,36.614243991467525],[29.068207,36.623927991472456],[29.080902999999992,36.638616991480085],[29.096365,36.644109991482864],[29.096364999999995,36.63788499999999],[29.090587,36.627102],[29.090587003719936,36.62710199841635],[29.090587000000003,36.62710199147415],[29.098806000000003,36.62360299147236],[29.110606000000008,36.62636999147377],[29.116873,36.63422299147779],[29.116872998305357,36.63422299787649],[29.116873,36.634223],[29.114513,36.643134],[29.109223,36.652004],[29.102387,36.659613],[29.096365,36.665229],[29.03419,36.700995],[28.956309,36.727525],[28.946137,36.736965],[28.94496572068142,36.73930739509634],[29.124916076660153,36.73930739509634],[29.21621266355523,36.32908521532929],[29.180018870065894,36.338516460063296],[29.174978,36.33983],[29.158458,36.356757],[29.144705,36.349311],[29.140798001352668,36.36245399544968],[29.14177500000001,36.365423991339206],[29.144704999999984,36.36977799134146],[29.144704999999984,36.369777999999975],[29.144704999999984,36.36977800865849],[29.14470499999999,36.37718299134529],[29.144705,36.377183],[29.116873010226275,36.377183],[29.124278000000004,36.38344999134855],[29.12427799365735,36.383449994632095],[29.124278,36.38345],[29.112804,36.38939],[29.106212,36.390855],[29.09636500468154,36.39093699996101],[29.101409999999987,36.400213991357155],[29.109059999999992,36.40647999136041],[29.118906999999986,36.41010199136226],[29.13038200000001,36.411362991362914],[29.130381999092062,36.41136299990023],[29.130382,36.411363],[29.129893,36.415961],[29.129161,36.416897],[29.127696,36.416815],[29.124278002449483,36.41815799903755],[29.130138000000006,36.436509991375914],[29.130137998564614,36.43650999550475],[29.130138,36.43651],[29.124197,36.453599],[29.111339,36.466783],[29.096365,36.473456],[29.096365,36.47964099139814],[29.109547999999997,36.48851099140273],[29.115571000000003,36.49135999140423],[29.124278000000004,36.49331299140522],[29.124278000000004,36.50079999140906],[29.124278,36.5008],[29.120291,36.535631],[29.114919,36.55268],[29.10377,36.547919],[29.096365,36.547919],[29.084321,36.560248],[29.036388,36.545315]]],[[[27.843028,36.527899],[27.828298,36.528022],[27.828297999999997,36.53424699142631],[27.834158,36.53652599142748],[27.842621000000005,36.543605991431136],[27.849376,36.54791899143334],[27.84937599068222,36.54791899405069],[27.849376,36.547919],[27.805919,36.560126],[27.792491007861592,36.56696199599777],[27.807872,36.57587299144776],[27.80787198523824,36.57587299144776],[27.807872,36.575873],[27.760020006274214,36.575873],[27.766855999999997,36.58519099145258],[27.777842999999994,36.59560799145792],[27.786957,36.60626899146342],[27.787852,36.61684799146884],[27.79249100000001,36.61717399146903],[27.795257999999993,36.618719991469845],[27.801523999999997,36.62425399147265],[27.801523999999993,36.61684799146884],[27.818125999999996,36.63401899147768],[27.841970000000003,36.64472099148321],[27.861013,36.64671499148422],[27.863047998140964,36.637884999546124],[27.835216,36.63109],[27.822276,36.623765],[27.815278,36.610012],[27.815278005183007,36.61001200165139],[27.815278,36.61001199146535],[27.824474,36.61294199146683],[27.828624000000005,36.61298199146684],[27.835704,36.602524991461486],[27.869883999999995,36.62425399147265],[27.872080999999998,36.62055099147074],[27.872812999999994,36.619614991470286],[27.873789999999985,36.61908599146999],[27.876719993972124,36.61684799607307],[27.871349,36.613349],[27.867931,36.609442],[27.865489,36.605536],[27.863048,36.602525],[27.86304801363361,36.60252500827869],[27.863048000000003,36.602524991461486],[27.869884,36.60667599146362],[27.87321999953595,36.60545499163283],[27.872895,36.599595],[27.869884,36.589504],[27.869884000441395,36.58950399293405],[27.869883999999995,36.589503991454755],[27.870615999999995,36.57778599144874],[27.872568999999995,36.56924099144432],[27.876719996374053,36.56159099812276],[27.867524,36.55683],[27.863048,36.555365],[27.863048011242757,36.55536499511697],[27.863048000000003,36.5553649914372],[27.868011999999993,36.55320899143605],[27.872081,36.5503599914346],[27.874847999999997,36.54645399143261],[27.87671999743814,36.541082998780126],[27.854503,36.530504],[27.843028,36.527899]]],[[[27.129731,36.569525],[27.12615000179932,36.58006399470454],[27.137218000000004,36.60008399146022],[27.166758999999995,36.615057991467886],[27.185801999999995,36.615667991468264],[27.194671999999994,36.60691999146376],[27.2060649979016,36.5871039951033],[27.205987041502315,36.58692208071028],[27.200571533096042,36.57428536773382],[27.16614200781896,36.56042878049568],[27.161388,36.56037],[27.140147,36.563218],[27.129731,36.569525]]],[[[28.122651006379193,36.59869999701918],[28.125173,36.60089799146068],[28.128834993802062,36.59914799442161],[28.126394,36.596951],[28.122651006379193,36.59869999701918]]],[[[28.089609999999993,36.644109991482864],[28.089609995524093,36.644109995958765],[28.08961,36.64411],[28.075938,36.657782],[28.056651,36.643012],[28.048025,36.637885],[28.04802499999999,36.644109991482864],[28.05779100000001,36.65277699148734],[28.061208999999995,36.664739991493526],[28.06120899881225,36.66473999584287],[28.061209,36.66474],[28.058440687725277,36.67487715824678],[28.165893077590656,36.67487715824678],[28.162674893744747,36.67291404878994],[28.162283,36.672675],[28.144298,36.650946],[28.130707,36.628974],[28.111501,36.604193],[28.088145,36.589057],[28.061697,36.59634],[28.057872,36.589993],[28.055024,36.586575],[28.050629,36.584662],[28.04184,36.582709],[28.041840004909943,36.58270899254227],[28.041839999999993,36.582708991451234],[28.04395599999999,36.579494991449586],[28.046153000000004,36.57249599144602],[28.04802499611112,36.56903699862995],[28.035899,36.564765],[28.02589,36.563707],[28.018321,36.567043],[28.013845,36.575873],[28.003673,36.561916],[27.990896,36.55976],[27.977712,36.565741],[27.96607500351453,36.57587299694],[27.968027999999997,36.57892499144935],[27.970875999999993,36.58641199145317],[27.972911000000003,36.589503991454755],[27.972910995938765,36.58950399382931],[27.972911,36.589504],[27.967621,36.592597],[27.96461,36.595649],[27.959239006669627,36.602524991461486],[28.034434,36.602524991461486],[28.053965999999996,36.6096049914651],[28.06544,36.61953399147024],[28.07536899999999,36.631251991476276],[28.089609999999993,36.644109991482864]]],[[[28.9085390013426,36.66709999772253],[28.911468999999997,36.68069099150172],[28.915700999999995,36.68288799150287],[28.920013999999995,36.67885999150078],[28.924653000000003,36.679754991501234],[28.938405996168957,36.67605199253087],[28.935964,36.671291],[28.928803,36.669623],[28.926443,36.666693],[28.919932,36.659573],[28.915375,36.655504],[28.9085390013426,36.66709999772253]]],[[[27.382986,36.68476],[27.370291000669962,36.67890000030925],[27.370616,36.683172991503],[27.370615999394644,36.683172992041],[27.370616,36.683173],[27.369151,36.684475],[27.366384,36.684475],[27.362804006826916,36.685125998758565],[27.368663,36.69135199150723],[27.368663,36.691352],[27.368662999999994,36.69741399151035],[27.368663,36.697414],[27.364024,36.702582],[27.355805,36.706204],[27.355805,36.71238799151806],[27.368337,36.708237991515894],[27.38477599999999,36.70502399151428],[27.401621999999996,36.70473899151409],[27.414317,36.70929599151645],[27.423105999999994,36.719671991521764],[27.427256999999994,36.73566299153],[27.438486999999995,36.74713799153587],[27.449554999999997,36.753973991539475],[27.458831999999997,36.75568299154033],[27.459245713027496,36.755653934886226],[27.452559196676777,36.74167401223478],[27.44036935210189,36.721888571770045],[27.42584030698204,36.70285841708113],[27.40910597461846,36.684758235400004],[27.401525705462547,36.6778971265766],[27.394054,36.684149],[27.382986,36.68476]]],[[[28.858735,36.601304],[28.841563,36.600165],[28.828868,36.602525],[28.818614000000004,36.611721],[28.818614,36.614745657295025],[28.818614,36.61474565813446],[28.818613999999993,36.6207949914709],[28.827158999999995,36.627752991474445],[28.842539999999993,36.63051999147591],[28.842539999999993,36.63052],[28.842539999999993,36.63788499147967],[28.84254,36.637885],[28.82545,36.644721],[28.815196,36.651801],[28.805024,36.65526],[28.787852,36.650946],[28.782725,36.677395],[28.746349,36.697699],[28.701671,36.705064],[28.671723,36.692572],[28.664887,36.692572],[28.659923,36.711005],[28.649181,36.718329],[28.635916,36.714504],[28.623383,36.699368],[28.616222,36.705959],[28.60352600230345,36.733546994994676],[28.612559,36.74713799153587],[28.61671,36.76699499154612],[28.61670999928544,36.766994996581786],[28.61671,36.766995],[28.614106,36.785346],[28.603526,36.794989],[28.603038000816003,36.79962799224298],[28.604503,36.800848991563555],[28.607188,36.800848991563555],[28.61036199999999,36.80174399156402],[28.610361995374266,36.80174399869564],[28.610362,36.801744],[28.608409,36.804755],[28.606293,36.806871],[28.606212000202603,36.81012599185834],[28.610361999999995,36.81606699157138],[28.61036199411231,36.81606699157138],[28.610362,36.816067],[28.603526,36.816067],[28.598888,36.806871],[28.597423,36.802558],[28.59669,36.794989],[28.591075,36.799018],[28.590994,36.800198],[28.588552,36.80801],[28.575857,36.819525],[28.546153,36.823432],[28.524425,36.8133],[28.52442500110272,36.813299992084154],[28.524424999999994,36.81329999156994],[28.527842998700557,36.78876400088535],[28.517751,36.79564],[28.507986,36.797675],[28.497895,36.798489],[28.486827010623443,36.80174399687574],[28.500498999999998,36.80857999156752],[28.500498999999998,36.80858],[28.500498999999994,36.81606699157138],[28.500499,36.816067],[28.478038,36.815985],[28.463878,36.818752],[28.456065,36.828518],[28.452647001381358,36.84955499149805],[28.459482999999995,36.84910699158837],[28.464121999999996,36.84992099158879],[28.46631899999999,36.85333899159054],[28.46631899877105,36.853338998088056],[28.466319,36.853339],[28.46518,36.859361],[28.462576,36.862047],[28.460134,36.863756],[28.458832,36.866929],[28.45858270036201,36.86817549818994],[28.590524673461914,36.86817549818994],[28.73610305786132,36.73930739509634],[28.92061900578342,36.73930739509634],[28.905038415703963,36.72393071472218],[28.904145,36.723049],[28.89088,36.712388],[28.890879999999996,36.71238799151806],[28.890879999999992,36.7062039915149],[28.897715999999992,36.7062039915149],[28.897715999999992,36.699368],[28.878917,36.698065],[28.87086,36.696234],[28.863536,36.692572],[28.860037,36.684231],[28.860037001443946,36.68423099494563],[28.860037,36.68423099150352],[28.86264099982172,36.67511599212288],[28.862478,36.667914],[28.849946,36.665229],[28.849946004439264,36.66522899244489],[28.849946000000003,36.66522899149377],[28.854990999999995,36.65664299148939],[28.857921000000005,36.65375399148789],[28.863535994369606,36.65094599430209],[28.856781,36.64411],[28.856781004428605,36.64410999596458],[28.856780999999994,36.644109991482864],[28.866873000000005,36.63491399147815],[28.870371999999993,36.63051999147591],[28.876638,36.63051999147591],[28.882335,36.64061099148111],[28.888031000000005,36.648423991485146],[28.890147000000006,36.65761999148985],[28.89014699871306,36.65761999440704],[28.890147,36.65762],[28.88404400559327,36.67145398732142],[28.900805458332734,36.65894103462997],[28.901702997497626,36.65827099335827],[28.895356,36.641425],[28.878429,36.625922],[28.863536,36.616848],[28.863536003737728,36.61684799374616],[28.863536,36.61684799146884],[28.86963999605164,36.60663499806981],[28.858735,36.601304]]],[[[27.919688,36.799708991562945],[27.939951999999998,36.79563999156086],[27.959238999999997,36.79498899156052],[27.994151,36.79840699156228],[28.010508999999995,36.794337991560205],[28.027516999999996,36.78131699155349],[28.030772000000002,36.79173399155884],[28.03687599999999,36.79734899156174],[28.055430999999995,36.80857999156752],[28.05543099663047,36.808579997960486],[28.055431,36.80858],[28.049083,36.820624],[28.039561,36.826646],[28.025727,36.828803],[28.007009008295633,36.82908799987369],[28.013845,36.83592399158157],[28.023285000000005,36.833237991580205],[28.024586999999993,36.83909699158324],[28.024586998625875,36.83909699381645],[28.024587,36.839097],[28.018728,36.848619],[28.00700900979821,36.857000992991836],[28.011567,36.85765199159274],[28.01449600000001,36.85907599159351],[28.017344999999995,36.86106999159451],[28.021251,36.8632269915956],[28.02865600000001,36.860174991594036],[28.036306,36.862615991595334],[28.044931999999996,36.86725499159767],[28.055431000000006,36.87067299159946],[28.055431,36.87689899160263],[28.055431,36.876899],[28.035492,36.893378],[28.027517,36.902533],[28.021251009453152,36.911606986310574],[28.034434,36.90420199161667],[28.041840000000004,36.91160699162049],[28.041839994438437,36.91160699443918],[28.04184,36.911607],[28.035899,36.914618],[28.033214,36.91767],[28.031098,36.921332],[28.027517006830074,36.92592999123019],[28.035898999999997,36.92544199162754],[28.053232999999995,36.92649999162809],[28.06169699999999,36.92592999162784],[28.06169699999999,36.92593],[28.06169699999999,36.932114991630996],[28.061697,36.932115],[28.041840000000004,36.932115],[28.04184,36.934379991632156],[28.041839999999993,36.93890999163447],[28.06544,36.93927599163465],[28.075042999999994,36.9374049916337],[28.082205000000002,36.932114991630996],[28.088552000000007,36.936671991633325],[28.093515999999994,36.93789299163397],[28.098154999999995,36.93622499163309],[28.102603145314045,36.9326591876428],[28.05730703238772,36.76875577028751],[28.047929891326174,36.76371819350398],[28.047211,36.763332],[28.039317,36.764472],[28.034434,36.775092],[28.019705,36.763129],[27.980724,36.753811],[27.966075,36.747138],[27.959239,36.747138],[27.954112,36.759589],[27.944672,36.756252],[27.932302,36.746568],[27.917654,36.740383],[27.912446,36.754136],[27.905447,36.752875],[27.897716,36.745347],[27.89031,36.740383],[27.883149,36.743842],[27.876801,36.7508],[27.870372,36.75259],[27.863048,36.740383],[27.856212,36.740383],[27.843761,36.748928],[27.826182,36.757473],[27.806488,36.76081],[27.787852,36.753974],[27.787852,36.760809991542956],[27.787852,36.76081],[27.776052,36.755927],[27.764496,36.756496],[27.764220441399956,36.756554817180835],[27.77396043630872,36.79207127548494],[27.785655,36.80109299156364],[27.799082999999996,36.806626991566525],[27.886485,36.80882399156763],[27.897146,36.81232299156944],[27.903656,36.805812991566135],[27.919688,36.799708991562945]]],[[[27.136974,36.922878],[27.13266,36.925076],[27.130219,36.929592],[27.108979,36.948717],[27.10865300052639,36.95372099192007],[27.115895999999996,36.95754599164402],[27.134206999999996,36.958644991644604],[27.137869,36.95783099164417],[27.141448999999998,36.95453499164249],[27.144378999999997,36.953761991642104],[27.151946999999993,36.95888899164473],[27.162933999999996,36.95697699164378],[27.167490997826402,36.94859399563793],[27.161794,36.937161],[27.161794002282267,36.937160996213784],[27.161793999999993,36.93716099163361],[27.167165999999998,36.92824899162899],[27.175140987987795,36.92251200026734],[27.167817,36.922675],[27.159434,36.925767],[27.155935,36.925564],[27.15089,36.923692],[27.136974,36.922878]]],[[[27.474294,36.958808],[27.466482,36.964545],[27.459972,36.965806],[27.453543,36.967922],[27.445811,36.969997],[27.442312,36.979356],[27.435069,36.985907],[27.427013,36.989325],[27.423513006070806,36.991766995764316],[27.430918999999996,36.99677199166418],[27.440196,36.99262099166204],[27.452322000000002,36.987290991659336],[27.461843,36.98375099165754],[27.472504,36.98183799165652],[27.480804999999997,36.97874599165494],[27.49065199952009,36.972845991939394],[27.490245,36.96601],[27.480805,36.961819],[27.477143,36.958157],[27.474294,36.958808]]],[[[27.083263,37.056138],[27.077891001631823,37.057236999666166],[27.078948999999998,37.06240499169785],[27.084565,37.064113991698704],[27.092783999999998,37.062851991698075],[27.102142999999998,37.06069599169693],[27.106048999999995,37.057846991695506],[27.1092229940078,37.057846991695506],[27.106375,37.0539],[27.100922,37.053494],[27.096365,37.053371],[27.088308,37.053982],[27.083263,37.056138]]],[[[27.10580499542261,37.27867299495546],[27.101817,37.274278],[27.092865,37.272121],[27.082367000887004,37.278102999494564],[27.083831999999994,37.290797991814735],[27.08383199914471,37.290797992588445],[27.083832,37.290798],[27.082123003083,37.29234399721105],[27.087657000000007,37.30202899182052],[27.10336299330926,37.29950599289398],[27.092214,37.287665],[27.092214005443324,37.28766499759431],[27.09221399999999,37.287664991813116],[27.09782999999999,37.28518299181189],[27.099946,37.28270099181063],[27.10580499542261,37.27867299495546]]],[[[26.966889,37.452663],[26.96461,37.454088],[26.961355,37.449897],[26.960378,37.445299],[26.958344,37.443915],[26.950043,37.44717],[26.943858,37.455919],[26.942963,37.462633],[26.937918,37.467841],[26.931733,37.470689],[26.926931007021388,37.474188994882375],[26.931732999999994,37.476222991909395],[26.972259999999995,37.47215399190727],[26.973642999999992,37.474025991908256],[26.979015000000004,37.475652991909115],[26.986175999999997,37.47333399190792],[26.995942,37.46702699190467],[26.997405999999998,37.464707991903516],[27.001801,37.462265991902264],[27.007659999417537,37.45693599242941],[27.007253,37.451646],[27.00294,37.451077],[26.992035,37.458116],[26.988292,37.458808],[26.982432,37.449612],[26.974294,37.446397],[26.968435,37.449897],[26.966889,37.452663]]],[[[27.178571032742788,37.60898743769158],[27.13868986259674,37.62977269448396],[27.136241,37.631049],[27.048839,37.650133],[27.011485003037443,37.66571699873279],[27.02076299999999,37.686264992016234],[27.038341000000003,37.69013099201819],[27.105478999999992,37.686264992016234],[27.127208000000003,37.68854399201741],[27.213145,37.713445992030046],[27.226409999999994,37.720932992033845],[27.23733029421071,37.73198794719904],[27.178571032742788,37.60898743769158]]],[[[26.89121542267294,37.70198568071952],[26.886972515947356,37.722427076373314],[26.88542997834135,37.743320152556045],[26.886603218731196,37.764471089233425],[26.89009992941102,37.78359276295901],[26.916676999999996,37.77781799206271],[26.955332999999996,37.7569029920521],[26.966074999999993,37.74774799204744],[26.969900000000003,37.758774992053034],[26.969899998201473,37.75877499481507],[26.9699,37.758775],[26.964203,37.767524],[26.954356,37.776557],[26.945079007551676,37.788722990096616],[26.961598999999996,37.78440999206604],[26.973642999999996,37.78449099206608],[26.983571999999995,37.78855999206814],[26.993418999999992,37.79612899207197],[26.993988,37.7840029920658],[27.021006999999997,37.77716699206234],[27.067881981135056,37.77439999317454],[27.039317,37.764065],[27.033865,37.761379],[27.032237,37.75316],[27.03223700115689,37.753159997890876],[27.032236999999988,37.75315999205022],[27.036142999999996,37.746038992046586],[27.042246999999996,37.737981992042485],[27.047537,37.72723999203704],[27.058766999999996,37.73379099204037],[27.065277999999996,37.72907099203794],[27.066579999234605,37.718328998347374],[27.061209,37.706732],[27.036957,37.712877],[27.000824,37.70661],[26.910004,37.678046],[26.903314267306126,37.674700773098316],[26.902154601512166,37.67412087908385],[26.89811822450145,37.68218550848184],[26.89121542267294,37.70198568071952]]],[[[27.294757746450326,40.405894230947624],[26.67733120663326,40.35571352810956],[26.71461000000001,40.39061099334769],[26.735606,40.403550993353804],[26.77670299999999,40.40550399335467],[26.863047999999992,40.39988799335203],[26.897227,40.40615499335501],[26.908214,40.40371299335387],[26.934418,40.39248299334852],[26.991465999999992,40.38861699334674],[27.013356999999992,40.39248299334852],[27.041269999999997,40.409612993356646],[27.065765999999993,40.43353899336794],[27.096364999999995,40.45229699337681],[27.143076999999998,40.453924993377576],[27.177013,40.44879799337515],[27.215342999999994,40.44769899337464],[27.237558999999997,40.451849993376605],[27.271495000000005,40.46784099338414],[27.286956999999997,40.468206993384335],[27.303395999999996,40.4584409933797],[27.313731000000004,40.444077993372915],[27.328623997436484,40.413559998611554],[27.326511267889174,40.41241570645987],[27.317950279830505,40.407778948952966],[27.307313468058588,40.40691456117255],[27.303559,40.410468],[27.303233,40.410956],[27.301768,40.409003],[27.294444,40.406155],[27.294444005446792,40.406154995473045],[27.294443999999995,40.40615499335501],[27.294757746450326,40.405894230947624]]],[[[27.607270000000007,40.5054389934019],[27.640472999999997,40.494126993396506],[27.642099998877534,40.48724999813773],[27.636729,40.478339],[27.635102,40.466783],[27.635102000849542,40.46678299941767],[27.635101999999996,40.466782993383646],[27.645193000000003,40.459865993380376],[27.65308699999999,40.46039499338065],[27.6569929996776,40.45750599361774],[27.656586,40.449449],[27.645681,40.447821],[27.631521,40.453762],[27.614919,40.456732],[27.596365,40.457994],[27.582042,40.465522],[27.579926001123894,40.476548994143116],[27.590830999999998,40.48387299339169],[27.599131999999997,40.4965269933977],[27.607270000000007,40.5054389934019]]],[[[28.519054001395226,40.5614689937211],[28.536306,40.565089993429936],[28.542002999999994,40.564398993429656],[28.547211,40.56102099342802],[28.548349998665007,40.556137999148966],[28.54184,40.551988],[28.531586,40.514675],[28.519054,40.510199],[28.51612400097982,40.517848997441774],[28.522716,40.544988993420496],[28.522715999236485,40.544988996856524],[28.522716,40.544989],[28.519054001395226,40.5614689937211]]],[[[27.732676998421045,40.625189999102666],[27.714203,40.614691],[27.676443,40.610175],[27.657563,40.605414],[27.624522,40.583075],[27.604747,40.576809],[27.58253,40.584296],[27.571544,40.584662],[27.551768,40.591051],[27.535981000820467,40.601995999431175],[27.53891,40.62335799345733],[27.538909999217836,40.623357994295446],[27.53891,40.623358],[27.532074,40.630683],[27.5263780016986,40.63910599748819],[27.528635330936183,40.64445291836264],[27.53554716741149,40.644235086507884],[27.56400423054953,40.64111219645962],[27.591531297653784,40.63581459746227],[27.597482937467813,40.63413712567923],[27.617253618411084,40.64797434789845],[27.63863463083078,40.660609160250715],[27.657562999999996,40.65314399347129],[27.67335,40.65643999347288],[27.702402999999993,40.65302199347126],[27.727793999999996,40.64264599346635],[27.732676998421045,40.625189999102666]]],[[[29.105235000000004,40.84707299356186],[29.105316999999996,40.8543559935652],[29.107432,40.8571229935665],[29.110687999999993,40.86086699356829],[29.111500999999997,40.86550499357042],[29.114757,40.8680689935716],[29.129892999140882,40.87050999343421],[29.128184,40.857449],[29.125499,40.855862],[29.12322,40.85342],[29.120942,40.848131],[29.117849,40.832587],[29.10450300058759,40.839422999699025],[29.105235000000004,40.84707299356186]]],[[[29.04317339527853,41.06801223121303],[29.042206903771625,41.06641940511458],[29.042166,41.066352],[29.031505,41.05386],[29.023285,41.048814],[29.005544,41.044501],[28.997325,41.039862],[28.989513,41.031073],[28.988048,41.025784],[28.988048000524522,41.02578399553835],[28.988048000000003,41.025783993644716],[28.988536000000003,41.02163299364277],[28.989594,41.01707599364068],[28.992523999816267,41.01365799385341],[28.992361,41.008205],[28.986501,41.002631],[28.981944,41.001654],[28.96046,41.002997],[28.951834,41.008612],[28.946137,41.009467],[28.94044,41.006822],[28.931651,40.997748],[28.928396,40.995795],[28.917491,40.993598],[28.899262,40.98428],[28.859548,40.978013],[28.849946,40.975287],[28.844249,40.97191],[28.840017,40.967678],[28.833751,40.963935],[28.822032,40.961615],[28.797618,40.962551],[28.785981,40.965644],[28.781016,40.971869],[28.770193,40.979315],[28.745291,40.98017],[28.625255,40.968411],[28.595225001550755,40.977972999506214],[28.603526000000006,41.00946699363719],[28.603525998615584,41.00946699474754],[28.603526,41.009467],[28.591807,41.018866],[28.584809,41.02204],[28.57553100185884,41.02366799967383],[28.582529999999995,41.046372993654245],[28.58252999878805,41.046372996068406],[28.58253,41.046373],[28.572439,41.066474],[28.570191810534485,41.06801223121303],[29.04317339527853,41.06801223121303]]],[[[28.435313,41.042914],[28.402192,41.047309],[28.332774,41.066555],[28.32288104533976,41.06778576939684],[28.321060749067048,41.06801223121303],[28.536219965351524,41.06801223121303],[28.554534999999994,41.05365599365757],[28.562510999999997,41.0367699936498],[28.56283599982712,41.02667899901293],[28.560313,41.012274],[28.553559,40.998358],[28.541352,40.989569],[28.512462,40.992662],[28.460704,41.032864],[28.435313,41.042914]]],[[[29.206227999999985,41.22919299373834],[29.216155999999994,41.23940699374304],[29.23178100000001,41.24070899374361],[29.419607,41.21430099373147],[29.618825999999984,41.17889999371523],[29.73480780895216,41.16584943833846],[29.09004853969172,41.13827225461973],[29.090586999999996,41.140936993697764],[29.090586998854114,41.14093699432924],[29.090587,41.140937],[29.069102003652226,41.152776997987324],[29.092621000000005,41.18036499371595],[29.130056,41.211899993730405],[29.169687999999997,41.233099993740105],[29.199961999999992,41.22919299373834],[29.206227999999985,41.22919299373834]]],[[[28.348419974573353,44.36438413022795],[28.354178842562103,44.37655685156007],[28.365759001936205,44.39805474109377],[28.37226926628815,44.40769911191945],[28.328374719856747,44.19545125942682],[28.325555813479422,44.21421257666484],[28.32498333094787,44.23474085788426],[28.326196650327343,44.27281584714921],[28.32952642359936,44.30192917841604],[28.332263691592757,44.3158851092414],[28.338710895823226,44.34026283759925],[28.348419974573353,44.36438413022795]]],[[[28.994884,44.711127],[28.981293,44.729438],[28.97494600174333,44.74493999574206],[28.997324999999996,44.75161399522473],[29.021494999999998,44.7547059952259],[29.058279000000006,44.76829699523109],[29.098155000000006,44.77537699523381],[29.120615999999988,44.78656599523808],[29.12551706662547,44.791301848227874],[29.128342843782757,44.77078207300306],[29.056034489615598,44.73527198089211],[29.055837,44.735175],[29.026378,44.714667],[29.000743,44.68891],[28.99390700029595,44.6963569996776],[28.994883999999995,44.71112699520922],[28.99488399970903,44.711126995601234],[28.994884,44.711127]]],[[[29.087901,44.842719],[29.073497,44.835435],[29.060313,44.832343],[29.048595,44.847154],[29.044119,44.865546],[29.04175900017238,44.92568599560724],[29.05209400000001,44.94464799529817],[29.098806000000003,44.956976995302846],[29.106092222784977,44.965041855966426],[29.104123163842324,44.94720639447392],[29.116067102387344,44.86004665774716],[29.096365,44.875067],[29.096365002185784,44.87506699360542],[29.096365,44.8750669952718],[29.101816999999993,44.859116995265744],[29.10336299999999,44.851303995262775],[29.10376999982399,44.840277000027086],[29.087901,44.842719]]],[[[34.007091,27.47606],[33.98585,27.482123],[33.976085,27.487372],[33.966563,27.497626],[33.956309,27.504381],[33.933767,27.494696],[33.92449,27.50141],[33.917491,27.51317],[33.913585003331626,27.523707991011598],[33.9192,27.530218987150743],[33.925792,27.534328987152243],[33.933116,27.536362987152987],[33.941416999999994,27.53676998715318],[33.964122,27.53412498715218],[33.97193399999999,27.52964898715054],[33.980723999999995,27.52460398714868],[33.98878,27.51825598714633],[33.99390699999999,27.514308987144915],[34.006602,27.509466987143107],[34.02849399999999,27.502020987140376],[34.03492299999999,27.48501198713416],[34.03842199999999,27.46661998712739],[34.051280000000006,27.45481998712309],[34.05128,27.448635],[34.0442,27.449612],[34.031098,27.451483],[34.013031,27.469957],[34.007091,27.47606]]],[[[33.674571,28.160549],[33.66977,28.163723],[33.665701,28.165717],[33.662446,28.168769],[33.66033,28.174872],[33.654063,28.174872],[33.654063000000015,28.17487198739598],[33.654063,28.167385],[33.646658,28.167385],[33.643565,28.172309],[33.634776,28.181301],[33.632986,28.184475],[33.618175,28.233303],[33.612804,28.240627],[33.605642,28.236274],[33.597911,28.249742],[33.574392,28.280748],[33.564708,28.297105],[33.43393,28.3664],[33.427501,28.376899],[33.423188,28.378241],[33.400157,28.414455],[33.38087,28.430243],[33.3689880003524,28.44232799964158],[33.369150999999995,28.44794298750441],[33.36915099964401,28.447942987736976],[33.369151,28.447943],[33.305186,28.489732],[33.29477,28.499416],[33.290294,28.506903],[33.28712,28.515082],[33.278819,28.527533],[33.267833,28.538886],[33.25619600759848,28.54413499657262],[33.262462,28.55158098754621],[33.26246199999999,28.544134987543206],[33.269785999999996,28.544134987543206],[33.26978599741312,28.544135],[33.269786,28.544135],[33.26295,28.577053],[33.246104,28.579495],[33.237641,28.566107],[33.2376410052638,28.566106995879178],[33.237641,28.566106987552146],[33.2561959742862,28.55158100767656],[33.239431,28.556586],[33.228689,28.569403],[33.223155,28.587836],[33.219005,28.627997],[33.212576,28.645006],[33.19483500335098,28.675115994312712],[33.204763,28.695013987604757],[33.21778400000001,28.74103398762367],[33.22160530723235,28.7493430922368],[33.348381722235786,28.506541728760073],[33.8178604262728,28.14640625535554],[33.83446850406425,28.132227401041757],[33.848998037559376,28.11677538863553],[33.86131582145005,28.100192692973366],[33.871309099149876,28.082632177966573],[33.87888657807598,28.064255680391984],[33.883979244779425,28.045232512083697],[33.88654097336384,28.025737894619624],[33.88654892259289,28.005951341168068],[33.88212232867318,27.93650736109863],[33.880244229727104,27.93521533154386],[33.879405,27.934638],[33.865571,27.96133],[33.858897,27.955146],[33.849864,27.96483],[33.815115,27.991034],[33.806895,27.994574],[33.80421,27.996039],[33.800466,28.000474],[33.796886,28.009019],[33.793712,28.013129],[33.786794,28.017971],[33.779145,28.020819],[33.76335700028711,28.02399299994228],[33.763927,28.049017987346893],[33.76392699971535,28.04901798750275],[33.763927,28.049018],[33.715994,28.075263],[33.715505,28.092922],[33.701427,28.103827],[33.684337,28.124335],[33.67253700140229,28.145981997427512],[33.67457099999999,28.16054898739035],[33.674570998388106,28.16054898845599],[33.674571,28.160549]]],[[[33.174360311021644,28.839931446558086],[33.18826036454789,28.813273325056272],[33.181,28.818508],[33.174571,28.836982],[33.174360311021644,28.839931446558086]]],[[[32.839366,29.31623],[32.819102,29.359076],[32.81739300114512,29.359767999536324],[32.821056,29.3970399879005],[32.821055999172515,29.397039991580147],[32.821056,29.39704],[32.817231,29.414049],[32.790294,29.425442],[32.74154701928669,29.455958987925985],[32.749196999999995,29.455958987925985],[32.74919699355164,29.455959],[32.749197,29.455959],[32.745372,29.463121],[32.741059,29.466742],[32.735688,29.468329],[32.72852601098838,29.46963099800239],[32.73096799999999,29.471868987932908],[32.73365299999999,29.473862987933753],[32.735362,29.47728098793527],[32.735361998999856,29.47728099799971],[32.735362,29.477281],[32.734711,29.483832],[32.728526,29.483832],[32.723806,29.475287],[32.721446,29.467475],[32.72144600154535,29.46747499304643],[32.72144599999999,29.46747498793102],[32.72291100000001,29.46088298792814],[32.728525986231595,29.455959],[32.715017002457536,29.455959],[32.722503999999994,29.492742987941995],[32.724132,29.53953698796234],[32.72413199962658,29.539536989266683],[32.724132,29.539537],[32.712413,29.580471],[32.680837,29.599921],[32.68083699999999,29.60614698799147],[32.686859999999996,29.61814998799675],[32.68685999937933,29.618149998763087],[32.68686,29.61815],[32.686046,29.63227],[32.682465,29.64704],[32.68083700080812,29.66136299289025],[32.683279,29.676092988022166],[32.691905,29.696518988031183],[32.69385799999999,29.70604098803538],[32.69385799957013,29.706040997904115],[32.693858,29.706041],[32.693126,29.722846],[32.690684,29.733629],[32.686778,29.741848],[32.680837,29.7508],[32.656423,29.777086],[32.653005,29.788316],[32.648448,29.794623],[32.625499,29.815253],[32.60450300506464,29.824163997850494],[32.60954799999999,29.833888988091964],[32.61996500000001,29.843165988096093],[32.625499,29.846339988097487],[32.62549899993073,29.84633999996027],[32.625499,29.84634],[32.625336,29.874254],[32.612478,29.893744],[32.57927054603505,29.922264087252454],[32.60188293457032,29.922264087252454],[32.857884573312404,30.04220973870072],[32.858388468974205,30.032241093654832],[32.85778333362379,30.024800773245055],[32.85810965368643,30.024000850576616],[32.86222079471923,30.00844323606342],[32.86692913377321,30.00231207842398],[32.87975947245184,29.982810769794146],[32.89095719871072,29.962922611781973],[32.899076744766546,29.942009211811712],[32.90402513950063,29.920313151815176],[32.905683192350935,29.898898922735224],[32.9129076830814,29.887666083307344],[32.91395569099065,29.885565123700175],[32.91693942925035,29.88234616352708],[32.93485287678563,29.859618719748802],[32.940781234581785,29.850661545260472],[32.942664358075895,29.847327938984623],[32.75748914990619,29.760524818654506],[32.72608119898216,29.657211049673027],[32.881897810677756,29.46603704010087],[32.89510192692719,29.44749817507005],[32.90544796404768,29.427805418207598],[32.91282161812634,29.407178472671248],[32.9171417633548,29.385847391108225],[32.94011985930845,29.20756275245499],[32.91977,29.217515],[32.898611,29.231024],[32.88559,29.243069],[32.880138,29.258857],[32.875499,29.279486],[32.868337,29.297431],[32.855235,29.305121],[32.845958,29.308336],[32.839366,29.31623]]],[[[32.989267996947525,31.073432002347186],[32.978526,31.081692],[32.975108,31.086493],[32.96973701732353,31.086574999735518],[32.977061,31.09125398867045],[32.983084,31.089910988669825],[32.98699,31.083644988666823],[32.989267996947525,31.073432002347186]]],[[[33.35255,31.194891988719736],[33.37598700000001,31.18952098871714],[33.406016,31.184474988714722],[33.43295299999999,31.172064988708833],[33.475921892827934,31.141750064305224],[33.454356,31.15469],[33.298676,31.212795],[33.26978610294456,31.216782985789447],[33.301117,31.2158879887297],[33.35255,31.194891988719736]]],[[[33.182872,31.228013],[33.153087,31.231757],[33.118988,31.223619],[33.10255,31.226752],[33.076427,31.218736],[32.955903,31.163153],[32.93474401916107,31.147935013781048],[32.946462,31.163274988704643],[32.969737,31.17304098870932],[32.98910599999999,31.182073988713626],[33.00147499999999,31.188299988716544],[33.01482200000001,31.196722988720555],[33.066904999999984,31.217433988730466],[33.078624000000005,31.227117988735035],[33.10474700000002,31.240301988741365],[33.26246198565142,31.223618990251193],[33.256114,31.219306],[33.2435,31.219306],[33.212576,31.224311],[33.182872,31.228013]]],[[[29.760670999999995,36.13751899122149],[29.764088992312143,36.13568799533887],[29.757579,36.131741],[29.747081,36.125474],[29.739513,36.122301],[29.73861700366834,36.122301],[29.742524,36.13165899121844],[29.750662,36.138820991222154],[29.760670999999995,36.13751899122149]]],[[[33.778005011899445,36.17369200968139],[33.781261,36.17873799124282],[33.78760797681481,36.181504981136534],[33.778005011899445,36.17369200968139]]],[[[29.891531,36.182644],[29.884613,36.173082],[29.878266,36.174913],[29.870779,36.173855],[29.860362,36.171495],[29.85019,36.169949],[29.842784,36.167141],[29.839692006017238,36.17055899334834],[29.845957999999996,36.17275599123969],[29.854421000000002,36.178493991242675],[29.861176,36.18134199124415],[29.873953,36.18642799124679],[29.892995999999993,36.19106699124918],[29.91195699481858,36.1994899889518],[29.90919,36.19359],[29.901052,36.189399],[29.897716,36.184597],[29.892263,36.184312],[29.891531,36.182644]]],[[[30.240488999999997,41.19232799372143],[30.247929714251004,41.18779385311406],[30.23610174115929,41.18728803706665],[30.240488999999997,41.19232799372143]]],[[[30.282481,41.21552199373203],[30.295583999999998,41.207423993728334],[30.336681000000002,41.20083199372529],[30.351391073628314,41.19221826535289],[30.24863983273627,41.18782422086047],[30.259043999999992,41.19574599372299],[30.271250999999985,41.21116799373005],[30.282481,41.21552199373203]]],[[[31.392833001708663,41.30365599581131],[31.403574999999993,41.316473993778224],[31.425140999999996,41.32257699378107],[31.459801913310564,41.32423610804702],[31.41626333068889,41.28440153674955],[31.41505,41.285875],[31.396169,41.295478],[31.392833001708663,41.30365599581131]]]]}}