{
"type": "FeatureCollection",
"name": "achaemenid_qgis_20000m",
"crs": { "type": "name", "properties": { "name": "urn:ogc:def:crs:OGC:1.3:CRS84" } },
"xy_coordinate_resolution": 1e-15,
"features": [
{ "type": "Feature", "properties": { "fid": 1, "to_year": -500, "from_year": -529, "geometry_id": "f8a44a0b-f574-4c55-b5b1-b1e803f78543", "source_native_id": "15232" }, "geometry": { "type": "MultiPolygon", "coordinates": [ [ [ [ 34.500011, 28.00381098732942 ], [ 34.504893, 28.00991398733176 ], [ 34.510753, 28.014145987333411 ], [ 34.517345, 28.016546987334312 ], [ 34.534841, 28.008245987331112 ], [ 34.540538, 28.003118987329145 ], [ 34.5442, 27.996038987326411 ], [ 34.51824, 27.991359987324596 ], [ 34.506847, 27.986232987322612 ], [ 34.503184, 27.975571987318528 ], [ 34.507904, 27.971176987316831 ], [ 34.497813, 27.968735987315871 ], [ 34.494395, 27.98822698732338 ], [ 34.489513, 27.996038987326411 ], [ 34.493012, 28.000799987328268 ], [ 34.494395, 28.001775987328596 ], [ 34.494477, 28.001653987328574 ], [ 34.496349, 27.996038987326411 ], [ 34.49643, 27.996201987326451 ], [ 34.500011, 28.00381098732942 ] ] ], [ [ [ 35.499766, 33.911199990071374 ], [ 35.511241, 33.907049990069289 ], [ 35.517345, 33.902532990066952 ], [ 35.482504165387816, 33.853117346396282 ], [ 35.483002, 33.8651799900478 ], [ 35.483246, 33.872462990051517 ], [ 35.479991, 33.884262990057593 ], [ 35.473806, 33.893865990062473 ], [ 35.47047, 33.902085990066709 ], [ 35.475841, 33.909979990070781 ], [ 35.486583, 33.912990990072302 ], [ 35.499766, 33.911199990071374 ] ] ], [ [ [ 35.941254, 35.180568990726123 ], [ 35.951684893537973, 35.1891343199228 ], [ 35.95064713832339, 35.187945293137794 ], [ 35.939791915376496, 35.178720539804523 ], [ 35.941254, 35.180568990726123 ] ] ], [ [ [ 27.892345, 35.971909991135867 ], [ 27.863536, 35.940984991119876 ], [ 27.827403, 35.913763991105782 ], [ 27.780447, 35.8900409910935 ], [ 27.739268, 35.913152991105449 ], [ 27.732677, 35.915106991106455 ], [ 27.730317, 35.921779991109936 ], [ 27.71225, 35.952703991125958 ], [ 27.725352, 35.967189991133417 ], [ 27.75408, 36.037176991169602 ], [ 27.76002, 36.061956991182406 ], [ 27.757091, 36.084376991194048 ], [ 27.746837, 36.096176991200146 ], [ 27.733165, 36.104640991204498 ], [ 27.708832, 36.127101991216122 ], [ 27.707286, 36.132024991218678 ], [ 27.713552, 36.139796991222681 ], [ 27.71225, 36.144476991225098 ], [ 27.702891, 36.150457991228166 ], [ 27.696544, 36.149562991227704 ], [ 27.690929, 36.149481991227667 ], [ 27.684255, 36.158148991232139 ], [ 27.700694, 36.163397991234888 ], [ 27.739513, 36.185451991246239 ], [ 27.763357, 36.192205991249757 ], [ 27.771983, 36.197820991252655 ], [ 27.767426, 36.205958991256843 ], [ 27.776052, 36.211614991259786 ], [ 27.778087, 36.217107991262651 ], [ 27.778168, 36.223699991266066 ], [ 27.780447, 36.232610991270654 ], [ 27.78712, 36.245184991277128 ], [ 27.794119, 36.254339991281846 ], [ 27.803233, 36.270208991290069 ], [ 27.807872, 36.274236991292121 ], [ 27.837413, 36.280991991295629 ], [ 27.84197, 36.284734991297547 ], [ 27.849457, 36.293523991302088 ], [ 27.882823, 36.321478991316525 ], [ 27.89031, 36.332586991322231 ], [ 27.899669, 36.340154991326195 ], [ 27.959239, 36.35675699133472 ], [ 28.070811, 36.405340991359822 ], [ 28.085785, 36.414780991364701 ], [ 28.118419, 36.427679991371335 ], [ 28.18393, 36.424464991369703 ], [ 28.213878, 36.455470991385688 ], [ 28.222423, 36.455999991385944 ], [ 28.23113, 36.449773991382763 ], [ 28.239757, 36.438665991377015 ], [ 28.239757, 36.432521991373818 ], [ 28.225841, 36.417954991366337 ], [ 28.236339, 36.373032991343145 ], [ 28.215831, 36.363592991338308 ], [ 28.211192, 36.357651991335231 ], [ 28.205089, 36.322658991317148 ], [ 28.197439, 36.311956991311632 ], [ 28.175466, 36.290431991300522 ], [ 28.170909, 36.277980991294072 ], [ 28.168468, 36.249822991279508 ], [ 28.163422, 36.237697991273272 ], [ 28.154552, 36.232610991270654 ], [ 28.148448, 36.226059991267256 ], [ 28.135916, 36.195216991251364 ], [ 28.130544, 36.185451991246239 ], [ 28.127696, 36.186468991246819 ], [ 28.110037, 36.186590991246874 ], [ 28.103282, 36.185451991246239 ], [ 28.100922, 36.181382991244178 ], [ 28.099132, 36.174464991240569 ], [ 28.095225, 36.167872991237182 ], [ 28.085785, 36.164983991235715 ], [ 28.061697, 36.116522991210658 ], [ 28.070811, 36.111028991207817 ], [ 28.078787, 36.107407991205932 ], [ 28.086681, 36.105128991204786 ], [ 28.096446, 36.103501991203927 ], [ 28.093761, 36.095281991199649 ], [ 28.089854, 36.088283991196043 ], [ 28.083751, 36.081935991192715 ], [ 28.075938, 36.075587991189515 ], [ 28.080089, 36.071356991187294 ], [ 28.08961, 36.055120991178867 ], [ 28.037608, 36.068426991185802 ], [ 28.016938, 36.068995991186064 ], [ 27.993419, 36.061956991182406 ], [ 27.948416, 36.039007991170571 ], [ 27.932302, 36.025335991163516 ], [ 27.892345, 35.971909991135867 ] ] ], [ [ [ 28.017755056395778, 36.705256709657881 ], [ 28.021332, 36.705063991514251 ], [ 28.007009, 36.699367991511338 ], [ 28.004691069773031, 36.701685916720351 ], [ 28.017755056395778, 36.705256709657881 ] ] ], [ [ [ 27.061209, 36.839341991583353 ], [ 27.164236, 36.891180991609964 ], [ 27.189972425578528, 36.89444456726816 ], [ 27.323416, 36.848699991588148 ], [ 27.214203, 36.823878991575363 ], [ 27.190766, 36.812322991569438 ], [ 27.129893, 36.760809991542956 ], [ 27.10906, 36.758286991541681 ], [ 27.083181, 36.761216991543186 ], [ 27.060069, 36.76740099154641 ], [ 27.047537, 36.775091991550276 ], [ 26.992035, 36.753606991539286 ], [ 26.975759, 36.740789991532623 ], [ 26.986013, 36.719874991521905 ], [ 26.97169, 36.716253991520034 ], [ 26.965668, 36.705551991514533 ], [ 26.966563, 36.691717991507446 ], [ 26.972911, 36.678899991500828 ], [ 26.955333, 36.681707991502229 ], [ 26.937266, 36.692775991507965 ], [ 26.92335, 36.706203991514897 ], [ 26.917735, 36.716131991519987 ], [ 26.920258, 36.751165991537988 ], [ 26.92628, 36.765610991545437 ], [ 26.937673, 36.760809991542956 ], [ 26.942393, 36.766261991545775 ], [ 26.953868, 36.775945991550721 ], [ 26.958751, 36.781316991553481 ], [ 26.964041, 36.778021991551824 ], [ 26.986013, 36.767645991546459 ], [ 26.999522, 36.778509991552035 ], [ 27.007498, 36.787827991556853 ], [ 27.020763, 36.808579991567527 ], [ 27.055186, 36.832667991579932 ], [ 27.061209, 36.839341991583353 ] ] ], [ [ [ 27.040375, 36.945053991637629 ], [ 27.023611, 36.94501399163758 ], [ 27.036249747074592, 36.952622991641519 ], [ 27.04127, 36.952622991641519 ], [ 27.041269971752463, 36.955645240451773 ], [ 27.047537, 36.959417991645033 ], [ 27.040375, 36.945053991637629 ] ] ], [ [ [ 26.325206, 38.365545992359067 ], [ 26.325938, 38.354925992353749 ], [ 26.322765, 38.345525992349039 ], [ 26.314301, 38.336736992344626 ], [ 26.311778, 38.371160992361901 ], [ 26.315684, 38.373480992363056 ], [ 26.321137, 38.377671992365165 ], [ 26.325206, 38.365545992359067 ] ] ], [ [ [ 25.905772, 38.225042992288564 ], [ 25.894379, 38.222479992287262 ], [ 25.889822, 38.220648992286328 ], [ 25.89031, 38.227443992289793 ], [ 25.889334, 38.241277992296695 ], [ 25.889822, 38.247991992300086 ], [ 25.873302, 38.239731992295965 ], [ 25.866059, 38.2456729922989 ], [ 25.867524, 38.259710992305948 ], [ 25.876231, 38.275294992313761 ], [ 25.885916, 38.281886992317098 ], [ 25.898936, 38.285711992319001 ], [ 25.917247, 38.288966992320688 ], [ 25.922618, 38.292181992322263 ], [ 25.934255, 38.302638992327502 ], [ 25.958751, 38.301214992326827 ], [ 25.964366, 38.302638992327502 ], [ 25.970876, 38.314357992333406 ], [ 25.971446, 38.326645992339557 ], [ 25.975597, 38.337225992344841 ], [ 25.992198, 38.343572992348093 ], [ 25.98699, 38.354803992353695 ], [ 25.989024, 38.37929899236601 ], [ 25.985362, 38.392034992372324 ], [ 25.983572, 38.388006992370329 ], [ 25.983409, 38.387029992369847 ], [ 25.973481, 38.392726992372687 ], [ 25.967459, 38.398504992375614 ], [ 25.959809, 38.402736992377719 ], [ 25.950694, 38.405665992379198 ], [ 25.956309, 38.414536992383645 ], [ 25.955577, 38.428208992390488 ], [ 25.950531, 38.442571992397667 ], [ 25.943858, 38.453436992403098 ], [ 25.931895, 38.463201992407981 ], [ 25.920665, 38.466456992409604 ], [ 25.907481, 38.468328992410562 ], [ 25.889822, 38.473943992413382 ], [ 25.875255, 38.48354699241812 ], [ 25.843272, 38.515325992434065 ], [ 25.834646, 38.52855099244065 ], [ 25.832774, 38.544093992448396 ], [ 25.838145, 38.555161992453968 ], [ 25.845225, 38.565903992459333 ], [ 25.848888, 38.580389992466543 ], [ 25.995372, 38.604233992478434 ], [ 26.01588, 38.602036992477295 ], [ 26.063975, 38.590032992471336 ], [ 26.066254, 38.583196992467904 ], [ 26.108246, 38.542791992447818 ], [ 26.11085, 38.54718699244998 ], [ 26.112315, 38.551702992452206 ], [ 26.115408, 38.555161992453968 ], [ 26.121918, 38.556463992454574 ], [ 26.130707, 38.567205992459975 ], [ 26.143565, 38.564398992458521 ], [ 26.154552, 38.5559759924543 ], [ 26.163585, 38.542791992447818 ], [ 26.15089, 38.530421992441582 ], [ 26.149181, 38.51048399243161 ], [ 26.144379, 38.492905992422841 ], [ 26.121918, 38.487534992420116 ], [ 26.129731, 38.478460992415641 ], [ 26.133962, 38.475897992414325 ], [ 26.142426, 38.473943992413382 ], [ 26.136404, 38.467718992410241 ], [ 26.154063, 38.46727099241 ], [ 26.154552, 38.460882992406816 ], [ 26.142426, 38.446600992399709 ], [ 26.139415, 38.431463992392118 ], [ 26.139334, 38.418890992385812 ], [ 26.149913, 38.343572992348093 ], [ 26.163585, 38.302638992327502 ], [ 26.137055, 38.29962799232603 ], [ 26.113536, 38.284246992318252 ], [ 26.102224, 38.261704992306953 ], [ 26.112071, 38.237493992294787 ], [ 26.112071, 38.222601992287302 ], [ 26.088145, 38.212591992282263 ], [ 26.04005, 38.200180992276046 ], [ 26.032074, 38.189682992270775 ], [ 26.02589, 38.167140992259405 ], [ 26.019705, 38.15924699225544 ], [ 26.009776, 38.156723992254179 ], [ 25.989106, 38.163803992257741 ], [ 25.974864, 38.166001992258892 ], [ 25.96461, 38.171860992261806 ], [ 25.942393, 38.194972992273435 ], [ 25.938243, 38.196478992274187 ], [ 25.934093, 38.195501992273734 ], [ 25.92449, 38.203110992277544 ], [ 25.914887, 38.215032992283518 ], [ 25.910411, 38.226954992289492 ], [ 25.905772, 38.225042992288564 ] ] ], [ [ [ 26.184581, 38.538600992445637 ], [ 26.185069, 38.542181992447468 ], [ 26.203787, 38.541041992446864 ], [ 26.207693, 38.539658992446221 ], [ 26.211925, 38.534124992443424 ], [ 26.199148, 38.52252799243761 ], [ 26.184581, 38.538600992445637 ] ] ], [ [ [ 26.115571, 39.066717992707702 ], [ 26.104259, 39.074651992711651 ], [ 26.087901, 39.077215992712908 ], [ 26.087901, 39.08344099271595 ], [ 26.093761, 39.085272992716838 ], [ 26.102061, 39.090887992719608 ], [ 26.109223, 39.092677992720475 ], [ 26.113536, 39.092107992720251 ], [ 26.117198, 39.091009992719677 ], [ 26.121918, 39.090887992719608 ], [ 26.160167, 39.09772399272299 ], [ 26.164561, 39.100652992724413 ], [ 26.180675, 39.121282992734592 ], [ 26.191417, 39.127589992737661 ], [ 26.202403, 39.129095992738407 ], [ 26.213715, 39.129339992738537 ], [ 26.225597, 39.131821992739745 ], [ 26.252289, 39.152329992749877 ], [ 26.282237, 39.169866992758479 ], [ 26.283376, 39.172796992759935 ], [ 26.293468, 39.177150992762037 ], [ 26.290212, 39.186753992766796 ], [ 26.28004, 39.196437992771529 ], [ 26.269786, 39.200750992773635 ], [ 26.237641, 39.206854992776634 ], [ 26.225597, 39.207586992777031 ], [ 26.204356, 39.205796992776143 ], [ 26.187348, 39.202052992774284 ], [ 26.17335, 39.195013992770804 ], [ 26.160167, 39.183335992765087 ], [ 26.145274, 39.155665992751501 ], [ 26.142426, 39.155747992751508 ], [ 26.097423, 39.10565799272689 ], [ 26.082774, 39.095159992721747 ], [ 26.063975, 39.090887992719608 ], [ 26.042979, 39.093206992720752 ], [ 25.958344, 39.117661992732756 ], [ 25.943858, 39.124415992736125 ], [ 25.929373, 39.13324599274047 ], [ 25.919932, 39.137111992742383 ], [ 25.906993, 39.138657992743092 ], [ 25.888927, 39.144720992746088 ], [ 25.85434, 39.172064992759559 ], [ 25.834646, 39.179632992763253 ], [ 25.834646, 39.187078992766928 ], [ 25.845958, 39.19037499276854 ], [ 25.849946, 39.19940799277299 ], [ 25.851573, 39.210882992778657 ], [ 25.855154, 39.221258992783696 ], [ 25.850922, 39.222316992784258 ], [ 25.848318, 39.223943992785046 ], [ 25.845876, 39.225897992785974 ], [ 25.842052, 39.228012992787043 ], [ 25.849783, 39.23216399278904 ], [ 25.853526, 39.236395992791167 ], [ 25.854991, 39.242498992794118 ], [ 25.855154, 39.252264992798906 ], [ 25.858653, 39.259222992802336 ], [ 25.86671, 39.263250992804338 ], [ 25.876231, 39.266017992805672 ], [ 25.883067, 39.268987992807112 ], [ 25.910655, 39.289617992817242 ], [ 25.917247, 39.296941992820834 ], [ 25.924083, 39.296941992820834 ], [ 25.936371, 39.27655699281086 ], [ 25.968923, 39.278631992811839 ], [ 26.006196, 39.28632199281563 ], [ 26.033214, 39.282659992813862 ], [ 26.037283, 39.288234992816548 ], [ 26.041189, 39.292384992818626 ], [ 26.044607, 39.296860992820761 ], [ 26.046886, 39.303167992823866 ], [ 26.052501, 39.294012992819368 ], [ 26.053722, 39.28949599281718 ], [ 26.060557, 39.28949599281718 ], [ 26.07309, 39.303208992823919 ], [ 26.094005, 39.310491992827444 ], [ 26.136404, 39.316229992830259 ], [ 26.162771, 39.323634992833924 ], [ 26.172537, 39.335394992839632 ], [ 26.170909, 39.353216992848381 ], [ 26.163669248412607, 39.378557062721356 ], [ 26.216492326814574, 39.380075594853317 ], [ 26.343028, 39.38300199286293 ], [ 26.362153, 39.37885199286093 ], [ 26.354747, 39.356512992849993 ], [ 26.373383, 39.346909992845283 ], [ 26.400238, 39.341253992842496 ], [ 26.417491, 39.330470992837228 ], [ 26.411388, 39.320949992832617 ], [ 26.379649, 39.282659992813862 ], [ 26.382172, 39.277085992811116 ], [ 26.424164, 39.245102992795438 ], [ 26.458344, 39.2342799927901 ], [ 26.466319, 39.22923399278762 ], [ 26.470714, 39.225164992785587 ], [ 26.504731, 39.185003992765914 ], [ 26.517914, 39.175970992761449 ], [ 26.539724, 39.16596099275656 ], [ 26.526622, 39.159124992753206 ], [ 26.530772, 39.150620992749012 ], [ 26.537771, 39.143051992745306 ], [ 26.54713, 39.135320992741512 ], [ 26.547699, 39.125311992736556 ], [ 26.550548, 39.119207992733578 ], [ 26.556814, 39.116888992732427 ], [ 26.567638, 39.118149992733038 ], [ 26.566254, 39.097967992723078 ], [ 26.579438, 39.075343992711971 ], [ 26.597911, 39.056870992702855 ], [ 26.612315, 39.049261992699094 ], [ 26.612315, 39.040228992694622 ], [ 26.610037, 39.022934992686096 ], [ 26.597423, 39.011948992680701 ], [ 26.567638, 39.021958992685647 ], [ 26.551443, 39.015040992682238 ], [ 26.539399, 39.019354992684349 ], [ 26.529552, 39.028550992688892 ], [ 26.519298, 39.036281992692686 ], [ 26.526622, 39.042466992695779 ], [ 26.517589, 39.047511992698219 ], [ 26.516124, 39.052638992700743 ], [ 26.518077, 39.057806992703327 ], [ 26.519298, 39.062933992705858 ], [ 26.520356, 39.066310992707507 ], [ 26.526052, 39.077215992712908 ], [ 26.526622, 39.08344099271595 ], [ 26.515147, 39.091009992719677 ], [ 26.513031, 39.094305992721331 ], [ 26.50587, 39.10919799272866 ], [ 26.489268, 39.11367399273086 ], [ 26.454926, 39.111395992729726 ], [ 26.437022, 39.103501992725853 ], [ 26.452973, 39.086411992717409 ], [ 26.491954, 39.062933992705858 ], [ 26.528819, 39.021063992685228 ], [ 26.54713, 39.008978992679239 ], [ 26.54713, 39.001531992675588 ], [ 26.544607, 38.997218992673417 ], [ 26.543712, 38.997381992673503 ], [ 26.544688, 38.996242992672919 ], [ 26.54713, 38.987859992668753 ], [ 26.521169, 38.978948992664407 ], [ 26.489268, 38.972560992661244 ], [ 26.424164, 38.967352992658682 ], [ 26.407074, 38.969467992659709 ], [ 26.375173, 38.978908992664408 ], [ 26.339366, 38.982855992666323 ], [ 26.325531, 38.987697992668679 ], [ 26.300792, 39.001531992675588 ], [ 26.276378, 39.010646992680051 ], [ 26.217133, 39.020696992685018 ], [ 26.165701, 39.022405992685854 ], [ 26.155284, 39.024969992687119 ], [ 26.146332, 39.032130992690639 ], [ 26.115571, 39.066717992707702 ] ] ], [ [ [ 32.645501274566058, 41.841667586865263 ], [ 32.63556400537658, 41.843241081445882 ], [ 32.639659, 41.843898994016463 ], [ 32.645501274566058, 41.841667586865263 ] ] ], [ [ [ 59.361127032674716, 25.446603932929175 ], [ 59.431059204427868, 25.457668643217396 ], [ 59.397288, 25.451845986477331 ], [ 59.361127032674716, 25.446603932929175 ] ] ], [ [ [ 55.868438708926121, 26.666519524316922 ], [ 55.855479, 26.644109986840395 ], [ 55.868337, 26.66644898684784 ], [ 55.868438708926121, 26.666519524316922 ] ] ], [ [ [ 56.271332, 26.946966986942837 ], [ 56.255219, 26.938787986940003 ], [ 56.193533, 26.92454698693507 ], [ 56.171397, 26.906805986929037 ], [ 56.148692, 26.862005986913712 ], [ 56.137218, 26.844671986907773 ], [ 56.095876, 26.806870986894968 ], [ 56.089366, 26.793523986890438 ], [ 56.080821, 26.785345986887673 ], [ 56.042817, 26.768133986881889 ], [ 56.03419, 26.759018986878825 ], [ 56.025645, 26.754095986877147 ], [ 55.97641, 26.711574986862875 ], [ 55.947032, 26.696274986857755 ], [ 55.924001, 26.70502398686067 ], [ 55.902192, 26.724839986867348 ], [ 55.876638, 26.742905986873396 ], [ 55.809825, 26.712062986863032 ], [ 55.79127, 26.697902986858317 ], [ 55.772716, 26.68838098685513 ], [ 55.751313, 26.688543986855183 ], [ 55.705821, 26.694524986857203 ], [ 55.685557, 26.690496986855827 ], [ 55.664236, 26.681544986852849 ], [ 55.610362, 26.64691798684132 ], [ 55.554454, 26.625636986834309 ], [ 55.520518, 26.603257986826918 ], [ 55.50294, 26.594874986824117 ], [ 55.441173, 26.588608986822088 ], [ 55.397309, 26.577825986818528 ], [ 55.378754, 26.56728798681506 ], [ 55.369477, 26.564113986814032 ], [ 55.366547, 26.564601986814218 ], [ 55.361095, 26.565618986814517 ], [ 55.349783, 26.568995986815633 ], [ 55.33961, 26.568995986815633 ], [ 55.335297, 26.56045198681284 ], [ 55.33074, 26.553615986810581 ], [ 55.319835, 26.548284986808834 ], [ 55.307628, 26.544907986807733 ], [ 55.29835, 26.543646986807321 ], [ 55.294119, 26.546290986808167 ], [ 55.290538, 26.54848898680892 ], [ 55.285411, 26.559962986812664 ], [ 55.28061, 26.58466198682077 ], [ 55.287364, 26.602280986826578 ], [ 55.289236, 26.613592986830298 ], [ 55.284028, 26.618800986832039 ], [ 55.273774, 26.64980698684229 ], [ 55.284679, 26.660223986845764 ], [ 55.331879, 26.645330986840818 ], [ 55.342784, 26.64980698684229 ], [ 55.348969, 26.648219986841767 ], [ 55.351899, 26.647446986841544 ], [ 55.404796, 26.674017986850352 ], [ 55.538422, 26.712957986863362 ], [ 55.557872, 26.714992986864011 ], [ 55.570486, 26.719386986865494 ], [ 55.574067, 26.720648986865918 ], [ 55.574229, 26.720688986865927 ], [ 55.620453, 26.746079986874449 ], [ 55.640391, 26.760564986879306 ], [ 55.705821, 26.783270986886993 ], [ 55.716075, 26.783921986887194 ], [ 55.736827, 26.782415986886704 ], [ 55.746837, 26.783270986886993 ], [ 55.754161, 26.786077986887928 ], [ 55.764496, 26.793890986890567 ], [ 55.774181, 26.796941986891589 ], [ 55.771169, 26.803655986893869 ], [ 55.766775, 26.810532986896188 ], [ 55.782074, 26.826157986901482 ], [ 55.785655, 26.844956986907913 ], [ 55.781016, 26.889634986923106 ], [ 55.773204, 26.906723986928984 ], [ 55.756114, 26.921331986934021 ], [ 55.739431, 26.93292898693797 ], [ 55.732595, 26.940903986940707 ], [ 55.757986, 26.95404698694524 ], [ 55.897716, 26.906805986929037 ], [ 55.935557, 26.914780986931763 ], [ 56.041026, 26.975652986952706 ], [ 56.173188, 27.002345986961942 ], [ 56.212413, 27.002996986962192 ], [ 56.232107, 26.998764986960708 ], [ 56.25766, 26.98871498695722 ], [ 56.273611, 26.977768986953443 ], [ 56.27947, 26.973821986952061 ], [ 56.287446, 26.955145986945613 ], [ 56.271332, 26.946966986942837 ] ] ], [ [ [ 48.12672, 29.702337988033754 ], [ 48.085134, 29.76780798806266 ], [ 48.079275, 29.773911988065393 ], [ 48.073741, 29.779689988067926 ], [ 48.053722, 29.790024988072478 ], [ 48.046072, 29.8004419880771 ], [ 48.065196, 29.812200988082331 ], [ 48.076834, 29.817571988084733 ], [ 48.098481, 29.830714988090591 ], [ 48.109548, 29.833318988091712 ], [ 48.113292, 29.839096988094287 ], [ 48.119151, 29.87360298810966 ], [ 48.103282, 29.879135988112115 ], [ 48.0949, 29.880315988112635 ], [ 48.085297, 29.879909988112448 ], [ 48.085134, 29.879868988112413 ], [ 48.095063, 29.894720988119058 ], [ 48.109223, 29.893621988118561 ], [ 48.133556, 29.879868988112413 ], [ 48.144867, 29.878322988111744 ], [ 48.158702, 29.879217988112146 ], [ 48.166515, 29.885931988115146 ], [ 48.160818, 29.901556988122096 ], [ 48.178884, 29.908514988125205 ], [ 48.193696, 29.916448988128764 ], [ 48.197439, 29.92535998813273 ], [ 48.181326, 29.935125988137081 ], [ 48.169932, 29.936468988137683 ], [ 48.156749, 29.931137988135287 ], [ 48.147227, 29.935125988137081 ], [ 48.142833, 29.941717988140038 ], [ 48.140391, 29.952215988144715 ], [ 48.139415, 29.96279498814949 ], [ 48.140391, 29.969793988152578 ], [ 48.122732, 29.969671988152541 ], [ 48.120291, 29.971421988153363 ], [ 48.11671, 29.974065988154511 ], [ 48.12086, 29.98139098815782 ], [ 48.133556, 29.989690988161527 ], [ 48.14796, 29.994939988163917 ], [ 48.16212, 29.995672988164216 ], [ 48.175792, 29.991888988162522 ], [ 48.188731, 29.983546988158778 ], [ 48.314412892492228, 29.827838709857282 ], [ 48.344493, 29.790594988072741 ], [ 48.359548, 29.754461988056747 ], [ 48.352712, 29.709783988037021 ], [ 48.333832, 29.679266988023578 ], [ 48.303071, 29.645208988008584 ], [ 48.266287, 29.615952987995797 ], [ 48.229015, 29.59992098798876 ], [ 48.222341, 29.600530987989004 ], [ 48.185802, 29.603948987990513 ], [ 48.161632, 29.629705988001767 ], [ 48.12672, 29.702337988033754 ] ] ], [ [ [ 48.078868, 30.004054988167944 ], [ 48.072439, 29.998724988165556 ], [ 48.062755, 29.987453988160521 ], [ 48.05836, 29.983546988158778 ], [ 48.031098, 29.97101498815314 ], [ 48.023692, 29.969874988152647 ], [ 48.016287, 29.97369998815434 ], [ 48.010753, 29.980454988157369 ], [ 48.009288, 29.986883988160251 ], [ 48.023123, 29.995184988163995 ], [ 48.04363, 30.019028988174671 ], [ 48.054698, 30.024481988177154 ], [ 48.093761, 30.029282988179315 ], [ 48.109223, 30.027980988178751 ], [ 48.10613, 30.017645988174063 ], [ 48.078868, 30.004054988167944 ] ] ], [ [ [ 49.021821, 30.461492988375966 ], [ 49.015229, 30.463689988376991 ], [ 49.008474, 30.465927988378017 ], [ 49.006765, 30.476588988382908 ], [ 49.007579, 30.480210988384577 ], [ 49.007335, 30.485621988387113 ], [ 49.010997, 30.489243988388786 ], [ 49.011485, 30.49880598839318 ], [ 49.022146, 30.500758988394097 ], [ 49.023285, 30.500717988394062 ], [ 49.029145, 30.501979988394638 ], [ 49.032725, 30.497991988392791 ], [ 49.03533, 30.498154988392876 ], [ 49.039806, 30.502630988394944 ], [ 49.044363, 30.502508988394922 ], [ 49.055512, 30.502793988395016 ], [ 49.062185, 30.501246988394275 ], [ 49.063406, 30.495957988391854 ], [ 49.061534, 30.492173988390135 ], [ 49.058035, 30.490179988389187 ], [ 49.061615, 30.487697988388035 ], [ 49.06308, 30.479477988384275 ], [ 49.064138, 30.469671988379744 ], [ 49.06422, 30.464585988377404 ], [ 49.049815, 30.464585988377404 ], [ 49.040131, 30.465561988377853 ], [ 49.039724, 30.469386988379615 ], [ 49.038422, 30.46971298837979 ], [ 49.037364, 30.465439988377813 ], [ 49.029307, 30.457789988374312 ], [ 49.026622, 30.461858988376132 ], [ 49.026785, 30.466212988378157 ], [ 49.021821, 30.461492988375966 ] ] ], [ [ [ 33.221446, 31.065984988658439 ], [ 33.247895, 31.091253988670449 ], [ 33.262462, 31.100774988674932 ], [ 33.269786, 31.100774988674932 ], [ 33.262462, 31.093328988671406 ], [ 33.269786, 31.086492988668166 ], [ 33.285411, 31.092718988671152 ], [ 33.292491, 31.088445988669097 ], [ 33.29656, 31.079656988664908 ], [ 33.303966, 31.079656988664908 ], [ 33.304861, 31.088120988668969 ], [ 33.304535, 31.098211988673725 ], [ 33.317638, 31.100774988674932 ], [ 33.354889459385788, 31.112242593931668 ], [ 33.386485, 31.114406988681431 ], [ 33.390636, 31.136216988691793 ], [ 33.406423, 31.137273988692264 ], [ 33.417247, 31.150783988698713 ], [ 33.420665, 31.147934988697344 ], [ 33.427501, 31.147934988697344 ], [ 33.440929, 31.151189988698931 ], [ 33.480805, 31.133245988690376 ], [ 33.499522, 31.128078988687911 ], [ 33.57252, 31.121567988684841 ], [ 33.592052, 31.114406988681431 ], [ 33.592052, 31.121282988684694 ], [ 33.614757, 31.115382988681901 ], [ 33.64796, 31.117254988682756 ], [ 33.85434, 31.163478988704757 ], [ 34.047048, 31.229192988736067 ], [ 34.198497, 31.313299988776269 ], [ 34.200287, 31.314275988776732 ], [ 34.222667, 31.326645988782641 ], [ 34.236664, 31.342352988790186 ], [ 34.281423, 31.376694988806641 ], [ 34.301606, 31.407700988821595 ], [ 34.348399, 31.437648988835942 ], [ 34.368175, 31.468165988850675 ], [ 34.44337, 31.534572988882665 ], [ 34.47877, 31.578273988903785 ], [ 34.481212, 31.583156988906158 ], [ 34.489513, 31.600408988914534 ], [ 34.513927, 31.627142988927481 ], [ 34.602712, 31.757757988990917 ], [ 34.60963, 31.765529988994725 ], [ 34.665945, 31.873886989047637 ], [ 34.693207, 31.926458989073335 ], [ 34.711925, 31.951605989085653 ], [ 34.743337, 32.039861989129008 ], [ 34.743988, 32.044622989131341 ], [ 34.742686, 32.055608989136708 ], [ 34.743337, 32.060369989139055 ], [ 34.757009, 32.066595989142122 ], [ 34.837657, 32.280706989247861 ], [ 34.87318, 32.430303989322098 ], [ 34.904145, 32.560613989387065 ], [ 34.909841, 32.57025798939187 ], [ 34.915863, 32.614894989414168 ], [ 34.920909, 32.628240989420867 ], [ 34.919119, 32.642970989428207 ], [ 34.942068, 32.724513989469038 ], [ 34.94752, 32.81415398951404 ], [ 34.955577, 32.834376989524195 ], [ 34.97047, 32.841375989527734 ], [ 34.983165, 32.838771989526386 ], [ 35.003429, 32.827540989520756 ], [ 35.018728, 32.825018989519471 ], [ 35.02768, 32.826605989520274 ], [ 35.062755, 32.85834398953623 ], [ 35.067068, 32.866847989540503 ], [ 35.075531, 32.893092989553772 ], [ 35.0796, 32.905828989560142 ], [ 35.07781, 32.917872989566213 ], [ 35.06544, 32.923081989568814 ], [ 35.071544, 32.937933989576294 ], [ 35.078461, 32.99884698960701 ], [ 35.09197, 33.031194989623337 ], [ 35.096202, 33.050359989633037 ], [ 35.092133, 33.067693989641818 ], [ 35.096446, 33.071356989643668 ], [ 35.101817, 33.077622989646805 ], [ 35.106456, 33.080755989648388 ], [ 35.09962, 33.087591989651862 ], [ 35.104259, 33.088527989652299 ], [ 35.105235, 33.08901598965258 ], [ 35.105235, 33.090643989653415 ], [ 35.106456, 33.095037989655594 ], [ 35.100434, 33.098211989657202 ], [ 35.09962, 33.101263989658754 ], [ 35.105805, 33.112453989664445 ], [ 35.114757, 33.123724989670123 ], [ 35.125499, 33.132513989674585 ], [ 35.147634, 33.140325989678573 ], [ 35.154796, 33.150294989683566 ], [ 35.160981, 33.16168898968936 ], [ 35.167817, 33.170151989693622 ], [ 35.174653, 33.170151989693622 ], [ 35.204763, 33.2247989897213 ], [ 35.209158, 33.254624989736456 ], [ 35.188324, 33.280014989749318 ], [ 35.209727, 33.293401989756113 ], [ 35.224783, 33.311997989765558 ], [ 35.243663, 33.355698989787776 ], [ 35.246104, 33.368882989794464 ], [ 35.246755, 33.395818989808177 ], [ 35.250499, 33.409734989815199 ], [ 35.268728, 33.432602989826876 ], [ 35.275076, 33.444972989833154 ], [ 35.271007, 33.457505989839575 ], [ 35.323009, 33.490911989856571 ], [ 35.349132, 33.513860989868235 ], [ 35.360362, 33.543442989883346 ], [ 35.362478, 33.556341989889923 ], [ 35.400645, 33.643133989934249 ], [ 35.394379, 33.649969989937709 ], [ 35.409923, 33.661281989943468 ], [ 35.421641, 33.702337989964448 ], [ 35.438487, 33.711370989969069 ], [ 35.437836, 33.72337498997522 ], [ 35.477306, 33.803899990016454 ], [ 35.481293, 33.823675990026572 ], [ 35.481926326065327, 33.839087843665396 ], [ 35.570248942396496, 33.909451945479283 ], [ 35.572032, 33.909979990070781 ], [ 35.574494102480543, 33.912583716212936 ], [ 35.57838, 33.916692990074267 ], [ 35.587901, 33.936590990084426 ], [ 35.59311, 33.944769990088645 ], [ 35.593435, 33.948919990090744 ], [ 35.59197, 33.950425990091517 ], [ 35.594249, 33.959295990096066 ], [ 35.606293, 33.983221990108341 ], [ 35.613536, 33.993149990113437 ], [ 35.620128, 33.995102990114439 ], [ 35.636729, 33.995306990114557 ], [ 35.64088, 33.99941599011666 ], [ 35.640391, 34.008530990121322 ], [ 35.635753, 34.01325099012373 ], [ 35.630382, 34.016098990125187 ], [ 35.627208, 34.01984299012711 ], [ 35.626964, 34.044256990139679 ], [ 35.643321, 34.0880799901622 ], [ 35.647716, 34.119126990178138 ], [ 35.644542, 34.130844990184187 ], [ 35.630382, 34.15281799019548 ], [ 35.627208, 34.166937990202719 ], [ 35.627208, 34.201116990220306 ], [ 35.630382, 34.208440990224091 ], [ 35.644542, 34.216985990228487 ], [ 35.647716, 34.222153990231135 ], [ 35.648285, 34.25360699024732 ], [ 35.653005, 34.284856990263407 ], [ 35.665212, 34.311346990277052 ], [ 35.688731, 34.328314990285776 ], [ 35.705821, 34.316595990279744 ], [ 35.722179, 34.337469990290508 ], [ 35.737315, 34.369207990306869 ], [ 35.750743, 34.389796990317457 ], [ 35.806163, 34.414983990330434 ], [ 35.823578, 34.434515990340572 ], [ 35.805431, 34.458685990353025 ], [ 35.805431, 34.464910990356181 ], [ 35.823985, 34.46084199035414 ], [ 35.903331, 34.47797299036295 ], [ 35.956798, 34.520086990384662 ], [ 35.972911, 34.529770990389643 ], [ 35.983165, 34.538641990394282 ], [ 35.98878, 34.552719990401528 ], [ 35.989594, 34.599676990425742 ], [ 35.986827, 34.620794990436629 ], [ 35.980642, 34.638494990445778 ], [ 35.9699, 34.649847990451669 ], [ 35.965668, 34.668442990461287 ], [ 35.947439, 34.699529990477359 ], [ 35.940929, 34.726222990491131 ], [ 35.931163, 34.740952990498748 ], [ 35.928966, 34.749822990503297 ], [ 35.928966, 34.790716990524466 ], [ 35.926036, 34.796941990527678 ], [ 35.908458, 34.821762990540492 ], [ 35.904552, 34.831772990545666 ], [ 35.899099, 34.852768990556548 ], [ 35.866873, 34.924220990593511 ], [ 35.872895, 34.92690699059488 ], [ 35.873546, 34.931626990597337 ], [ 35.879568, 34.938055990600667 ], [ 35.881358, 34.944972990604228 ], [ 35.879568, 34.951889990607796 ], [ 35.873546, 34.958318990611112 ], [ 35.873546, 34.965154990614664 ], [ 35.878591, 34.969549990616954 ], [ 35.878917, 34.970159990617262 ], [ 35.876638, 34.971665990618021 ], [ 35.873546, 34.978826990621755 ], [ 35.881602, 34.992864990629009 ], [ 35.88738, 35.000189990632833 ], [ 35.895356, 35.006780990636209 ], [ 35.900564, 35.021917990644063 ], [ 35.897309, 35.036565990651589 ], [ 35.891449, 35.049953990658565 ], [ 35.887869, 35.061346990664426 ], [ 35.887869, 35.109197990689218 ], [ 35.894216, 35.121079990695371 ], [ 35.912646971667982, 35.144394790540268 ], [ 35.95064713832339, 35.187945293137794 ], [ 35.962413, 35.197942990735136 ], [ 35.953298, 35.224798990749058 ], [ 35.915294, 35.287908990781723 ], [ 35.928966, 35.321478990799129 ], [ 35.924083, 35.338527990807947 ], [ 35.916677, 35.403305990841524 ], [ 35.918956, 35.417669990848914 ], [ 35.908865, 35.425726990853114 ], [ 35.860606, 35.479070990880722 ], [ 35.840099, 35.48737199088503 ], [ 35.830089, 35.493475990888243 ], [ 35.825857, 35.503322990893317 ], [ 35.81837, 35.508937990896207 ], [ 35.771983, 35.51544799089956 ], [ 35.77711, 35.529119990906665 ], [ 35.778087, 35.541163990912885 ], [ 35.771983, 35.546331990915554 ], [ 35.737071, 35.561671990923514 ], [ 35.73878, 35.566595990926032 ], [ 35.740896, 35.576482990931197 ], [ 35.743337, 35.582098990934071 ], [ 35.743419, 35.587957990937163 ], [ 35.763357, 35.59829299094249 ], [ 35.778494, 35.61273799094991 ], [ 35.784353, 35.630560990959182 ], [ 35.782074, 35.64174999096501 ], [ 35.773204, 35.655462990972069 ], [ 35.771169, 35.667791990978436 ], [ 35.776622, 35.675115990982242 ], [ 35.800059, 35.68146399098552 ], [ 35.838552, 35.74209199101692 ], [ 35.840343, 35.747462991019738 ], [ 35.840099, 35.770818991031803 ], [ 35.835948, 35.789983991041723 ], [ 35.825369, 35.813462991053889 ], [ 35.81186, 35.835394991065264 ], [ 35.798595, 35.849676991072641 ], [ 35.846853, 35.847234991071375 ], [ 35.87086, 35.851792991073694 ], [ 35.881033, 35.866684991081399 ], [ 35.885265, 35.885971991091424 ], [ 35.911306, 35.917750991107837 ], [ 35.911388, 35.917872991107863 ], [ 35.922699, 35.931585991115021 ], [ 35.966075, 35.993637991147111 ], [ 35.976736, 36.000962991150871 ], [ 35.975434, 36.018499991159985 ], [ 35.948416, 36.087835991195803 ], [ 35.878266, 36.182073991244536 ], [ 35.864513, 36.196844991252163 ], [ 35.852224, 36.213527991260797 ], [ 35.840994, 36.244533991276775 ], [ 35.826915, 36.257553991283508 ], [ 35.810802, 36.269598991289747 ], [ 35.798595, 36.281683991295949 ], [ 35.787364, 36.304266991307635 ], [ 35.788748, 36.320257991315884 ], [ 35.815929, 36.353012991332776 ], [ 35.824474, 36.361069991336933 ], [ 35.834239, 36.366277991339651 ], [ 35.844981, 36.368963991341047 ], [ 35.856781, 36.369777991341458 ], [ 35.861827, 36.373520991343405 ], [ 35.873546, 36.397690991355915 ], [ 35.881847, 36.404689991359497 ], [ 35.899425, 36.412298991363407 ], [ 35.908458, 36.4181579913664 ], [ 35.913259, 36.427190991371099 ], [ 35.918712, 36.448187991381907 ], [ 35.930837, 36.454575991385241 ], [ 35.935557, 36.459458991387706 ], [ 35.942393, 36.46434199139027 ], [ 35.981781, 36.475652991396124 ], [ 35.990245, 36.479640991398142 ], [ 36.037446, 36.527044991422585 ], [ 36.044932, 36.537664991428016 ], [ 36.055431, 36.538274991428338 ], [ 36.162934, 36.593410991456786 ], [ 36.178722, 36.596339991458315 ], [ 36.189138, 36.603989991462221 ], [ 36.201182, 36.62197499147149 ], [ 36.211192, 36.642400991482027 ], [ 36.216156, 36.657781991489941 ], [ 36.215587, 36.670477991496469 ], [ 36.211599, 36.679917991501334 ], [ 36.206554, 36.688706991505839 ], [ 36.202485, 36.699367991511338 ], [ 36.201915, 36.706284991514906 ], [ 36.202485, 36.769191991547274 ], [ 36.198741, 36.784572991555194 ], [ 36.188975, 36.801743991564017 ], [ 36.129893, 36.869288991598708 ], [ 36.09547, 36.897120991613022 ], [ 36.058604, 36.918442991623991 ], [ 36.020274, 36.926336991628048 ], [ 35.985037, 36.915594991622491 ], [ 35.950857, 36.891017991609878 ], [ 35.893809, 36.834905991581074 ], [ 35.880138, 36.825913991576414 ], [ 35.863617, 36.822251991574568 ], [ 35.853852, 36.815822991571267 ], [ 35.820649, 36.785141991555484 ], [ 35.805431, 36.775091991550276 ], [ 35.7671, 36.767726991546503 ], [ 35.684093, 36.764634991544931 ], [ 35.647716, 36.753973991539475 ], [ 35.636241, 36.744614991534625 ], [ 35.615001, 36.735662991529999 ], [ 35.6067, 36.740382991532464 ], [ 35.596853, 36.724920991524478 ], [ 35.582286, 36.712794991518287 ], [ 35.573009, 36.700669991512001 ], [ 35.579438, 36.685125991504023 ], [ 35.6067, 36.657781991489941 ], [ 35.608653, 36.646876991484334 ], [ 35.623546, 36.602524991461486 ], [ 35.613943, 36.60053099146046 ], [ 35.598806, 36.591497991455803 ], [ 35.589366, 36.589503991454755 ], [ 35.55714, 36.587469991453702 ], [ 35.544688, 36.589503991454755 ], [ 35.513357, 36.612981991466839 ], [ 35.503673, 36.616847991468838 ], [ 35.490001, 36.613917991467332 ], [ 35.481212, 36.607244991463936 ], [ 35.478689, 36.59853799145943 ], [ 35.488536, 36.59707299145871 ], [ 35.496837, 36.594427991457316 ], [ 35.506122227719906, 36.591244379061401 ], [ 35.48878, 36.592026991456095 ], [ 35.445486, 36.596339991458315 ], [ 35.437185, 36.594223991457177 ], [ 35.413259, 36.583685991451759 ], [ 35.408051, 36.579290991449518 ], [ 35.395356, 36.56761299144349 ], [ 35.374034, 36.56159099144039 ], [ 35.347992, 36.544378991431536 ], [ 35.335785, 36.545599991432127 ], [ 35.32016, 36.564682991441998 ], [ 35.308849, 36.569036991444236 ], [ 35.294688, 36.572495991446026 ], [ 35.04184, 36.69521699150922 ], [ 35.014171, 36.703069991513217 ], [ 34.98227, 36.720770991522336 ], [ 34.962413, 36.726710991525401 ], [ 34.946462, 36.727972991526066 ], [ 34.933279, 36.727483991525823 ], [ 34.929861, 36.727361991525768 ], [ 34.91391, 36.724676991524355 ], [ 34.900401, 36.719874991521905 ], [ 34.902599, 36.724513991524304 ], [ 34.907888, 36.740382991532464 ], [ 34.893565, 36.745997991535283 ], [ 34.85255, 36.781316991553481 ], [ 34.770763, 36.816066991571383 ], [ 34.764985, 36.808579991567527 ], [ 34.73585, 36.821681991574245 ], [ 34.692882, 36.81386999157025 ], [ 34.62672, 36.788763991557303 ], [ 34.596528, 36.785060991555433 ], [ 34.585134, 36.781316991553481 ], [ 34.554698, 36.767645991546459 ], [ 34.548839, 36.763372991544266 ], [ 34.539073, 36.744573991534587 ], [ 34.533865, 36.740382991532464 ], [ 34.503184, 36.726710991525401 ], [ 34.415212, 36.662908991492593 ], [ 34.307465, 36.60858799146461 ], [ 34.276215, 36.586981991453484 ], [ 34.19044, 36.498520991407872 ], [ 34.181651, 36.483384991400058 ], [ 34.177745, 36.473374991394884 ], [ 34.168224, 36.46694599139159 ], [ 34.147472, 36.459173991387594 ], [ 34.11199, 36.429591991372327 ], [ 34.077322, 36.413885991364218 ], [ 34.07488, 36.387273991350526 ], [ 34.079926, 36.355535991334094 ], [ 34.077891, 36.328842991320336 ], [ 34.057791, 36.31590399131364 ], [ 34.027192, 36.310776991311009 ], [ 33.999766, 36.302923991306898 ], [ 33.989268, 36.281683991295949 ], [ 33.977061, 36.259425991284502 ], [ 33.968761, 36.246893991278 ], [ 33.950938, 36.237697991273272 ], [ 33.945974, 36.265203991287486 ], [ 33.930919, 36.290472991300547 ], [ 33.910411, 36.301499991306244 ], [ 33.895274, 36.305568991308327 ], [ 33.883149, 36.312485991311888 ], [ 33.871104, 36.314886991313124 ], [ 33.855479, 36.304917991307967 ], [ 33.837657, 36.280421991295306 ], [ 33.827891, 36.271714991290843 ], [ 33.811046, 36.267400991288547 ], [ 33.813731, 36.251653991280484 ], [ 33.799083, 36.230657991269659 ], [ 33.786876, 36.226385991267378 ], [ 33.777029, 36.225042991266712 ], [ 33.742849, 36.213364991260676 ], [ 33.735606, 36.208725991258248 ], [ 33.705251, 36.18170799124433 ], [ 33.700369, 36.171128991238874 ], [ 33.693858, 36.144109991224887 ], [ 33.688243, 36.137029991221254 ], [ 33.685313, 36.143214991224461 ], [ 33.66033, 36.174871991240778 ], [ 33.656586, 36.18866599124793 ], [ 33.647227, 36.192571991249956 ], [ 33.634125, 36.190333991248799 ], [ 33.619884, 36.185451991246239 ], [ 33.596528, 36.168768991237634 ], [ 33.574067, 36.144760991225219 ], [ 33.552257, 36.127508991216317 ], [ 33.530528, 36.130804991218042 ], [ 33.5442, 36.137029991221254 ], [ 33.5442, 36.144476991225098 ], [ 33.521007, 36.146632991226205 ], [ 33.478282, 36.15595099123103 ], [ 33.458263, 36.158148991232139 ], [ 33.436697, 36.154689991230399 ], [ 33.401134, 36.139837991222677 ], [ 33.386485, 36.137029991221254 ], [ 33.34783, 36.147894991226863 ], [ 33.326834, 36.150091991228017 ], [ 33.30836, 36.132228991218753 ], [ 33.286469, 36.129949991217572 ], [ 33.241954, 36.130804991218042 ], [ 33.212413, 36.124090991214601 ], [ 33.200938, 36.123357991214149 ], [ 33.18865, 36.125799991215445 ], [ 33.167247, 36.134954991220113 ], [ 33.156912, 36.137029991221254 ], [ 33.134044, 36.131780991218541 ], [ 33.12143, 36.119085991211982 ], [ 33.112153, 36.103419991203893 ], [ 33.098643, 36.089259991196549 ], [ 33.087738, 36.082830991193241 ], [ 33.083751, 36.082749991193168 ], [ 33.080414, 36.085882991194808 ], [ 33.071137, 36.089259991196549 ], [ 33.05836, 36.090643991197261 ], [ 33.026866, 36.089259991196549 ], [ 32.96046, 36.102687991203496 ], [ 32.940929, 36.103501991203927 ], [ 32.87672, 36.075140991189237 ], [ 32.865245, 36.071844991187582 ], [ 32.8567, 36.060980991181907 ], [ 32.803722, 36.027166991164428 ], [ 32.76059, 36.029485991165664 ], [ 32.670665, 36.046697991174504 ], [ 32.632335, 36.061956991182406 ], [ 32.571788, 36.093979991198999 ], [ 32.567882, 36.09609599120008 ], [ 32.531423, 36.098821991201504 ], [ 32.513438, 36.103012991203663 ], [ 32.437266, 36.138657991222054 ], [ 32.427013, 36.14760999122673 ], [ 32.419607, 36.159490991232865 ], [ 32.402029, 36.165512991235985 ], [ 32.381521, 36.170151991238363 ], [ 32.365489, 36.177964991242405 ], [ 32.318696, 36.228582991268581 ], [ 32.310313, 36.229477991269029 ], [ 32.305919, 36.234564991271625 ], [ 32.287283, 36.244817991276932 ], [ 32.28297, 36.25063699127994 ], [ 32.278982, 36.279038991294584 ], [ 32.276134, 36.287827991299146 ], [ 32.252696, 36.315333991313373 ], [ 32.192149, 36.358384991335569 ], [ 32.179942, 36.387151991350429 ], [ 32.178396, 36.395330991354662 ], [ 32.174327, 36.402410991358295 ], [ 32.162852, 36.414780991364701 ], [ 32.151622, 36.430324991372686 ], [ 32.148448, 36.433660991374424 ], [ 32.13502, 36.438217991376781 ], [ 32.132091, 36.438665991377015 ], [ 32.114513, 36.469671991393035 ], [ 32.102061, 36.486150991401473 ], [ 32.087169, 36.493312991405212 ], [ 32.026052, 36.543442991431071 ], [ 32.018809, 36.546535991432648 ], [ 32.01002, 36.54775599143327 ], [ 31.998709, 36.547918991433342 ], [ 31.987804, 36.549953991434414 ], [ 31.980154, 36.554388991436689 ], [ 31.974132, 36.558986991439049 ], [ 31.968272, 36.56159099144039 ], [ 31.928071, 36.560247991439716 ], [ 31.90797, 36.562648991440945 ], [ 31.899425, 36.572454991445966 ], [ 31.888031, 36.581121991450445 ], [ 31.862478, 36.588689991454366 ], [ 31.834646, 36.592352991456245 ], [ 31.816742, 36.589503991454755 ], [ 31.807384, 36.596828991458516 ], [ 31.769054, 36.610011991465349 ], [ 31.74936, 36.632269991476797 ], [ 31.736583, 36.642278991481966 ], [ 31.724294, 36.641017991481327 ], [ 31.703461, 36.643621991482618 ], [ 31.627615, 36.670843991496675 ], [ 31.610688, 36.682033991502422 ], [ 31.596202, 36.695704991509444 ], [ 31.407563, 36.76341399154429 ], [ 31.378591, 36.767645991546459 ], [ 31.376313, 36.791937991558981 ], [ 31.340831, 36.808579991567527 ], [ 30.939708, 36.8570009915924 ], [ 30.77589, 36.849554991588583 ], [ 30.748057, 36.85565799159172 ], [ 30.726899, 36.865870991596964 ], [ 30.686534, 36.891180991609964 ], [ 30.628591, 36.859564991593679 ], [ 30.601736, 36.838120991582699 ], [ 30.587657, 36.807073991566774 ], [ 30.574474, 36.789536991557711 ], [ 30.569835, 36.781316991553481 ], [ 30.569835, 36.750555991537681 ], [ 30.564626, 36.717962991520899 ], [ 30.565766, 36.700180991511772 ], [ 30.576671, 36.685125991504023 ], [ 30.576671, 36.678899991500828 ], [ 30.568858, 36.670599991496559 ], [ 30.562673, 36.662542991492373 ], [ 30.55836, 36.652329991487115 ], [ 30.556163, 36.637884991479673 ], [ 30.557872, 36.619614991470286 ], [ 30.563813, 36.609319991464965 ], [ 30.571056, 36.601141991460793 ], [ 30.576671, 36.589503991454755 ], [ 30.581065, 36.575180991447411 ], [ 30.567231, 36.539861991429184 ], [ 30.569835, 36.528021991423067 ], [ 30.535981, 36.505193991411296 ], [ 30.520844, 36.489731991403303 ], [ 30.5088, 36.454290991385051 ], [ 30.48699, 36.426946991370961 ], [ 30.487966, 36.4181579913664 ], [ 30.47462, 36.401596991357891 ], [ 30.476329, 36.384222991348928 ], [ 30.47877, 36.308579991309827 ], [ 30.466807, 36.287827991299146 ], [ 30.451671, 36.26178599128572 ], [ 30.440766, 36.239324991274117 ], [ 30.427419, 36.226385991267378 ], [ 30.398611, 36.205958991256843 ], [ 30.400401, 36.248113991278672 ], [ 30.396007, 36.265529991287657 ], [ 30.384288, 36.274236991292121 ], [ 30.360525, 36.268621991289258 ], [ 30.254568, 36.308294991309737 ], [ 30.233735, 36.308904991310044 ], [ 30.158539, 36.298650991304733 ], [ 30.149262, 36.289861991300207 ], [ 30.145518, 36.275132991292573 ], [ 30.144705, 36.254339991281846 ], [ 30.138438, 36.254339991281846 ], [ 30.137218, 36.260646991285142 ], [ 30.131033, 36.274236991292121 ], [ 30.124766, 36.255071991282257 ], [ 30.124766, 36.246893991278 ], [ 30.110606, 36.254339991281846 ], [ 30.073009, 36.246893991278 ], [ 30.065603, 36.249944991279584 ], [ 30.057872, 36.255600991282527 ], [ 30.048188, 36.258774991284149 ], [ 30.040190282505584, 36.256117488485685 ], [ 30.034841, 36.254339991281846 ], [ 29.988455, 36.217759991262959 ], [ 29.973399, 36.219630991263926 ], [ 29.961274, 36.213852991260936 ], [ 29.950043, 36.21442299126123 ], [ 29.938324, 36.217677991262924 ], [ 29.925548, 36.219630991263926 ], [ 29.916515, 36.219061991263608 ], [ 29.911632, 36.217026991262593 ], [ 29.898204, 36.205958991256843 ], [ 29.881358, 36.198431991252988 ], [ 29.844005, 36.19139199124934 ], [ 29.830089, 36.185451991246239 ], [ 29.827322, 36.17804599124247 ], [ 29.802582, 36.171819991239239 ], [ 29.779552, 36.139349991222424 ], [ 29.761729, 36.137029991221254 ], [ 29.761729, 36.144476991225098 ], [ 29.767263, 36.147772991226802 ], [ 29.770193, 36.150823991228343 ], [ 29.772227, 36.154201991230103 ], [ 29.775401, 36.158148991232139 ], [ 29.76238, 36.156561991231314 ], [ 29.759288, 36.155014991230551 ], [ 29.754893, 36.150701991228296 ], [ 29.743419, 36.160955991233635 ], [ 29.731456, 36.164251991235332 ], [ 29.719249, 36.162664991234521 ], [ 29.707042, 36.158148991232139 ], [ 29.703868, 36.154445991230226 ], [ 29.689301, 36.144476991225098 ], [ 29.672374, 36.123357991214149 ], [ 29.668224, 36.143784991224727 ], [ 29.633962, 36.15704999123156 ], [ 29.623871, 36.177964991242405 ], [ 29.63738, 36.172430991239537 ], [ 29.64324, 36.177923991242402 ], [ 29.6421, 36.186956991247058 ], [ 29.634532, 36.191635991249463 ], [ 29.583507, 36.185451991246239 ], [ 29.583507, 36.191635991249463 ], [ 29.59254, 36.195786991251602 ], [ 29.602306, 36.198675991253097 ], [ 29.612966, 36.199855991253706 ], [ 29.623871, 36.199122991253311 ], [ 29.602224, 36.207016991257412 ], [ 29.521495, 36.205958991256843 ], [ 29.494477, 36.211004991259458 ], [ 29.43214, 36.240057991274504 ], [ 29.420421, 36.230617991269618 ], [ 29.414968549858227, 36.241612662187535 ], [ 29.411632, 36.267400991288547 ], [ 29.405772, 36.260158991284875 ], [ 29.401866, 36.26178599128572 ], [ 29.398123, 36.266180991287996 ], [ 29.391856, 36.267400991288547 ], [ 29.381602, 36.263901991286794 ], [ 29.377615, 36.261622991285627 ], [ 29.375255, 36.25885699128419 ], [ 29.369965, 36.254339991281846 ], [ 29.364919, 36.248276991278708 ], [ 29.361339, 36.241522991275218 ], [ 29.357107, 36.235662991272221 ], [ 29.34962, 36.232610991270654 ], [ 29.340831, 36.237371991273079 ], [ 29.334727, 36.247706991278442 ], [ 29.329356, 36.254095991281751 ], [ 29.261241, 36.293564991302084 ], [ 29.256684, 36.297023991303909 ], [ 29.247813, 36.311712991311474 ], [ 29.23463, 36.324285991317957 ], [ 29.174978, 36.339829991325999 ], [ 29.158458, 36.35675699133472 ], [ 29.140798, 36.362453991337652 ], [ 29.141775, 36.365423991339206 ], [ 29.144705, 36.369777991341458 ], [ 29.144705, 36.3771829913453 ], [ 29.116873, 36.3771829913453 ], [ 29.124278, 36.383449991348549 ], [ 29.112804, 36.389389991351599 ], [ 29.106212, 36.390854991352342 ], [ 29.096365, 36.390936991352362 ], [ 29.10141, 36.400213991357155 ], [ 29.10906, 36.406479991360413 ], [ 29.118907, 36.410101991362261 ], [ 29.130382, 36.411362991362921 ], [ 29.129893, 36.415960991365289 ], [ 29.129161, 36.416896991365775 ], [ 29.127696, 36.416814991365705 ], [ 29.124278, 36.4181579913664 ], [ 29.130138, 36.436509991375914 ], [ 29.124197, 36.453598991384723 ], [ 29.111339, 36.466782991391497 ], [ 29.096365, 36.473455991394978 ], [ 29.096365, 36.479640991398142 ], [ 29.109548, 36.488510991402727 ], [ 29.115571, 36.491359991404231 ], [ 29.124278, 36.493312991405212 ], [ 29.124278, 36.50079999140906 ], [ 29.120291, 36.535630991427055 ], [ 29.114919, 36.552679991435781 ], [ 29.084321, 36.560247991439716 ], [ 29.031423, 36.574773991447167 ], [ 29.020518, 36.589503991454755 ], [ 29.026134, 36.596258991458257 ], [ 29.035004, 36.614690991467775 ], [ 29.041759, 36.624253991472649 ], [ 29.055837, 36.614243991467525 ], [ 29.068207, 36.623927991472456 ], [ 29.080903, 36.638616991480085 ], [ 29.096365, 36.637884991479673 ], [ 29.090587, 36.627101991474156 ], [ 29.098806, 36.62360299147236 ], [ 29.110606, 36.626369991473773 ], [ 29.116873, 36.634222991477799 ], [ 29.114513, 36.643133991482401 ], [ 29.109223, 36.652003991486978 ], [ 29.102387, 36.659612991490874 ], [ 29.096365, 36.665228991493763 ], [ 29.03419, 36.700994991512196 ], [ 28.956309, 36.727524991525875 ], [ 28.946137, 36.736964991530691 ], [ 28.938975, 36.751287991538049 ], [ 28.922699, 36.741359991532988 ], [ 28.904145, 36.723048991523562 ], [ 28.89088, 36.712387991518057 ], [ 28.878917, 36.69806499151067 ], [ 28.87086, 36.696233991509729 ], [ 28.863536, 36.69257199150784 ], [ 28.82545, 36.644720991483211 ], [ 28.815196, 36.651800991486873 ], [ 28.805024, 36.655259991488649 ], [ 28.787852, 36.650945991486395 ], [ 28.782725, 36.677394991500059 ], [ 28.746349, 36.697698991510485 ], [ 28.701671, 36.705063991514251 ], [ 28.671723, 36.69257199150784 ], [ 28.664887, 36.69257199150784 ], [ 28.659923, 36.711004991517335 ], [ 28.649181, 36.718328991521098 ], [ 28.635916, 36.714503991519109 ], [ 28.616222, 36.705958991514734 ], [ 28.603526, 36.733546991528918 ], [ 28.612559, 36.747137991535872 ], [ 28.61671, 36.76699499154612 ], [ 28.614106, 36.785345991555559 ], [ 28.603526, 36.794988991560523 ], [ 28.603038, 36.799627991562886 ], [ 28.604503, 36.800848991563555 ], [ 28.607188, 36.800848991563555 ], [ 28.610362, 36.801743991564017 ], [ 28.608409, 36.804754991565559 ], [ 28.606293, 36.806870991566633 ], [ 28.606212, 36.810125991568292 ], [ 28.610362, 36.816066991571383 ], [ 28.603526, 36.816066991571383 ], [ 28.590994, 36.800197991563195 ], [ 28.588552, 36.808009991567246 ], [ 28.575857, 36.819524991573147 ], [ 28.546153, 36.823431991575141 ], [ 28.524425, 36.813299991569941 ], [ 28.517751, 36.795639991560861 ], [ 28.507986, 36.797674991561877 ], [ 28.497895, 36.798488991562344 ], [ 28.486827, 36.801743991564017 ], [ 28.500499, 36.808579991567527 ], [ 28.500499, 36.816066991571383 ], [ 28.478038, 36.815984991571312 ], [ 28.463878, 36.818751991572746 ], [ 28.456065, 36.828517991577748 ], [ 28.452647, 36.849554991588583 ], [ 28.459483, 36.849106991588371 ], [ 28.464122, 36.849920991588789 ], [ 28.466319, 36.853338991590533 ], [ 28.46518, 36.859360991593604 ], [ 28.462576, 36.862046991594987 ], [ 28.460134, 36.863755991595866 ], [ 28.458832, 36.866928991597476 ], [ 28.456716, 36.877508991602916 ], [ 28.451996, 36.883611991606067 ], [ 28.447439, 36.883042991605812 ], [ 28.416189, 36.859686991593755 ], [ 28.387218, 36.8570009915924 ], [ 28.37672, 36.854437991591098 ], [ 28.377452, 36.848374991587939 ], [ 28.376964, 36.788763991557303 ], [ 28.324962, 36.810125991568292 ], [ 28.314952, 36.816066991571383 ], [ 28.308767, 36.816066991571383 ], [ 28.308849571000504, 36.815748215310066 ], [ 28.312836, 36.800359991563262 ], [ 28.314952, 36.794988991560523 ], [ 28.288585, 36.793686991559881 ], [ 28.278168, 36.796453991561286 ], [ 28.273936, 36.805161991565775 ], [ 28.278331, 36.814153991570358 ], [ 28.28891, 36.818426991572601 ], [ 28.314952, 36.822251991574568 ], [ 28.314952, 36.829087991578049 ], [ 28.302745, 36.835678991581474 ], [ 28.288585, 36.845892991586695 ], [ 28.273123, 36.851995991589845 ], [ 28.257172, 36.846176991586866 ], [ 28.243175, 36.829778991578436 ], [ 28.236664, 36.8132179915699 ], [ 28.239513, 36.798813991562525 ], [ 28.248871, 36.766831991546091 ], [ 28.288585, 36.742579991533574 ], [ 28.295095, 36.719874991521905 ], [ 28.283051, 36.726629991525414 ], [ 28.267263, 36.730901991527602 ], [ 28.253103, 36.727850991525983 ], [ 28.246593, 36.712387991518057 ], [ 28.240001, 36.715480991519634 ], [ 28.233572, 36.719874991521905 ], [ 28.233246, 36.715032991519415 ], [ 28.231944, 36.711858991517751 ], [ 28.229503, 36.709295991516434 ], [ 28.225434, 36.706203991514897 ], [ 28.181895, 36.684637991503749 ], [ 28.162283, 36.672674991497622 ], [ 28.144298, 36.650945991486395 ], [ 28.130707, 36.628973991475107 ], [ 28.061697, 36.596339991458315 ], [ 28.053966, 36.609604991465098 ], [ 28.06544, 36.619533991470242 ], [ 28.075369, 36.631251991476276 ], [ 28.08961, 36.644109991482871 ], [ 28.075938, 36.657781991489941 ], [ 28.048025, 36.644109991482871 ], [ 28.057791, 36.652776991487343 ], [ 28.061209, 36.664739991493526 ], [ 28.057953, 36.676662991499661 ], [ 28.048025, 36.685125991504023 ], [ 28.037934, 36.690618991506831 ], [ 28.027517, 36.706203991514897 ], [ 28.032237, 36.709214991516468 ], [ 28.038259, 36.714056991518888 ], [ 28.042491, 36.718450991521159 ], [ 28.04184, 36.719874991521905 ], [ 28.079763, 36.722072991523042 ], [ 28.08961, 36.726710991525401 ], [ 28.085948, 36.710597991517098 ], [ 28.100597, 36.70962099151663 ], [ 28.116384, 36.718816991521351 ], [ 28.116873, 36.733546991528918 ], [ 28.107432, 36.739202991531833 ], [ 28.087657, 36.740870991532695 ], [ 28.082205, 36.747137991535872 ], [ 28.084158, 36.753729991539331 ], [ 28.091645, 36.759344991542193 ], [ 28.103282, 36.767645991546459 ], [ 28.110037, 36.775091991550276 ], [ 28.113455, 36.768214991546785 ], [ 28.117524, 36.763860991544519 ], [ 28.130544, 36.753973991539475 ], [ 28.125255, 36.771307991548362 ], [ 28.123709, 36.791896991558929 ], [ 28.118419, 36.800604991563432 ], [ 28.1067, 36.802964991564636 ], [ 28.094981, 36.801417991563859 ], [ 28.086274, 36.796697991561395 ], [ 28.069102, 36.775091991550276 ], [ 28.055431, 36.808579991567527 ], [ 28.049083, 36.820623991573704 ], [ 28.039561, 36.826645991576797 ], [ 28.025727, 36.828802991577923 ], [ 28.023285, 36.833237991580205 ], [ 28.024587, 36.83909699158324 ], [ 28.018728, 36.848618991588083 ], [ 28.007009, 36.8570009915924 ], [ 28.011567, 36.857651991592739 ], [ 28.014496, 36.859075991593507 ], [ 28.017345, 36.861069991594505 ], [ 28.021251, 36.863226991595603 ], [ 28.028656, 36.860174991594036 ], [ 28.036306, 36.862615991595334 ], [ 28.044932, 36.867254991597669 ], [ 28.055431, 36.870672991599463 ], [ 28.055431, 36.876898991602644 ], [ 28.035492, 36.893377991611118 ], [ 28.027517, 36.902532991615828 ], [ 28.034434, 36.904201991616667 ], [ 28.04184, 36.911606991620488 ], [ 28.035899, 36.914617991622009 ], [ 28.033214, 36.91766999162359 ], [ 28.031098, 36.921331991625451 ], [ 28.027517, 36.925929991627832 ], [ 28.035899, 36.925441991627537 ], [ 28.053233, 36.926499991628091 ], [ 28.061697, 36.925929991627832 ], [ 28.061697, 36.932114991631003 ], [ 28.04184, 36.932114991631003 ], [ 28.04184, 36.938909991634468 ], [ 28.06544, 36.939275991634666 ], [ 28.075043, 36.937404991633699 ], [ 28.082205, 36.932114991631003 ], [ 28.088552, 36.936671991633325 ], [ 28.093516, 36.937892991633973 ], [ 28.098155, 36.93622499163309 ], [ 28.103282, 36.932114991631003 ], [ 28.110037, 36.932114991631003 ], [ 28.120128, 36.937689991633846 ], [ 28.141938, 36.928696991629266 ], [ 28.151703, 36.932114991631003 ], [ 28.157237, 36.932114991631003 ], [ 28.15919, 36.924627991627176 ], [ 28.165294, 36.911606991620488 ], [ 28.168142, 36.916814991623134 ], [ 28.168468, 36.918890991624231 ], [ 28.167166, 36.920802991625209 ], [ 28.165294, 36.925929991627832 ], [ 28.168468, 36.930161991629994 ], [ 28.168142, 36.933416991631667 ], [ 28.164236, 36.936183991633087 ], [ 28.157237, 36.938909991634468 ], [ 28.157237, 36.945786991638037 ], [ 28.166515, 36.946925991638587 ], [ 28.17449, 36.945989991638122 ], [ 28.180675, 36.94330499163673 ], [ 28.185232, 36.938909991634468 ], [ 28.205089, 36.966294991648532 ], [ 28.212413, 36.973089991652024 ], [ 28.212413, 36.980535991655849 ], [ 28.198904, 36.980535991655849 ], [ 28.206879, 36.990179991660781 ], [ 28.212413, 37.000433991666064 ], [ 28.228526, 36.99054599166103 ], [ 28.24464, 36.988185991659783 ], [ 28.253103, 36.993719991662608 ], [ 28.246593, 37.007879991669888 ], [ 28.300059, 37.024969991678631 ], [ 28.3296, 37.030462991681432 ], [ 28.329356, 37.036769991684672 ], [ 28.322765, 37.043849991688283 ], [ 28.314952, 37.048813991690906 ], [ 28.304698, 37.050848991691893 ], [ 28.174327, 37.035141991683851 ], [ 28.126231, 37.035874991684203 ], [ 28.10727, 37.032130991682301 ], [ 28.092947, 37.021429991676854 ], [ 27.986583, 37.035141991683851 ], [ 27.975597, 37.03229399168238 ], [ 27.963145, 37.023585991677919 ], [ 27.951834, 37.021469991676845 ], [ 27.940929, 37.022202991677233 ], [ 27.911388, 37.02773699168003 ], [ 27.886241, 37.026189991679246 ], [ 27.804698, 37.004583991668177 ], [ 27.794119, 37.007879991669888 ], [ 27.787852, 37.007879991669888 ], [ 27.77296, 36.995835991663682 ], [ 27.762869, 36.997300991664446 ], [ 27.751231, 36.996893991664265 ], [ 27.739513, 36.993597991662561 ], [ 27.719737, 37.005193991668492 ], [ 27.687673, 37.005438991668626 ], [ 27.655772, 36.996526991664034 ], [ 27.618012, 36.989243991660317 ], [ 27.590343, 36.998276991664973 ], [ 27.567149, 36.996648991664131 ], [ 27.472667, 36.993597991662561 ], [ 27.462738, 37.001124991666416 ], [ 27.444835, 37.022527991677343 ], [ 27.438487, 37.02773699168003 ], [ 27.445567, 37.096990991715536 ], [ 27.459809, 37.08950399171173 ], [ 27.475108, 37.092514991713259 ], [ 27.501313, 37.107488991720942 ], [ 27.522227, 37.114975991724805 ], [ 27.531016, 37.120835991727787 ], [ 27.541515, 37.125962991730397 ], [ 27.565115, 37.125636991730261 ], [ 27.575531, 37.130112991732524 ], [ 27.575531, 37.137599991736373 ], [ 27.547211, 37.161810991748759 ], [ 27.539561, 37.178289991757211 ], [ 27.575531, 37.178533991757291 ], [ 27.586681, 37.181463991758818 ], [ 27.594737, 37.185939991761124 ], [ 27.609874, 37.199651991768128 ], [ 27.594249, 37.204290991770499 ], [ 27.588552, 37.211126991774009 ], [ 27.589366, 37.230698991784038 ], [ 27.591645, 37.23505299178624 ], [ 27.604259, 37.242254991789935 ], [ 27.609874, 37.247462991792588 ], [ 27.612804, 37.254624991796256 ], [ 27.614024, 37.267523991802825 ], [ 27.615977, 37.274725991806505 ], [ 27.60377, 37.281479991809967 ], [ 27.603038, 37.28217199181033 ], [ 27.594412, 37.283839991811163 ], [ 27.592052, 37.281072991809786 ], [ 27.564789, 37.275538991806954 ], [ 27.553233, 37.272934991805585 ], [ 27.519867, 37.259100991798526 ], [ 27.5088, 37.268051991803127 ], [ 27.486339, 37.26788999180306 ], [ 27.461436, 37.267523991802825 ], [ 27.467947, 37.27700399180771 ], [ 27.486339, 37.295232991817045 ], [ 27.485118, 37.303045991820966 ], [ 27.490001, 37.313787991826494 ], [ 27.491384, 37.327337991833403 ], [ 27.480154, 37.343694991841765 ], [ 27.472667, 37.343694991841765 ], [ 27.418305, 37.309474991824253 ], [ 27.396821, 37.323146991831265 ], [ 27.388682, 37.34528199184259 ], [ 27.396739, 37.365626991852935 ], [ 27.415212, 37.381658991861116 ], [ 27.438487, 37.39081499186581 ], [ 27.426524, 37.40595099187351 ], [ 27.407237, 37.412745991876982 ], [ 27.403494, 37.412583991876943 ], [ 27.386567, 37.412054991876666 ], [ 27.370291, 37.40509699187308 ], [ 27.361176, 37.392156991866514 ], [ 27.356456, 37.37913599185984 ], [ 27.346202, 37.370591991855456 ], [ 27.321788, 37.370916991855694 ], [ 27.321788, 37.363510991851868 ], [ 27.271495, 37.34857799184428 ], [ 27.25766, 37.344549991842179 ], [ 27.246104, 37.336167991837947 ], [ 27.23878, 37.343898991841868 ], [ 27.2317, 37.348089991844013 ], [ 27.224946, 37.348211991844082 ], [ 27.217052, 37.350978991845452 ], [ 27.215587, 37.354152991847073 ], [ 27.211925, 37.357326991848751 ], [ 27.200694, 37.366522991853408 ], [ 27.20753, 37.376409991858438 ], [ 27.209483, 37.386948991863832 ], [ 27.205089, 37.398260991869556 ], [ 27.220388, 37.403997991872529 ], [ 27.226248, 37.40509699187308 ], [ 27.226248, 37.411932991876583 ], [ 27.217459, 37.431300991886424 ], [ 27.222504, 37.47675199190963 ], [ 27.199392, 37.478582991910571 ], [ 27.192638, 37.478663991910643 ], [ 27.181895, 37.483343991912996 ], [ 27.187836, 37.498276991920555 ], [ 27.19044, 37.512680991927965 ], [ 27.184581, 37.528021991935788 ], [ 27.188243, 37.534490991939037 ], [ 27.184255, 37.538763991941238 ], [ 27.180431, 37.544581991944192 ], [ 27.192832621661417, 37.551534569247011 ], [ 27.200369, 37.547552991945693 ], [ 27.209321, 37.563299991953706 ], [ 27.212169, 37.585597991965081 ], [ 27.208507, 37.596868991970801 ], [ 27.193858, 37.601019991972898 ], [ 27.17620223716953, 37.610222026155313 ], [ 27.136241, 37.63104899198818 ], [ 27.038341, 37.690130992018204 ], [ 27.105479, 37.686264992016234 ], [ 27.127208, 37.688543992017408 ], [ 27.213145, 37.713445992030046 ], [ 27.22641, 37.720932992033845 ], [ 27.249522, 37.744329992045735 ], [ 27.256602, 37.759507992053415 ], [ 27.258458093044784, 37.770180125810931 ], [ 27.258515819901728, 37.770511982001835 ], [ 27.258528184238116, 37.770583060773305 ], [ 27.260509, 37.7819679920648 ], [ 27.261567, 37.803533992075728 ], [ 27.260427, 37.815984992082029 ], [ 27.252696, 37.825262992086721 ], [ 27.243337, 37.833807992091081 ], [ 27.237153, 37.845444992096979 ], [ 27.239106, 37.864406992106559 ], [ 27.242524, 37.868068992108419 ], [ 27.255544, 37.877101992112998 ], [ 27.260427, 37.884222992116584 ], [ 27.263438, 37.893499992121306 ], [ 27.265391, 37.90167899212544 ], [ 27.264659, 37.909816992129549 ], [ 27.260427, 37.91901299213422 ], [ 27.27475, 37.929022992139267 ], [ 27.266287, 37.951360992150583 ], [ 27.239106, 37.987941992169034 ], [ 27.214041, 37.980942992165524 ], [ 27.177501, 37.980942992165524 ], [ 27.141124, 37.98602899216808 ], [ 27.116384, 37.994085992172181 ], [ 27.111176, 37.999700992174972 ], [ 27.107595, 38.006740992178528 ], [ 27.101899, 38.012680992181551 ], [ 27.091807, 38.015285992182868 ], [ 27.083751, 38.015569992183018 ], [ 27.075938, 38.017034992183717 ], [ 27.07016, 38.020005992185276 ], [ 27.067882, 38.025132992187842 ], [ 27.064708, 38.040594992195615 ], [ 27.055919, 38.045721992198217 ], [ 27.027029, 38.049383992200056 ], [ 26.975434, 38.065252992208102 ], [ 26.949229, 38.067368992209147 ], [ 26.917735, 38.062404992206638 ], [ 26.900076, 38.056788992203771 ], [ 26.893403, 38.056219992203523 ], [ 26.864919, 38.040350992195506 ], [ 26.842052, 38.076076992213565 ], [ 26.847423, 38.088771992219954 ], [ 26.846446, 38.103419992227302 ], [ 26.841563, 38.118231992234804 ], [ 26.835216, 38.131292992241399 ], [ 26.825043, 38.144964992248255 ], [ 26.802989, 38.162420992257005 ], [ 26.79363, 38.172267992262007 ], [ 26.776052, 38.165228992258449 ], [ 26.771495, 38.17747599226464 ], [ 26.773692, 38.207016992279463 ], [ 26.760265, 38.216741992284398 ], [ 26.74464, 38.215643992283816 ], [ 26.727306, 38.210272992281141 ], [ 26.708263, 38.207016992279463 ], [ 26.645763, 38.206731992279316 ], [ 26.635916, 38.203598992277747 ], [ 26.622895, 38.138738992245109 ], [ 26.618175, 38.141505992246501 ], [ 26.617686, 38.142319992246946 ], [ 26.615489, 38.144964992248255 ], [ 26.609223, 38.144964992248255 ], [ 26.576834, 38.132716992242045 ], [ 26.567638, 38.144964992248255 ], [ 26.543305, 38.130519992240941 ], [ 26.523774, 38.147405992249475 ], [ 26.517345, 38.15566599225366 ], [ 26.515473, 38.165716992258737 ], [ 26.519298, 38.179673992265727 ], [ 26.49171, 38.174017992262897 ], [ 26.466563, 38.19061899227124 ], [ 26.442231, 38.211981992281963 ], [ 26.417491, 38.220648992286328 ], [ 26.390147, 38.223821992287917 ], [ 26.391856, 38.234035992293066 ], [ 26.394542, 38.24286499229752 ], [ 26.394867, 38.251653992301911 ], [ 26.390147, 38.261663992306964 ], [ 26.276378, 38.300481992326461 ], [ 26.285899, 38.318670992335576 ], [ 26.307628, 38.323064992337791 ], [ 26.307628, 38.330511992341521 ], [ 26.319347, 38.333644992343075 ], [ 26.324474, 38.331731992342149 ], [ 26.330577, 38.330755992341629 ], [ 26.338634, 38.330511992341521 ], [ 26.346365, 38.328802992340677 ], [ 26.348318, 38.324773992338635 ], [ 26.349783, 38.320135992336311 ], [ 26.35613, 38.31688099233466 ], [ 26.370616, 38.316066992334285 ], [ 26.38502, 38.318426992335482 ], [ 26.391856, 38.325018992338769 ], [ 26.383311, 38.343572992348093 ], [ 26.398936, 38.335516992344026 ], [ 26.405284, 38.335353992343926 ], [ 26.417491, 38.336736992344626 ], [ 26.42921, 38.340765992346618 ], [ 26.4546, 38.354803992353695 ], [ 26.462169, 38.357855992355226 ], [ 26.475922, 38.366888992359783 ], [ 26.477061, 38.386867992369751 ], [ 26.468028, 38.407619992380148 ], [ 26.451508, 38.426092992389393 ], [ 26.476899, 38.416692992384704 ], [ 26.489106, 38.406194992379454 ], [ 26.497895, 38.407293992379991 ], [ 26.513031, 38.432928992392839 ], [ 26.498871, 38.439642992396166 ], [ 26.474294, 38.457342992405039 ], [ 26.453868, 38.463201992407981 ], [ 26.440766, 38.472804992412804 ], [ 26.431, 38.473943992413382 ], [ 26.397227, 38.468694992410725 ], [ 26.403819, 38.487534992420116 ], [ 26.399913, 38.499578992426187 ], [ 26.375824, 38.52855099244065 ], [ 26.373057, 38.540716992446733 ], [ 26.360688, 38.570949992461806 ], [ 26.359141, 38.576971992464827 ], [ 26.360118, 38.583563992468086 ], [ 26.348643, 38.621323992486943 ], [ 26.348969, 38.635483992493967 ], [ 26.351085, 38.650213992501357 ], [ 26.356293, 38.661688992507038 ], [ 26.365977, 38.666326992509347 ], [ 26.381033, 38.668361992510391 ], [ 26.403005, 38.677313992514819 ], [ 26.414073, 38.679388992515875 ], [ 26.440603, 38.677679992514989 ], [ 26.465587, 38.672674992512484 ], [ 26.487641, 38.664292992508322 ], [ 26.505626, 38.652654992502562 ], [ 26.539561, 38.623683992488097 ], [ 26.555837, 38.605413992478987 ], [ 26.560802, 38.590032992471336 ], [ 26.583995, 38.560939992456809 ], [ 26.609223, 38.535345992444029 ], [ 26.618012, 38.528631992440708 ], [ 26.624766, 38.524643992438662 ], [ 26.630382, 38.519231992436012 ], [ 26.635916, 38.508042992430404 ], [ 26.63795, 38.497015992424856 ], [ 26.637462, 38.487208992419987 ], [ 26.638031, 38.477728992415258 ], [ 26.643321, 38.467718992410241 ], [ 26.636729, 38.463445992408097 ], [ 26.633149, 38.461899992407304 ], [ 26.629161, 38.460882992406816 ], [ 26.621349, 38.466619992409704 ], [ 26.61085, 38.46841099241059 ], [ 26.599294, 38.466375992409588 ], [ 26.588145, 38.460882992406816 ], [ 26.605235, 38.453802992403297 ], [ 26.604991, 38.444769992398768 ], [ 26.596365, 38.433172992392933 ], [ 26.588145, 38.418686992385695 ], [ 26.588329828001751, 38.418667941498008 ], [ 26.611827, 38.416245992384461 ], [ 26.622081, 38.405340992379031 ], [ 26.628266, 38.390081992371385 ], [ 26.639659, 38.374578992363581 ], [ 26.657074, 38.328802992340677 ], [ 26.673106, 38.307195992329824 ], [ 26.694591, 38.313177992332825 ], [ 26.699962, 38.325750992339138 ], [ 26.766856, 38.364080992358332 ], [ 26.771495, 38.366115992359369 ], [ 26.78297, 38.369370992360999 ], [ 26.787364, 38.371526992362099 ], [ 26.795095, 38.358628992355619 ], [ 26.809825, 38.360052992356323 ], [ 26.827647, 38.367254992359911 ], [ 26.84547, 38.371526992362099 ], [ 26.924571, 38.377671992365165 ], [ 26.973806, 38.396185992374441 ], [ 26.989757, 38.398870992375763 ], [ 26.994477, 38.400783992376759 ], [ 27.007498, 38.409734992381217 ], [ 27.013357, 38.412501992382595 ], [ 27.023611, 38.412094992382421 ], [ 27.03297, 38.409002992380863 ], [ 27.042491, 38.407619992380148 ], [ 27.054373, 38.412501992382595 ], [ 27.055837, 38.408514992380645 ], [ 27.061209, 38.412501992382595 ], [ 27.07978999655662, 38.405554725137193 ], [ 27.088634, 38.402247992377454 ], [ 27.111827, 38.414007992383404 ], [ 27.135427, 38.433660992393207 ], [ 27.164236, 38.446600992399709 ], [ 27.164236, 38.453436992403098 ], [ 27.15447, 38.459417992406088 ], [ 27.150157, 38.458725992405768 ], [ 27.143077, 38.453436992403098 ], [ 27.136241, 38.460882992406816 ], [ 27.116954, 38.453924992403365 ], [ 27.083344, 38.456731992404769 ], [ 27.074718, 38.453436992403098 ], [ 27.049083, 38.463201992407981 ], [ 27.022309, 38.462469992407641 ], [ 26.959646, 38.441961992397374 ], [ 26.93865, 38.434230992393474 ], [ 26.935395, 38.434881992393805 ], [ 26.945079, 38.446600992399709 ], [ 26.927908, 38.456040992404446 ], [ 26.897634, 38.494695992423729 ], [ 26.884044, 38.501206992426972 ], [ 26.874197, 38.507472992430124 ], [ 26.889822, 38.508042992430404 ], [ 26.889822, 38.514878992433822 ], [ 26.877778, 38.526352992439591 ], [ 26.865082, 38.535548992444149 ], [ 26.851248, 38.542913992447787 ], [ 26.835216, 38.549017992450878 ], [ 26.839366, 38.560776992456738 ], [ 26.844574, 38.585434992469025 ], [ 26.848888, 38.597397992474995 ], [ 26.834239, 38.608221992480416 ], [ 26.779307, 38.61774299248512 ], [ 26.757579, 38.633774992493144 ], [ 26.759451, 38.638413992495451 ], [ 26.733653, 38.663641992508026 ], [ 26.742442, 38.666245992509339 ], [ 26.753184, 38.666326992509347 ], [ 26.737559, 38.730779992541386 ], [ 26.78891, 38.739406992545753 ], [ 26.818207, 38.75543899255365 ], [ 26.823741, 38.753729992552834 ], [ 26.827485, 38.750189992551057 ], [ 26.828949, 38.748276992550132 ], [ 26.830577, 38.747259992549594 ], [ 26.841807, 38.745835992548898 ], [ 26.851573, 38.745672992548826 ], [ 26.874522, 38.737534992544781 ], [ 26.88852, 38.734035992543056 ], [ 26.903494, 38.734564992543305 ], [ 26.897227, 38.748276992550132 ], [ 26.907074, 38.753647992552779 ], [ 26.915294, 38.759954992555919 ], [ 26.923025, 38.762151992557037 ], [ 26.931407, 38.755071992553482 ], [ 26.934418, 38.762884992557403 ], [ 26.935069, 38.77045299256114 ], [ 26.933849, 38.778956992565377 ], [ 26.931407, 38.789251992570442 ], [ 26.943858, 38.808742992580164 ], [ 26.960785, 38.806137992578847 ], [ 26.971446, 38.819158992585301 ], [ 26.958751, 38.844467992597863 ], [ 26.975352, 38.848618992599896 ], [ 26.990896, 38.855047992603119 ], [ 27.003917, 38.862859992606985 ], [ 27.013357, 38.871160992611053 ], [ 27.033539, 38.860499992605789 ], [ 27.055024, 38.87107999261103 ], [ 27.062673, 38.886867992618875 ], [ 27.04127, 38.89166899262122 ], [ 27.057872, 38.918523992634533 ], [ 27.057791, 38.929754992640078 ], [ 27.04127, 38.94008999264517 ], [ 27.024099, 38.928167992639295 ], [ 27.012869, 38.922064992636265 ], [ 27.001231, 38.919866992635185 ], [ 26.982595, 38.919622992635077 ], [ 26.97755, 38.922755992636588 ], [ 26.96754, 38.936915992643648 ], [ 26.962413, 38.94008999264517 ], [ 26.949962, 38.936997992643647 ], [ 26.941661, 38.93187099264118 ], [ 26.934255, 38.930893992640634 ], [ 26.924571, 38.94008999264517 ], [ 26.840099, 38.935857992643129 ], [ 26.825206, 38.94008999264517 ], [ 26.806488, 38.950140992650127 ], [ 26.797211, 38.973130992661531 ], [ 26.799164, 38.998357992673974 ], [ 26.814708, 39.015122992682294 ], [ 26.814708, 39.021958992685647 ], [ 26.806407, 39.033880992691536 ], [ 26.829112, 39.047348992698147 ], [ 26.854015, 39.058416992703613 ], [ 26.873057, 39.062933992705858 ], [ 26.883149, 39.071600992710124 ], [ 26.875255, 39.090887992719608 ], [ 26.851899, 39.121282992734592 ], [ 26.823741, 39.149074992748233 ], [ 26.809825, 39.157456992752401 ], [ 26.778738, 39.170029992758586 ], [ 26.771169, 39.173081992760061 ], [ 26.751638, 39.184637992765758 ], [ 26.737804, 39.197210992771922 ], [ 26.739024, 39.207586992777031 ], [ 26.730968, 39.227606992786846 ], [ 26.726573, 39.247503992796574 ], [ 26.718761, 39.262884992804118 ], [ 26.701427, 39.268987992807112 ], [ 26.670665, 39.282659992813862 ], [ 26.664806, 39.298081992821388 ], [ 26.670258, 39.305975992825275 ], [ 26.681163, 39.310613992827513 ], [ 26.691173, 39.316229992830259 ], [ 26.708751, 39.336899992840337 ], [ 26.814708, 39.399358992870894 ], [ 26.805431, 39.40509699287373 ], [ 26.801036, 39.406194992874255 ], [ 26.801036, 39.412420992877266 ], [ 26.802582, 39.419175992880554 ], [ 26.802745, 39.425115992883498 ], [ 26.801036, 39.433538992887577 ], [ 26.837413, 39.435613992888619 ], [ 26.850841, 39.439764992890595 ], [ 26.863048, 39.44716999289426 ], [ 26.852061, 39.461818992901364 ], [ 26.867931, 39.471502992906096 ], [ 26.925955, 39.485825992913099 ], [ 26.929861, 39.48773799291402 ], [ 26.929698, 39.491440992915834 ], [ 26.931407, 39.501775992920862 ], [ 26.945079, 39.539617992939228 ], [ 26.943858, 39.560980992949673 ], [ 26.937673, 39.574773992956374 ], [ 26.922211, 39.582179992959979 ], [ 26.893403, 39.584376992961033 ], [ 26.870453, 39.576849992957342 ], [ 26.852061, 39.563380992950812 ], [ 26.832856, 39.556829992947662 ], [ 26.807872, 39.57070499295439 ], [ 26.667247, 39.550848992944744 ], [ 26.456798, 39.521185992930292 ], [ 26.434255, 39.513982992926799 ], [ 26.424164, 39.505193992922514 ], [ 26.41391, 39.505315992922554 ], [ 26.369965, 39.485784992913061 ], [ 26.362153, 39.481349992910907 ], [ 26.350108, 39.481349992910907 ], [ 26.297374, 39.488714992914481 ], [ 26.286632, 39.487615992913994 ], [ 26.273611, 39.482407992911433 ], [ 26.26295, 39.481349992910907 ], [ 26.231781, 39.474513992907561 ], [ 26.152843, 39.459214992900137 ], [ 26.112966, 39.459173992900119 ], [ 26.074229, 39.474513992907561 ], [ 26.069998, 39.496282992918189 ], [ 26.094981, 39.548569992943591 ], [ 26.110688, 39.597885992967583 ], [ 26.148204, 39.626043992981245 ], [ 26.156749, 39.649236992992485 ], [ 26.163585, 39.704168993019081 ], [ 26.159353, 39.714910993024304 ], [ 26.140636, 39.742742993037723 ], [ 26.136404, 39.755682993044033 ], [ 26.137869, 39.764552993048298 ], [ 26.1421, 39.767889993049906 ], [ 26.146739, 39.770208993051043 ], [ 26.149913, 39.77610899305391 ], [ 26.149913, 39.799993993065385 ], [ 26.154959, 39.826157993078006 ], [ 26.151703, 39.835149993082382 ], [ 26.136404, 39.837591993083564 ], [ 26.141856, 39.849025993089036 ], [ 26.156749, 39.898992993113119 ], [ 26.156016, 39.905096993116025 ], [ 26.150645, 39.924708993125485 ], [ 26.149913, 39.93378299312981 ], [ 26.152599, 39.942612993134105 ], [ 26.161632, 39.956203993140598 ], [ 26.163585, 39.9645449931446 ], [ 26.167654, 39.973577993148908 ], [ 26.18865, 40.001775993162433 ], [ 26.197765, 40.00885699316585 ], [ 26.25115, 39.994858993159127 ], [ 26.266938, 40.003078993163072 ], [ 26.300304, 40.014389993168486 ], [ 26.311046, 40.01947699317094 ], [ 26.353201, 40.052150993186579 ], [ 26.362153, 40.06346299319199 ], [ 26.365001, 40.071762993195954 ], [ 26.366222, 40.084620993202108 ], [ 26.36964, 40.09080599320508 ], [ 26.370372, 40.094712993206983 ], [ 26.369477, 40.099188993209083 ], [ 26.369395, 40.102931993210859 ], [ 26.372813, 40.104477993211603 ], [ 26.3838, 40.104152993211436 ], [ 26.389008, 40.105169993211931 ], [ 26.39324, 40.108221993213377 ], [ 26.399587, 40.120835993219387 ], [ 26.403494, 40.138982993228076 ], [ 26.403005, 40.157903993237134 ], [ 26.396332, 40.172755993244195 ], [ 26.402843, 40.187444993251184 ], [ 26.40797, 40.193670993254145 ], [ 26.414887, 40.194891993254757 ], [ 26.427582, 40.194484993254548 ], [ 26.441417, 40.196600993255593 ], [ 26.46754, 40.205999993260029 ], [ 26.500743, 40.212957993263331 ], [ 26.519379, 40.225164993269146 ], [ 26.56365, 40.270167993290571 ], [ 26.57252, 40.274562993292626 ], [ 26.581391, 40.277003993293775 ], [ 26.594981, 40.282619993296471 ], [ 26.607595, 40.290431993300189 ], [ 26.71461, 40.3906109933477 ], [ 26.735606, 40.403550993353804 ], [ 26.776703, 40.405503993354671 ], [ 26.863048, 40.399887993352031 ], [ 26.897227, 40.406154993355003 ], [ 26.908214, 40.403712993353871 ], [ 26.934418, 40.392482993348523 ], [ 26.991466, 40.388616993346737 ], [ 27.013357, 40.392482993348523 ], [ 27.04127, 40.409612993356646 ], [ 27.065766, 40.433538993367939 ], [ 27.096365, 40.45229699337682 ], [ 27.143077, 40.453924993377576 ], [ 27.177013, 40.448797993375159 ], [ 27.215343, 40.447698993374651 ], [ 27.237559, 40.451849993376605 ], [ 27.271495, 40.467840993384137 ], [ 27.286957, 40.468206993384335 ], [ 27.303396, 40.458440993379703 ], [ 27.313731, 40.444077993372915 ], [ 27.328624, 40.413559993358511 ], [ 27.32326328310609, 40.410656579820532 ], [ 27.314952, 40.406154993355003 ], [ 27.308116, 40.406154993355003 ], [ 27.303559, 40.410467993357067 ], [ 27.303233, 40.41095599335727 ], [ 27.301768, 40.409002993356388 ], [ 27.294444, 40.406154993355003 ], [ 27.337576, 40.370306993338062 ], [ 27.392914, 40.342107993324703 ], [ 27.452322, 40.322007993315125 ], [ 27.523285, 40.308782993308903 ], [ 27.55128, 40.308823993308877 ], [ 27.562022, 40.310491993309704 ], [ 27.597016, 40.328314993318187 ], [ 27.612966, 40.330999993319431 ], [ 27.64088, 40.326116993317108 ], [ 27.66505, 40.317449993312991 ], [ 27.687999, 40.313787993311259 ], [ 27.71225, 40.324204993316172 ], [ 27.732595, 40.317287993312938 ], [ 27.762706, 40.315374993312048 ], [ 27.789806, 40.320460993314427 ], [ 27.813243, 40.34711299332708 ], [ 27.867361, 40.368882993337351 ], [ 27.883556, 40.38629799334565 ], [ 27.865245, 40.386785993345832 ], [ 27.815278, 40.399887993352031 ], [ 27.800548, 40.393011993348786 ], [ 27.791759, 40.392889993348717 ], [ 27.787852, 40.403021993353526 ], [ 27.785818, 40.412908993358201 ], [ 27.780121, 40.415716993359574 ], [ 27.773448, 40.416489993359932 ], [ 27.767426, 40.420395993361751 ], [ 27.760753, 40.42841199336555 ], [ 27.756358, 40.432602993367517 ], [ 27.75408, 40.438299993370222 ], [ 27.753184, 40.450831993376106 ], [ 27.750173, 40.457586993379309 ], [ 27.6963, 40.506414993402316 ], [ 27.706065, 40.511907993404918 ], [ 27.722423, 40.526271993411648 ], [ 27.733165, 40.530584993413726 ], [ 27.741954, 40.526312993411715 ], [ 27.750173, 40.524725993410939 ], [ 27.76002, 40.537054993416746 ], [ 27.779063, 40.518255993407926 ], [ 27.780447, 40.515325993406556 ], [ 27.789399, 40.514227993406038 ], [ 27.792247, 40.517034993407336 ], [ 27.795177, 40.52090099340915 ], [ 27.804698, 40.522772993410051 ], [ 27.9699, 40.502996993400707 ], [ 28.014171, 40.491155993395132 ], [ 28.034434, 40.474432993387254 ], [ 28.016775, 40.45107699337624 ], [ 27.929942, 40.416937993360101 ], [ 27.903982, 40.399887993352031 ], [ 27.908458, 40.374212993339931 ], [ 27.944672, 40.366033993336025 ], [ 28.027517, 40.372015993338849 ], [ 28.11199, 40.396063993350268 ], [ 28.347992, 40.404038993354021 ], [ 28.400401, 40.397405993350901 ], [ 28.486827, 40.399887993352031 ], [ 28.476085, 40.397934993351093 ], [ 28.46754, 40.394354993349438 ], [ 28.461681, 40.388372993346607 ], [ 28.458832, 40.379461993342403 ], [ 28.499522, 40.391098993347846 ], [ 28.545421, 40.391302993347956 ], [ 28.592784, 40.381902993343544 ], [ 28.637706, 40.365179993335602 ], [ 28.643809, 40.371242993338498 ], [ 28.647472, 40.370021993337893 ], [ 28.651215, 40.366359993336168 ], [ 28.658051, 40.365179993335602 ], [ 28.66684, 40.368108993337003 ], [ 28.677419, 40.376043993340772 ], [ 28.685395, 40.379461993342403 ], [ 28.741873, 40.386419993345669 ], [ 28.757091, 40.396185993350272 ], [ 28.771983, 40.402532993353297 ], [ 28.79127, 40.400457993352333 ], [ 28.82545, 40.392482993348523 ], [ 28.855642, 40.391180993347916 ], [ 28.884044, 40.38629799334565 ], [ 28.89796, 40.381333993343233 ], [ 28.921397, 40.370021993337893 ], [ 28.938731, 40.365179993335602 ], [ 28.956554, 40.36318599333471 ], [ 29.033946, 40.364446993335278 ], [ 29.045149027284157, 40.366279701986301 ], [ 29.051606, 40.367335993336646 ], [ 29.065684, 40.375717993340572 ], [ 29.073904, 40.388657993346733 ], [ 29.082693, 40.4156759933595 ], [ 29.090099, 40.427231993364956 ], [ 29.102794, 40.423040993362974 ], [ 29.118988, 40.423650993363296 ], [ 29.136404, 40.427882993365301 ], [ 29.151541, 40.434067993368245 ], [ 29.133556, 40.450750993376076 ], [ 29.111501, 40.466131993383364 ], [ 29.087901, 40.477483993388709 ], [ 29.065684, 40.481878993390779 ], [ 29.010997, 40.481878993390779 ], [ 29.002452, 40.478663993389269 ], [ 28.980317, 40.464544993382582 ], [ 28.969493, 40.461370993381095 ], [ 28.916677, 40.470892993385604 ], [ 28.828461, 40.513006993405455 ], [ 28.792654, 40.553289993424414 ], [ 28.826834, 40.570623993432584 ], [ 28.897716, 40.591741993442525 ], [ 28.927745, 40.606430993449393 ], [ 28.970063, 40.639471993464852 ], [ 28.986339, 40.644760993467379 ], [ 29.281586, 40.665919993477253 ], [ 29.323253, 40.676743993482347 ], [ 29.36378, 40.69415899349049 ], [ 29.384532, 40.706487993496296 ], [ 29.391856, 40.707830993496891 ], [ 29.399181, 40.702581993494434 ], [ 29.407237, 40.693100993489985 ], [ 29.41684, 40.686753993487031 ], [ 29.428722, 40.690984993489025 ], [ 29.437755, 40.695460993491096 ], [ 29.450369, 40.699367993492906 ], [ 29.461436, 40.704168993495202 ], [ 29.466156, 40.711492993498652 ], [ 29.470063, 40.718939993502104 ], [ 29.479259, 40.72406599350451 ], [ 29.490571, 40.727239993505954 ], [ 29.50115, 40.728908993506721 ], [ 29.511241, 40.727483993506091 ], [ 29.527517, 40.721502993503321 ], [ 29.542247, 40.70966199349774 ], [ 29.548839, 40.690984993489025 ], [ 29.559906, 40.691066993489066 ], [ 29.753266, 40.724554993504718 ], [ 29.867198, 40.728908993506721 ], [ 29.903575, 40.716253993500835 ], [ 29.924164, 40.716456993500934 ], [ 29.939301, 40.735052993509612 ], [ 29.92921, 40.758042993520355 ], [ 29.890147, 40.763494993522912 ], [ 29.809418, 40.755560993519211 ], [ 29.802501, 40.753851993518396 ], [ 29.795258, 40.751124993517109 ], [ 29.786632, 40.74884699351604 ], [ 29.775401, 40.748724993516042 ], [ 29.763845, 40.752752993517888 ], [ 29.743826, 40.76679099352441 ], [ 29.737559, 40.769842993525842 ], [ 29.721528, 40.772039993526903 ], [ 29.686534, 40.781561993531355 ], [ 29.666189, 40.783514993532229 ], [ 29.428722, 40.776067993528763 ], [ 29.410167, 40.771225993526542 ], [ 29.394298, 40.76211199352224 ], [ 29.377778, 40.75653699351966 ], [ 29.356944, 40.762396993522415 ], [ 29.348481, 40.770940993526359 ], [ 29.344249, 40.780218993530724 ], [ 29.339529, 40.787583993534163 ], [ 29.329112, 40.790350993535426 ], [ 29.333018, 40.792425993536398 ], [ 29.335623, 40.794500993537341 ], [ 29.338634, 40.796372993538228 ], [ 29.343435, 40.797796993538896 ], [ 29.339529, 40.807806993543558 ], [ 29.333344, 40.814845993546832 ], [ 29.325206, 40.820053993549266 ], [ 29.31544, 40.8244489935513 ], [ 29.311046, 40.818182993548419 ], [ 29.301768, 40.8244489935513 ], [ 29.297661080154842, 40.821590018058224 ], [ 29.281586, 40.815374993547117 ], [ 29.254568, 40.810776993544948 ], [ 29.254568, 40.817042993547894 ], [ 29.264171, 40.817938993548303 ], [ 29.270763, 40.82184499355013 ], [ 29.274099, 40.82884299355338 ], [ 29.274587, 40.83877199355797 ], [ 29.28419, 40.833929993555714 ], [ 29.288259, 40.831284993554512 ], [ 29.287608, 40.835597993556519 ], [ 29.288422, 40.837794993557523 ], [ 29.291026, 40.838567993557923 ], [ 29.294932, 40.83877199355797 ], [ 29.283865, 40.85162999356394 ], [ 29.263927, 40.869777993572384 ], [ 29.253673, 40.875473993575071 ], [ 29.240977, 40.882553993578327 ], [ 29.201345, 40.893947993583666 ], [ 29.144786, 40.914129993593015 ], [ 29.124278, 40.926906993598969 ], [ 29.103526, 40.94672299360812 ], [ 29.083181, 40.959661993614112 ], [ 29.169688, 41.233099993740119 ], [ 29.199962, 41.229192993738337 ], [ 29.206228, 41.229192993738337 ], [ 29.216156, 41.239406993743046 ], [ 29.231781, 41.24070899374361 ], [ 29.419607, 41.21430099373147 ], [ 29.618826, 41.178899993715227 ], [ 29.884613, 41.148992993701498 ], [ 30.136892, 41.143784993699121 ], [ 30.165212, 41.14663299370045 ], [ 30.180024, 41.151556993702684 ], [ 30.203461, 41.164495993708606 ], [ 30.217052, 41.167140993709857 ], [ 30.22641, 41.172918993712514 ], [ 30.233653, 41.184474993717807 ], [ 30.240489, 41.192327993721435 ], [ 30.248302, 41.18756699371923 ], [ 30.259044, 41.195745993722987 ], [ 30.271251, 41.211167993730051 ], [ 30.282481, 41.215521993732033 ], [ 30.295584, 41.207423993728334 ], [ 30.336681, 41.200831993725302 ], [ 30.369965, 41.181341993716373 ], [ 30.699229, 41.121526993688875 ], [ 30.732432, 41.099432993678683 ], [ 30.748057, 41.091985993675237 ], [ 30.833263, 41.079900993669725 ], [ 31.090587, 41.08514999367209 ], [ 31.115245, 41.096014993677137 ], [ 31.124766, 41.098130993678119 ], [ 31.137055, 41.097601993677848 ], [ 31.158458, 41.093084993675795 ], [ 31.169444, 41.091985993675237 ], [ 31.21046, 41.098130993678119 ], [ 31.216482, 41.097234993677702 ], [ 31.226085, 41.092962993675677 ], [ 31.231212, 41.091985993675237 ], [ 31.23878, 41.093694993676074 ], [ 31.240977, 41.097723993677896 ], [ 31.242931, 41.102361993680049 ], [ 31.248871, 41.105657993681554 ], [ 31.290212, 41.117864993687249 ], [ 31.323578, 41.133856993694586 ], [ 31.378591, 41.17450599371324 ], [ 31.392751, 41.188421993719651 ], [ 31.401052, 41.202093993725889 ], [ 31.40504, 41.21816599373328 ], [ 31.406016, 41.239406993743046 ], [ 31.408051, 41.248357993747092 ], [ 31.417491, 41.268296993756245 ], [ 31.419607, 41.28034099376174 ], [ 31.41505, 41.285874993764303 ], [ 31.403575, 41.316473993778246 ], [ 31.425141, 41.32257699378107 ], [ 31.471039, 41.324773993782081 ], [ 31.476573, 41.329005993783966 ], [ 31.492686, 41.347723993792521 ], [ 31.498302, 41.352036993794506 ], [ 31.508556, 41.35382699379528 ], [ 31.658946, 41.397934993815383 ], [ 31.871593, 41.504583993863839 ], [ 31.993337, 41.549505993884182 ], [ 32.029633, 41.571193993893999 ], [ 32.039399, 41.575587993895972 ], [ 32.134125, 41.599432993906746 ], [ 32.161876, 41.612005993912376 ], [ 32.178396, 41.636907993923614 ], [ 32.243419, 41.69293899394885 ], [ 32.24822, 41.698064993951142 ], [ 32.263357, 41.720159993961076 ], [ 32.297048, 41.727361993964273 ], [ 32.351817, 41.729437993965234 ], [ 32.353689, 41.73574499396809 ], [ 32.361827, 41.737859993968996 ], [ 32.372325, 41.742498993971083 ], [ 32.37436, 41.749415993974225 ], [ 32.377208, 41.754054993976276 ], [ 32.382579, 41.756089993977206 ], [ 32.387218, 41.753851993976234 ], [ 32.396251, 41.744288993971928 ], [ 32.399669, 41.742498993971083 ], [ 32.417247, 41.748927993973957 ], [ 32.439464, 41.767523993982302 ], [ 32.454275, 41.777247993986698 ], [ 32.523204, 41.804510993998846 ], [ 32.534841, 41.810735994001654 ], [ 32.54835, 41.815740994003924 ], [ 32.562836, 41.816880994004414 ], [ 32.57781, 41.811346994001966 ], [ 32.589366, 41.826971994008893 ], [ 32.612559, 41.83954499401456 ], [ 32.663097, 41.834946994012441 ], [ 32.67921, 41.836329994013077 ], [ 32.740408, 41.853175994020617 ], [ 32.755382, 41.85911699402326 ], [ 32.770274, 41.857977994022811 ], [ 32.798513, 41.859686994023569 ], [ 32.827485, 41.864690994025743 ], [ 32.844574, 41.872788994029364 ], [ 32.855642, 41.868312994027363 ], [ 32.926117, 41.881821994033395 ], [ 32.961925, 41.894109994038878 ], [ 33.008067, 41.917303994049185 ], [ 33.165538, 41.956976994066899 ], [ 33.324474, 42.01902899409437 ], [ 33.36085, 42.020656994095091 ], [ 33.434337, 42.010646994090678 ], [ 33.540538, 42.010646994090678 ], [ 33.563243, 42.007716994089371 ], [ 33.613455, 41.993719994083165 ], [ 33.827159, 41.977687994076021 ], [ 33.845225, 41.982651994078282 ], [ 33.873546, 41.974432994074618 ], [ 34.003591, 41.982651994078282 ], [ 34.331309, 41.947942994062792 ], [ 34.445486, 41.972845994073865 ], [ 34.482677, 41.975245994074974 ], [ 34.498709, 41.971909994073449 ], [ 34.527029, 41.960638994068468 ], [ 34.561778, 41.95184999406456 ], [ 34.694184, 41.945949994061976 ], [ 34.746349, 41.95038499406391 ], [ 34.798595, 41.962225994069172 ], [ 34.815115, 41.969142994072286 ], [ 34.852875, 41.991522994082224 ], [ 34.889008, 42.007798994089391 ], [ 34.918793, 42.035548994101674 ], [ 35.003429, 42.085109994123634 ], [ 35.023936, 42.092514994126859 ], [ 35.031098, 42.080633994121655 ], [ 35.04184, 42.072088994117856 ], [ 35.048839, 42.065130994114767 ], [ 35.044444, 42.05780699411153 ], [ 35.044444, 42.051580994108754 ], [ 35.081554, 42.029201994098898 ], [ 35.104503, 42.021876994095649 ], [ 35.1338, 42.023626994096404 ], [ 35.162608, 42.021714994095603 ], [ 35.137543, 42.01951699409458 ], [ 35.11671, 42.006902994089032 ], [ 35.107432, 41.991684994082249 ], [ 35.098806, 41.969712994072481 ], [ 35.093028, 41.946681994062274 ], [ 35.092133, 41.92804599405396 ], [ 35.098643, 41.912664994047113 ], [ 35.125743, 41.87531199403054 ], [ 35.155772, 41.84568899401728 ], [ 35.195811, 41.804510993998846 ], [ 35.201996, 41.791448993993036 ], [ 35.211762, 41.775376993985851 ], [ 35.224783, 41.761867993979784 ], [ 35.253591, 41.750636993974751 ], [ 35.282563, 41.72418899396289 ], [ 35.298188, 41.715154993958848 ], [ 35.357677, 41.696844993950599 ], [ 35.401052, 41.691554993948209 ], [ 35.417328, 41.683416993944611 ], [ 35.449067, 41.660548993934327 ], [ 35.48585, 41.645086993927308 ], [ 35.530121, 41.634262993922434 ], [ 35.576671, 41.629705993920417 ], [ 35.619802, 41.632635993921724 ], [ 35.64088, 41.639308993924701 ], [ 35.678722, 41.656927993932655 ], [ 35.740571, 41.664983993936254 ], [ 35.846202, 41.698716993951464 ], [ 35.870128, 41.701482993952702 ], [ 35.893809, 41.707464993955384 ], [ 35.928966, 41.708929993956076 ], [ 35.930512, 41.693833993949283 ], [ 35.911632, 41.662786993935313 ], [ 35.915294, 41.646225993927828 ], [ 35.922699, 41.646225993927828 ], [ 35.924815, 41.670232993938633 ], [ 35.934337, 41.692124993948447 ], [ 35.947927, 41.710027993956558 ], [ 35.962413, 41.721990993961896 ], [ 35.972911, 41.728582993964821 ], [ 35.977875, 41.729681993965379 ], [ 36.038097, 41.687811993946561 ], [ 36.108775417222162, 41.639152692913456 ], [ 36.120453, 41.627752993919508 ], [ 36.134451, 41.599065993906549 ], [ 36.134451, 41.558172993888121 ], [ 36.131033, 41.548244993883607 ], [ 36.122325, 41.531805993876141 ], [ 36.120779, 41.527044993874 ], [ 36.119965, 41.494329993859161 ], [ 36.12379, 41.479152993852324 ], [ 36.134451, 41.46189999384449 ], [ 36.178884, 41.419988993825406 ], [ 36.204763, 41.406479993819275 ], [ 36.236827, 41.358872993797604 ], [ 36.253266, 41.348821993793024 ], [ 36.303396, 41.32851799378377 ], [ 36.331879, 41.323187993781325 ], [ 36.33725, 41.31854899377921 ], [ 36.339854, 41.31093999377574 ], [ 36.340505, 41.30052299377099 ], [ 36.343761, 41.28872299376556 ], [ 36.352224, 41.283636993763267 ], [ 36.363292, 41.281072993762088 ], [ 36.374522, 41.277003993760218 ], [ 36.380138, 41.272161993758012 ], [ 36.390147, 41.260320993752586 ], [ 36.39503, 41.256414993750774 ], [ 36.40504, 41.253606993749507 ], [ 36.423839, 41.25169499374865 ], [ 36.432465, 41.246242993746137 ], [ 36.45102, 41.240423993743462 ], [ 36.465265686883903, 41.242990675261687 ], [ 36.476085, 41.244939993745568 ], [ 36.512496950261962, 41.260348761489027 ], [ 36.517914, 41.262640993753621 ], [ 36.678433252207171, 41.093923250961559 ], [ 37.01531, 41.274603993759143 ], [ 37.031912, 41.242824993744598 ], [ 37.033865, 41.198797993724355 ], [ 37.039724, 41.181544993716443 ], [ 37.056407, 41.17450599371324 ], [ 37.077485, 41.170843993711557 ], [ 37.115733, 41.153143993703424 ], [ 37.135509, 41.14663299370045 ], [ 37.263438, 41.147853993700949 ], [ 37.299327, 41.14036699369754 ], [ 37.322439, 41.124090993690025 ], [ 37.333507, 41.119329993687842 ], [ 37.354503, 41.114243993685491 ], [ 37.37794, 41.11249399368473 ], [ 37.395356, 41.108465993682849 ], [ 37.419444, 41.087591993673215 ], [ 37.436534, 41.077703993668678 ], [ 37.47755, 41.067775993664107 ], [ 37.481293, 41.062200993661563 ], [ 37.504731, 41.042913993652633 ], [ 37.52475, 41.037176993649979 ], [ 37.564708, 41.04047299365152 ], [ 37.580577, 41.036769993649798 ], [ 37.785167, 41.060003993660523 ], [ 37.802745, 41.042913993652633 ], [ 37.769646231906378, 40.730979520884773 ], [ 38.063346862599992, 40.679187768483466 ], [ 38.633880615399988, 40.679187768483466 ], [ 38.859593918676993, 40.705091968676484 ], [ 38.966300867530798, 40.782838533239556 ], [ 39.0811981202, 40.808765404543983 ], [ 39.319081878799992, 40.808765404543983 ], [ 39.442012944744349, 40.782838533239556 ], [ 39.572866942921067, 40.705091968676484 ], [ 39.77494812, 40.679187768483466 ], [ 40.250392914, 40.679187768483466 ], [ 40.442597936741215, 40.69214194038419 ], [ 40.543809473593562, 40.731012940072276 ], [ 40.581649422590417, 40.769879990732065 ], [ 40.5939563814145, 40.847635711229842 ], [ 40.557384, 41.042466993652447 ], [ 40.58839, 41.057277993659227 ], [ 40.62615, 41.082179993670778 ], [ 40.639659, 41.08514999367209 ], [ 40.670665, 41.087957993673399 ], [ 40.685883, 41.091985993675237 ], [ 40.698253, 41.098130993678119 ], [ 40.757579, 41.158351993705821 ], [ 40.827485, 41.197942993724006 ], [ 40.838878, 41.201238993725511 ], [ 40.854015, 41.199285993724629 ], [ 40.896821, 41.18756699371923 ], [ 40.922048, 41.190618993720641 ], [ 40.959809, 41.210638993729809 ], [ 40.976085, 41.215521993732033 ], [ 40.997081, 41.217718993733058 ], [ 41.020274, 41.223699993735799 ], [ 41.042735, 41.232488993739857 ], [ 41.061371, 41.242824993744598 ], [ 41.100841, 41.274155993758889 ], [ 41.121349, 41.28554899376411 ], [ 41.146658, 41.28998399376615 ], [ 41.172618, 41.291245993766744 ], [ 41.190766, 41.295721993768787 ], [ 41.285004, 41.35382699379528 ], [ 41.310313, 41.360784993798497 ], [ 41.331798, 41.36969599380253 ], [ 41.34254, 41.372503993803811 ], [ 41.377452, 41.376043993805439 ], [ 41.390391, 41.379339993806951 ], [ 41.408946, 41.390325993811906 ], [ 41.424164, 41.407863993819902 ], [ 41.434337, 41.429144993829603 ], [ 41.438162, 41.451360993839685 ], [ 41.448578, 41.456243993841902 ], [ 41.507091, 41.495428993859647 ], [ 41.520763, 41.514227993868218 ], [ 41.586274, 41.602728993908201 ], [ 41.615733, 41.632635993921724 ], [ 41.676036, 41.662176993934999 ], [ 41.692882, 41.692287993948568 ], [ 41.739757, 41.749904993974432 ], [ 41.742361, 41.761663993979681 ], [ 41.742442, 41.770696993983726 ], [ 41.743907, 41.778631993987318 ], [ 41.750011, 41.787501993991285 ], [ 41.766287, 41.804184993998732 ], [ 41.771821, 41.812566994002538 ], [ 41.773936, 41.821600994006545 ], [ 41.773936, 41.902614994042658 ], [ 41.773935997950943, 41.906810196987664 ], [ 42.043347931199996, 41.911441797046592 ], [ 42.182403710935787, 41.885460179214164 ], [ 42.360180756413911, 41.807551109414639 ], [ 42.487722021563997, 41.807551109414639 ], [ 42.692829808231728, 41.885460179214164 ], [ 42.854669211086808, 41.898452820805772 ], [ 43.134818263973969, 41.859494845872462 ], [ 43.314916243655098, 41.88544749811804 ], [ 43.575493361718614, 42.002335100658271 ], [ 43.673663856612528, 42.015336054424857 ], [ 43.707263711344574, 41.937406385570434 ], [ 43.763952261294421, 41.898452820805772 ], [ 43.900368113222861, 41.859494845872462 ], [ 43.920333263445471, 41.79453873221199 ], [ 43.844095245727573, 41.638761899277682 ], [ 43.861833833898295, 41.560918879516144 ], [ 43.990991819461215, 41.483060163161461 ], [ 44.035813496583202, 41.3791929673217 ], [ 44.041476398570651, 41.145729392571539 ], [ 44.084161361317229, 41.029097123700851 ], [ 44.206207967533146, 40.912429243644333 ], [ 44.278604889, 40.873565667574191 ], [ 44.373792267000013, 40.873565667574191 ], [ 44.414430465479526, 40.834664516755147 ], [ 44.441209665187898, 40.718037835032895 ], [ 44.545242309799995, 40.679187768483466 ], [ 44.83050918619999, 40.679187768483466 ], [ 44.918603868994587, 40.640299808592275 ], [ 44.897720754754992, 40.523712035618246 ], [ 44.915537535121764, 40.446000711842061 ], [ 44.989777632781625, 40.329454137823163 ], [ 45.091313846751753, 40.27768047754855 ], [ 45.321610153494426, 40.238839231804874 ], [ 45.423049039702207, 40.187037987841059 ], [ 45.497142653852521, 40.070541766784572 ], [ 45.582730015512865, 40.018790739080565 ], [ 45.765341084332292, 39.979967804105769 ], [ 45.893630296443938, 39.902275676685598 ], [ 46.095833426130021, 39.708218464471805 ], [ 46.305080413399985, 39.643600456989752 ], [ 46.730720519599991, 39.643600456989752 ], [ 46.867936262391567, 39.617724513848088 ], [ 46.853988222203725, 39.540129009575672 ], [ 46.896617126200006, 39.514274589926984 ], [ 47.038407134800003, 39.514274589926977 ], [ 47.090334578726626, 39.540129009575701 ], [ 47.104371883212799, 39.617724513848088 ], [ 47.185539998943632, 39.630664412038811 ], [ 47.414897890012831, 39.59186436521933 ], [ 47.543340720653624, 39.604790386769253 ], [ 47.699511305111869, 39.682392757383688 ], [ 47.877769470199993, 39.708271020021073 ], [ 48.256237029799991, 39.708271020021073 ], [ 48.581401441390049, 39.759979248829069 ], [ 49.179342816152754, 39.915234246290687 ], [ 49.435395, 39.957667993141307 ], [ 49.428233, 39.947454993136432 ], [ 49.423676, 39.93549199313064 ], [ 49.423106, 39.926499993126313 ], [ 49.428233, 39.906439993116692 ], [ 49.439708, 39.884995993106379 ], [ 49.443126, 39.87335799310074 ], [ 49.438487, 39.8617619930952 ], [ 49.429698, 39.854314993091592 ], [ 49.422048, 39.849432993089245 ], [ 49.416515, 39.843735993086497 ], [ 49.414561, 39.834173993081905 ], [ 49.416352, 39.828598993079169 ], [ 49.419688, 39.823309993076684 ], [ 49.422374, 39.817327993073789 ], [ 49.421397, 39.810247993070377 ], [ 49.417166, 39.805853993068204 ], [ 49.40089, 39.796616993063786 ], [ 49.394786, 39.782456993056925 ], [ 49.395193, 39.776189993053947 ], [ 49.40089, 39.769272993050599 ], [ 49.396332, 39.756170993044201 ], [ 49.402029, 39.742498993037657 ], [ 49.424815, 39.71808499302584 ], [ 49.423595, 39.709539993021693 ], [ 49.409841, 39.70136099301773 ], [ 49.383962, 39.690130993012303 ], [ 49.358735, 39.666570993000889 ], [ 49.33725, 39.646429992991159 ], [ 49.318044, 39.621404992979009 ], [ 49.319021, 39.604192992970674 ], [ 49.307384, 39.587591992962565 ], [ 49.29713, 39.56557899295187 ], [ 49.289236, 39.542384992940583 ], [ 49.284923, 39.522202992930779 ], [ 49.285818, 39.495184992917679 ], [ 49.295746, 39.476710992908629 ], [ 49.388845, 39.410792992876509 ], [ 49.408946, 39.386419992864568 ], [ 49.408051, 39.382024992862405 ], [ 49.403575, 39.378484992860699 ], [ 49.397309, 39.345159992844458 ], [ 49.394786, 39.328680992836361 ], [ 49.38559, 39.334946992839427 ], [ 49.378673, 39.342474992843115 ], [ 49.373057, 39.350978992847246 ], [ 49.366873, 39.350978992847246 ], [ 49.370372, 39.30585399282517 ], [ 49.357677, 39.320135992832192 ], [ 49.306407, 39.346502992845068 ], [ 49.273123, 39.336574992840184 ], [ 49.247325, 39.31069599282754 ], [ 49.237071, 39.278956992811999 ], [ 49.237804, 39.169500992758302 ], [ 49.146821, 39.063421992706083 ], [ 49.147716, 39.08344099271595 ], [ 49.136404, 39.102280992725213 ], [ 49.116384, 39.110296992729175 ], [ 49.068614, 39.111395992729726 ], [ 49.068614, 39.120306992734072 ], [ 49.062755, 39.16132199275426 ], [ 49.05893, 39.172796992759935 ], [ 49.041189, 39.184393992765635 ], [ 49.022227, 39.188217992767449 ], [ 48.979503, 39.187078992766928 ], [ 48.967621, 39.183823992765305 ], [ 48.961762, 39.175848992761416 ], [ 48.957856, 39.165675992756398 ], [ 48.949555, 39.151271992749308 ], [ 48.948741, 39.146185992746865 ], [ 48.949067, 39.135320992741512 ], [ 48.946951, 39.127508992737674 ], [ 48.942149, 39.1253929927366 ], [ 48.937266, 39.12543399273661 ], [ 48.934825, 39.124415992736125 ], [ 48.932953, 39.077703992713147 ], [ 48.936371, 39.053126992700989 ], [ 48.952647, 39.031642992690422 ], [ 48.948578, 39.007228992678364 ], [ 48.921723, 38.935451992642918 ], [ 48.918224, 38.928940992639689 ], [ 48.898692, 38.893051992621899 ], [ 48.896251, 38.890732992620777 ], [ 48.867931, 38.863836992607446 ], [ 48.831798, 38.871160992611053 ], [ 48.83253, 38.835638992593466 ], [ 48.834727, 38.81928099258532 ], [ 48.839203, 38.803533992577592 ], [ 48.863129, 38.75665899255425 ], [ 48.8685, 38.602483992477545 ], [ 48.874278, 38.434230992393474 ], [ 48.874278, 38.434067992393388 ], [ 48.877208, 38.346176992349392 ], [ 48.865896, 38.31688099233466 ], [ 48.872895, 38.295558992323976 ], [ 48.874848, 38.242742992297437 ], [ 48.893728, 38.205796992278856 ], [ 48.907725, 38.083481992217258 ], [ 48.949067, 37.96686399215838 ], [ 48.941173, 37.947739992148712 ], [ 48.940196, 37.924993992137217 ], [ 48.944509, 37.903387992126277 ], [ 48.952159, 37.888006992118527 ], [ 48.987478, 37.84247499209544 ], [ 48.987804, 37.832098992090238 ], [ 48.984711, 37.823187992085707 ], [ 48.983165, 37.815984992082029 ], [ 48.993663, 37.776759992062168 ], [ 49.014496, 37.739162992043077 ], [ 49.065196, 37.678859992012484 ], [ 49.132498, 37.623357991984264 ], [ 49.205577, 37.581691991963069 ], [ 49.366873, 37.514959991929103 ], [ 49.441742, 37.494858991918861 ], [ 49.826182, 37.453558991897815 ], [ 49.867442, 37.45856399190037 ], [ 49.901541, 37.469712991906071 ], [ 49.933767, 37.474432991908444 ], [ 49.969493, 37.459702991900933 ], [ 49.959972, 37.458481991900307 ], [ 49.948904, 37.460923991901574 ], [ 49.943126, 37.461614991901897 ], [ 49.935313, 37.453558991897815 ], [ 50.018728, 37.427719991884615 ], [ 50.148774, 37.403875991872432 ], [ 50.195649, 37.389349991865068 ], [ 50.227306, 37.365423991852815 ], [ 50.223318, 37.329331991834422 ], [ 50.232107, 37.315415991827315 ], [ 50.245128, 37.279282991808792 ], [ 50.254242, 37.264837991801443 ], [ 50.268728, 37.246893991792305 ], [ 50.292247, 37.192815991764633 ], [ 50.322276, 37.153265991744405 ], [ 50.357188, 37.126531991730694 ], [ 50.429454, 37.082952991708368 ], [ 50.478852, 37.034979991683819 ], [ 50.493988, 37.02773699168003 ], [ 50.513438, 37.023260991677752 ], [ 50.624034, 36.963283991646954 ], [ 50.644786, 36.959417991645033 ], [ 50.658702, 36.954331991642377 ], [ 50.688243, 36.928696991629266 ], [ 50.703136, 36.918442991623991 ], [ 50.86085, 36.849554991588583 ], [ 51.004731, 36.767645991546459 ], [ 51.088634, 36.737005991530729 ], [ 51.367849, 36.69257199150784 ], [ 51.546072, 36.650945991486395 ], [ 51.730968, 36.624253991472649 ], [ 51.909028, 36.582708991451241 ], [ 52.094086, 36.602524991461486 ], [ 52.258556, 36.650945991486395 ], [ 52.430512, 36.685125991504023 ], [ 52.608653, 36.712387991518057 ], [ 52.779307, 36.740382991532464 ], [ 52.950531, 36.781316991553481 ], [ 53.115733, 36.822251991574568 ], [ 53.447602, 36.881902991605202 ], [ 53.492361, 36.887884991608274 ], [ 53.609141, 36.876898991602644 ], [ 53.616954, 36.86566799159683 ], [ 53.631033, 36.861964991594974 ], [ 53.663829, 36.863226991595603 ], [ 53.643891, 36.857814991592861 ], [ 53.635997, 36.8570009915924 ], [ 53.660167, 36.831203991579159 ], [ 53.70102, 36.81659599157166 ], [ 53.856456, 36.805486991565928 ], [ 53.872081, 36.798406991562281 ], [ 53.889171, 36.793605991559836 ], [ 54.014334, 36.821111991573972 ], [ 54.026215, 36.829087991578049 ], [ 54.033051, 36.845770991586647 ], [ 54.033443671666525, 36.930584308114376 ], [ 54.033539, 36.949122991639712 ], [ 54.028087, 36.966212991648511 ], [ 54.013357, 36.973089991652024 ], [ 53.994395, 36.979152991655148 ], [ 53.997244, 36.993719991662608 ], [ 54.02003, 37.02773699168003 ], [ 53.996267, 37.057317991695243 ], [ 53.980317, 37.094061991714078 ], [ 53.958018, 37.178533991757291 ], [ 53.927745, 37.243800991790728 ], [ 53.923188, 37.258001991797947 ], [ 53.913748, 37.342759991841305 ], [ 53.913748, 37.343003991841442 ], [ 53.899669, 37.468410991905387 ], [ 53.889822, 37.508123991925629 ], [ 53.871104, 37.547796991945809 ], [ 53.865245, 37.567287991955752 ], [ 53.860606, 37.611313991978136 ], [ 53.82488, 37.744858992045998 ], [ 53.80714, 38.031967992191277 ], [ 53.810313, 38.048406992199617 ], [ 53.823985, 38.081528992216292 ], [ 53.834158, 38.130275992240861 ], [ 53.858897, 38.206487992279207 ], [ 53.854991, 38.233709992292923 ], [ 53.866466, 38.265081992308687 ], [ 53.868175, 38.308009992330184 ], [ 53.863048, 38.381414992367048 ], [ 53.861501, 38.389349992371017 ], [ 53.85255, 38.403305992378037 ], [ 53.848155, 38.412501992382595 ], [ 53.845551, 38.422308992387514 ], [ 53.843435, 38.442693992397722 ], [ 53.828298, 38.503566992428141 ], [ 53.826996, 38.525457992439122 ], [ 53.836111, 38.60614699247936 ], [ 53.847423, 38.646307992499359 ], [ 53.863048, 38.679388992515875 ], [ 53.909841, 38.737697992544867 ], [ 53.926931, 38.773667992562729 ], [ 53.917003, 38.803533992577592 ], [ 53.931977, 38.813055992582242 ], [ 53.939789, 38.83104099259117 ], [ 53.945567, 38.851303992601217 ], [ 53.9546, 38.867742992609386 ], [ 53.965587, 38.881902992616361 ], [ 53.97755, 38.901759992626239 ], [ 53.982758, 38.916001992633277 ], [ 54.867608356522688, 39.294375568674894 ], [ 55.35217707872085, 39.565575738702165 ], [ 56.138263606785976, 40.108963126398884 ], [ 56.533833203611195, 40.445701634532 ], [ 56.93192053431865, 40.912127098914382 ], [ 57.31099110652513, 41.287810930141916 ], [ 58.054449563615407, 41.949735308511499 ], [ 58.378130967116583, 42.326842518118539 ], [ 58.600653804050488, 42.794974999389737 ], [ 58.641841438867417, 43.003488181678513 ], [ 58.5402659643023, 43.159706743483987 ], [ 58.513593403516829, 43.237865707289444 ], [ 58.535165486960096, 43.316010523793636 ], [ 58.513813065494226, 43.355094764334439 ], [ 58.428101401702598, 43.394174046444412 ], [ 58.446078000925596, 43.459278590623256 ], [ 58.586132686553434, 43.615657365801525 ], [ 58.731140117553061, 43.615657365801525 ], [ 59.025484141170011, 43.459278590623256 ], [ 59.484791805699679, 43.433250572041842 ], [ 60.569421166366226, 43.511429720896523 ], [ 61.153679745419204, 43.472287871294775 ], [ 61.820125096523789, 43.27688489452602 ], [ 62.142260476350934, 43.224850337142151 ], [ 62.443208014298513, 43.263920463872466 ], [ 62.531864105085404, 43.237855239260909 ], [ 62.496918533408085, 43.120665517651915 ], [ 62.706804568421916, 43.016483556406826 ], [ 63.370407240113323, 42.821277409145004 ], [ 63.675752865892186, 42.717239760570457 ], [ 63.928880005388322, 42.600182788012127 ], [ 64.033468992367929, 42.52216096647652 ], [ 64.094310383117374, 42.405152057939475 ], [ 64.146597290399981, 42.366176599246963 ], [ 64.242562866600011, 42.366176599246963 ], [ 64.479830396403202, 42.144582450495989 ], [ 65.095843738905486, 41.482406433334518 ], [ 65.293614753251418, 41.236582043971644 ], [ 65.27078610887078, 41.158769103674437 ], [ 65.303274887402338, 41.106900715186043 ], [ 65.423474447949928, 41.029108373952837 ], [ 65.455965350634202, 40.977252954510121 ], [ 65.433333544266205, 40.89947892394396 ], [ 65.518082343030514, 40.808709786162922 ], [ 65.794758965929987, 40.614355041535745 ], [ 65.938186885722118, 40.562591785919807 ], [ 66.0919908851873, 40.601453630224121 ], [ 66.13576123553274, 40.588492012210565 ], [ 66.113271335388077, 40.510770624055255 ], [ 66.153292846799999, 40.484874718392192 ], [ 66.295780945199994, 40.484874718392192 ], [ 66.414113164152027, 40.510770624055255 ], [ 66.62681295478427, 40.588492012210565 ], [ 66.705379186812806, 40.640311574921391 ], [ 66.728253608452263, 40.718048984749352 ], [ 66.878582763799997, 40.743972771513782 ], [ 67.306628418200006, 40.743972771513782 ], [ 67.62336317940408, 40.795770495348584 ], [ 68.146425889102716, 40.951300143188568 ], [ 68.329047753340447, 41.029108373952837 ], [ 68.353011650501799, 41.106900715186043 ], [ 68.460348948544038, 41.145808569281201 ], [ 68.758440043610818, 41.184713901510804 ], [ 68.861579454115798, 41.15876005797265 ], [ 68.872904592294518, 41.042062423769345 ], [ 68.928164452474078, 40.964278625212053 ], [ 69.0824765305385, 40.84762447773246 ], [ 69.133773160273535, 40.756895174770001 ], [ 69.133599383662272, 40.601420457764974 ], [ 69.169241913440814, 40.562591785919807 ], [ 69.276175495096822, 40.601453630224121 ], [ 69.303889097550339, 40.588492012210565 ], [ 69.280117460263128, 40.510770624055255 ], [ 69.3038803102, 40.484874718392192 ], [ 69.398870849799991, 40.484874718392192 ], [ 69.474097741045085, 40.420063545673429 ], [ 69.604912900615503, 40.225839257889149 ], [ 69.747305368408462, 40.174109930815874 ], [ 70.142471313, 40.225894921269528 ], [ 70.047711316133757, 40.122325535670697 ], [ 70.083503422563453, 40.031678969383222 ], [ 70.261875543163072, 39.837580560644803 ], [ 70.35289917019999, 39.772949212052332 ], [ 70.447546386799999, 39.772949212052332 ], [ 70.510913575426287, 39.721171053769886 ], [ 70.606462617225816, 39.565966408680374 ], [ 70.815887347627196, 39.475462680757495 ], [ 71.348133391913237, 39.359099208693578 ], [ 71.596757592796521, 39.242698123432973 ], [ 71.810853541812421, 39.010072200969802 ], [ 71.917471026351294, 38.94554333476983 ], [ 72.023186956730157, 38.984306760660559 ], [ 72.046971419562638, 38.958448912787645 ], [ 72.012717060255838, 38.842174703004837 ], [ 72.01705017099998, 38.80344008657751 ], [ 72.064149474999979, 38.80344008657751 ], [ 72.080404685065162, 38.751736985321536 ], [ 72.082286253121254, 38.596752060089131 ], [ 72.123291586592401, 38.46758154225428 ], [ 72.244475527289723, 38.235207372443462 ], [ 72.292465660731978, 37.963796582774343 ], [ 72.317902068378743, 37.38334915873876 ], [ 72.342921447399988, 37.190418234763399 ], [ 72.389668273600009, 37.190418234763399 ], [ 72.398203567518152, 37.164626554709258 ], [ 72.377128153993411, 37.087280530243227 ], [ 72.401274108999985, 37.06150817069738 ], [ 72.49472198499997, 37.06150817069738 ], [ 72.499766408081072, 37.022820029700085 ], [ 72.421640002435524, 36.906820473208199 ], [ 72.426783752199981, 36.868175498598113 ], [ 72.520153808799989, 36.868175498598113 ], [ 72.521791650750387, 36.816593259046257 ], [ 72.433649517641655, 36.661960799743191 ], [ 72.454624343979191, 36.50725291672839 ], [ 72.605869826478624, 36.198098502666284 ], [ 72.646331283899102, 36.056542843043196 ], [ 72.616123540822073, 35.94064628150398 ], [ 72.633752880901326, 35.889155571292861 ], [ 72.71669507586671, 35.850524896311533 ], [ 72.722162491195519, 35.811891206611641 ], [ 72.655722710600912, 35.734641311415125 ], [ 72.666786271963005, 35.657370427745718 ], [ 72.76642312434582, 35.502889024228239 ], [ 72.788758171423567, 35.348327776212493 ], [ 72.756931105719971, 35.039445683465033 ], [ 72.762055968999988, 34.936626424599936 ], [ 72.808363341999979, 34.936626424599936 ], [ 72.801164836579957, 34.846454600747968 ], [ 72.734021022154451, 34.576260124475191 ], [ 72.652990502902227, 34.434810647359214 ], [ 72.476683170031464, 34.280441390517382 ], [ 72.427197495371431, 34.203285099077362 ], [ 72.454690789308415, 34.126108444906613 ], [ 72.380734081683244, 34.074658895067877 ], [ 72.131518474398959, 33.997486818224587 ], [ 72.039301355821436, 33.93316819732479 ], [ 72.011817296734762, 33.817415826452759 ], [ 71.971972656599988, 33.778850545003571 ], [ 71.879788208399987, 33.778850545003571 ], [ 71.818522098531616, 33.714499592750045 ], [ 71.72734056311991, 33.521602742888106 ], [ 71.623766582825809, 33.405889110054751 ], [ 71.404223507804758, 33.251588513256159 ], [ 71.340653182125536, 33.174463905487642 ], [ 71.369094045312082, 33.097317005357581 ], [ 71.347940063199999, 33.071609486643773 ], [ 71.256002807799973, 33.071609486643773 ], [ 71.216628268982078, 33.033020148331723 ], [ 71.190572427428691, 32.917306685833104 ], [ 71.135993957600022, 32.878753651546511 ], [ 70.99818420439999, 32.878753651546511 ], [ 70.953209527821812, 32.814423000943677 ], [ 70.9563957820247, 32.621581075510456 ], [ 70.885070305826872, 32.505897234995352 ], [ 70.66802202766776, 32.351633255511445 ], [ 70.5680251481742, 32.313096173577989 ], [ 70.484661810083225, 32.351660472609517 ], [ 70.417972085081985, 32.3259352802786 ], [ 70.301471353699412, 32.210242415781558 ], [ 70.153049320315532, 32.158838985795732 ], [ 69.824182768643567, 32.120274686752687 ], [ 69.696614789942984, 32.094565157169129 ], [ 69.642708545547777, 32.056000858122324 ], [ 69.634628131907647, 32.017431910270275 ], [ 69.664300377944514, 31.940306752962595 ], [ 69.579968412181117, 31.9017501554519 ], [ 69.297349720794116, 31.863188145393575 ], [ 69.197874514099183, 31.824620390419629 ], [ 69.18204048700828, 31.747496377821157 ], [ 68.926482600732626, 31.541476846354424 ], [ 68.180424993499813, 31.001629485013325 ], [ 67.902923583799989, 30.822044361543529 ], [ 67.811714172199999, 30.822044361543529 ], [ 67.587251715748636, 30.680432264457774 ], [ 67.007954099800742, 30.256256418180882 ], [ 66.752836560627699, 30.102225612045554 ], [ 66.563990749911568, 30.063662457089396 ], [ 66.446466638173405, 29.99936250738396 ], [ 66.283013235873497, 29.845105385308841 ], [ 66.02274337176398, 29.742265965471141 ], [ 65.405802302820589, 29.58800426516558 ], [ 65.081444512722342, 29.549464956958364 ], [ 64.724503312849066, 29.588030400940042 ], [ 64.542793698615924, 29.588030400940042 ], [ 64.35473066320732, 29.549464956958364 ], [ 64.272691270191203, 29.510893180278188 ], [ 64.214651441120068, 29.433758867088862 ], [ 63.801869201799988, 29.408054339905259 ], [ 62.621493530199992, 29.408054339905259 ], [ 62.128168692452412, 29.446605356759726 ], [ 61.82845723144893, 29.562305091744225 ], [ 61.359978152150816, 29.472156462628242 ], [ 60.257881943590348, 29.086481489878302 ], [ 59.867236561287541, 28.893768233268641 ], [ 59.794250996798169, 28.700918269922404 ], [ 59.741657983597477, 28.649531782096268 ], [ 59.656529967064785, 28.688101803520265 ], [ 59.607578914726368, 28.662374373811051 ], [ 59.545991459959275, 28.546662049661538 ], [ 59.533422222869682, 28.456651232703532 ], [ 59.557308382567435, 28.302365495456218 ], [ 59.535152435600004, 28.250963198425943 ], [ 59.444664001399993, 28.250963198425943 ], [ 59.409225062377963, 28.21237620350098 ], [ 59.393494055106473, 28.096659300793561 ], [ 59.34132652636562, 28.045242201918811 ], [ 59.200497832004608, 28.0066687472662 ], [ 59.12306928215844, 27.877962070575904 ], [ 59.032524939764102, 27.530800660895054 ], [ 58.987611389199998, 27.415208804108662 ], [ 58.942469024800012, 27.415208804108659 ], [ 58.93919361010321, 27.389486117372208 ], [ 58.974532965469322, 27.312336925804605 ], [ 58.963162691597375, 27.222296498321725 ], [ 58.893999427941708, 27.029422493214486 ], [ 58.88291692637705, 26.939446574831774 ], [ 58.918546961125621, 26.862295094112852 ], [ 58.97550354, 26.836584077905059 ], [ 59.110720061999984, 26.836584077905059 ], [ 59.132902268345802, 26.772253441880068 ], [ 59.064540085721845, 26.579376001220577 ], [ 59.068818512658062, 26.489398638893991 ], [ 59.149714497175907, 26.412248302827205 ], [ 59.137556972118894, 26.309332010329641 ], [ 59.020665222955571, 26.077876632096707 ], [ 59.075151658056448, 25.897816490944532 ], [ 59.361127032674716, 25.446603932929175 ], [ 59.279145, 25.434718986472593 ], [ 59.251069, 25.43073198647151 ], [ 59.195323, 25.422918986469359 ], [ 59.138357, 25.398504986462658 ], [ 59.117198, 25.394191986461461 ], [ 59.108735, 25.395696986461918 ], [ 59.101329, 25.402247986463703 ], [ 59.094086, 25.406398986464833 ], [ 59.08546, 25.404607986464338 ], [ 59.076182, 25.400701986463268 ], [ 59.066905, 25.398504986462658 ], [ 59.043956, 25.399603986462957 ], [ 59.024181, 25.403224986463965 ], [ 59.007335, 25.409734986465768 ], [ 58.994314, 25.419622986468461 ], [ 58.94809, 25.486517986486959 ], [ 58.923513, 25.513372986494403 ], [ 58.884451, 25.529485986498944 ], [ 58.84962, 25.528794986498745 ], [ 58.840343, 25.532903986499885 ], [ 58.834158, 25.54238498650253 ], [ 58.830577, 25.552313986505361 ], [ 58.825206, 25.560369986507602 ], [ 58.813731, 25.563624986508515 ], [ 58.728038, 25.563624986508515 ], [ 58.546397, 25.593654986517027 ], [ 58.484141, 25.584661986514469 ], [ 58.430512, 25.587957986515388 ], [ 58.411794, 25.596014986517702 ], [ 58.418956, 25.612005986522203 ], [ 58.389659, 25.610296986521735 ], [ 58.357595, 25.604559986520133 ], [ 58.344086, 25.598130986518267 ], [ 58.321056, 25.580796986513356 ], [ 58.305919, 25.577296986512383 ], [ 58.299001, 25.57981998651309 ], [ 58.295584, 25.583888986514243 ], [ 58.290701, 25.583725986514203 ], [ 58.278982, 25.573878986511431 ], [ 58.271007, 25.568670986509929 ], [ 58.260753, 25.565740986509102 ], [ 58.251964, 25.566839986509439 ], [ 58.248302, 25.573878986511431 ], [ 58.242442, 25.571437986510741 ], [ 58.207286, 25.549301986504478 ], [ 58.170421, 25.544093986503007 ], [ 58.137869, 25.549790986504632 ], [ 58.106212, 25.558904986507173 ], [ 58.07309, 25.563624986508515 ], [ 58.046235, 25.574936986511716 ], [ 58.024181, 25.601873986519333 ], [ 57.994314, 25.659165986535651 ], [ 57.963227, 25.693182986545459 ], [ 57.925304, 25.701320986547806 ], [ 57.884044, 25.691635986544995 ], [ 57.843516, 25.672837986539584 ], [ 57.809418, 25.647772986532416 ], [ 57.787446, 25.635442986528897 ], [ 57.771739, 25.635564986528905 ], [ 57.77589, 25.679673986541559 ], [ 57.779796, 25.691147986544841 ], [ 57.782481, 25.696111986546292 ], [ 57.783051, 25.699773986547335 ], [ 57.781505, 25.70758698654959 ], [ 57.771251, 25.730454986556214 ], [ 57.755626, 25.74274298655979 ], [ 57.734711, 25.74770698656123 ], [ 57.709727, 25.748520986561449 ], [ 57.687185, 25.746404986560858 ], [ 57.631847, 25.734930986557501 ], [ 57.61964, 25.737005986558103 ], [ 57.598806, 25.746404986560858 ], [ 57.587169, 25.748520986561449 ], [ 57.575694, 25.747503986561146 ], [ 57.555837, 25.742824986559793 ], [ 57.545584, 25.741766986559508 ], [ 57.520681, 25.743556986560034 ], [ 57.452485, 25.762884986565631 ], [ 57.459972, 25.769028986567427 ], [ 57.326182, 25.777003986569724 ], [ 57.311534, 25.78412498657184 ], [ 57.304373, 25.799749986576412 ], [ 57.298676, 25.848699986590816 ], [ 57.274425, 25.899399986605861 ], [ 57.261974, 25.939886986617967 ], [ 57.253591, 25.958969986623696 ], [ 57.243663, 25.967026986626117 ], [ 57.242035, 25.970892986627284 ], [ 57.219737, 25.995021986634583 ], [ 57.215343, 25.995835986634784 ], [ 57.202647, 25.993882986634194 ], [ 57.198578, 25.995021986634583 ], [ 57.196788, 25.999171986635822 ], [ 57.194102, 26.010971986639372 ], [ 57.180512, 26.046860986650284 ], [ 57.176524, 26.063543986655365 ], [ 57.166759, 26.08299398666135 ], [ 57.164561, 26.094915986664972 ], [ 57.170909, 26.115626986671355 ], [ 57.201996, 26.146225986680776 ], [ 57.212901, 26.166245986687013 ], [ 57.199229, 26.198187986696915 ], [ 57.133067, 26.263738986717463 ], [ 57.138438, 26.290431986725871 ], [ 57.131033, 26.296616986727834 ], [ 57.125255, 26.341863986742201 ], [ 57.118175, 26.364324986749377 ], [ 57.107107, 26.382269986755094 ], [ 57.087901, 26.398992986760419 ], [ 57.083181, 26.406479986762822 ], [ 57.080333, 26.41535098676567 ], [ 57.076671, 26.438217986773047 ], [ 57.076345, 26.447454986776044 ], [ 57.093435, 26.572210986816671 ], [ 57.090017, 26.618800986832039 ], [ 57.024913, 26.850978986909936 ], [ 57.011241, 26.868882986916024 ], [ 56.977306, 26.895330986925089 ], [ 56.96518, 26.911118986930482 ], [ 56.966482, 26.927231986936029 ], [ 56.93572, 26.945542986942307 ], [ 56.925548, 26.955145986945613 ], [ 56.940115, 26.954290986945338 ], [ 56.95102, 26.958156986946669 ], [ 56.961111, 26.963852986948652 ], [ 56.973318, 26.968816986950348 ], [ 56.964854, 26.975652986952706 ], [ 56.963552, 26.985052986955967 ], [ 56.967052, 26.99481798695933 ], [ 56.973318, 27.002996986962192 ], [ 56.917247, 26.996079986959792 ], [ 56.913097, 27.000799986961415 ], [ 56.908214, 27.002996986962192 ], [ 56.903087, 27.00641498696336 ], [ 56.897797, 27.013006986965678 ], [ 56.89088, 27.017034986967083 ], [ 56.871349, 27.008449986964077 ], [ 56.865489, 27.011867986965267 ], [ 56.862966, 27.020086986968153 ], [ 56.863455, 27.030259986971654 ], [ 56.850597, 27.027654986970735 ], [ 56.843761, 27.032903986972578 ], [ 56.844086, 27.040228986975112 ], [ 56.853526, 27.043930986976413 ], [ 56.858409, 27.047430986977638 ], [ 56.875987, 27.06439898698358 ], [ 56.884613, 27.070623986985726 ], [ 56.884613, 27.078069986988361 ], [ 56.855317, 27.08169198698964 ], [ 56.831391, 27.096136986994676 ], [ 56.815196, 27.117010987002015 ], [ 56.808849, 27.139552987009925 ], [ 56.784434, 27.125311987004906 ], [ 56.757335, 27.125229987004893 ], [ 56.742361, 27.129583987006427 ], [ 56.733084, 27.139227987009811 ], [ 56.725597, 27.148829987013201 ], [ 56.716075, 27.153143987014754 ], [ 56.612315, 27.154241987015105 ], [ 56.589692, 27.160630987017392 ], [ 56.582856, 27.153143987014754 ], [ 56.558604, 27.165187987019014 ], [ 56.528575, 27.170721987020951 ], [ 56.466156, 27.173650987021993 ], [ 56.436534, 27.178859987023873 ], [ 56.384125, 27.197495987030447 ], [ 56.353038, 27.201605987031883 ], [ 56.291189, 27.198471987030754 ], [ 56.259613, 27.191229987028226 ], [ 56.236583, 27.177068987023191 ], [ 56.21518, 27.167872987019923 ], [ 56.150157, 27.165350987019046 ], [ 56.123709, 27.160630987017392 ], [ 56.115571, 27.155747987015651 ], [ 56.098888, 27.141017987010446 ], [ 56.095551, 27.136134987008759 ], [ 56.093516, 27.125555987004994 ], [ 56.088145, 27.122218987003869 ], [ 56.080414, 27.120753987003301 ], [ 56.071788, 27.115626987001516 ], [ 56.054535, 27.102606986996946 ], [ 55.987315, 27.066351986984262 ], [ 55.963145, 27.048040986977828 ], [ 55.962738, 27.043930986976413 ], [ 55.95753, 27.040757986975326 ], [ 55.939301, 27.026678986970406 ], [ 55.928396, 27.023423986969281 ], [ 55.8838, 27.018743986967646 ], [ 55.842459, 27.00975198696452 ], [ 55.831798, 27.008733986964156 ], [ 55.79835, 27.00975198696452 ], [ 55.787283, 27.007716986963814 ], [ 55.772472, 26.99827698696058 ], [ 55.763682, 26.996160986959822 ], [ 55.726329, 26.996160986959822 ], [ 55.694835, 27.002752986962086 ], [ 55.684825, 27.002996986962192 ], [ 55.665863, 26.995428986959563 ], [ 55.632335, 26.967514986949912 ], [ 55.61964, 26.96137098694777 ], [ 55.608572, 26.953680986945116 ], [ 55.554454, 26.899887986926661 ], [ 55.568858, 26.90411998692808 ], [ 55.575043, 26.907171986929129 ], [ 55.582367, 26.913559986931318 ], [ 55.586436, 26.889064986922953 ], [ 55.580414, 26.859116986912703 ], [ 55.568533, 26.830796986903067 ], [ 55.554454, 26.810532986896188 ], [ 55.521739, 26.784572986887419 ], [ 55.48406, 26.767523986881681 ], [ 55.442231, 26.759913986879081 ], [ 55.397309, 26.762151986879839 ], [ 55.316742, 26.787094986888281 ], [ 55.270844, 26.792547986890117 ], [ 55.232921, 26.776434986884691 ], [ 55.221039, 26.757391986878272 ], [ 55.215587, 26.739487986872266 ], [ 55.205903, 26.726385986867836 ], [ 55.181651, 26.721176986866112 ], [ 55.16212, 26.719142986865442 ], [ 55.118175, 26.707586986861525 ], [ 55.103282, 26.701320986859432 ], [ 55.037934, 26.648911986842013 ], [ 55.026866, 26.642645986839916 ], [ 54.930675, 26.572658986816808 ], [ 54.822032, 26.515773986798234 ], [ 54.815196, 26.510442986796466 ], [ 54.80893, 26.503851986794327 ], [ 54.801524, 26.498235986792515 ], [ 54.791026, 26.495835986791707 ], [ 54.778494, 26.497869986792395 ], [ 54.761567, 26.506821986795298 ], [ 54.749685, 26.508937986796013 ], [ 54.663829, 26.502020986793752 ], [ 54.619965, 26.508245986795732 ], [ 54.602875, 26.530991986803176 ], [ 54.590587, 26.559962986812664 ], [ 54.56129, 26.58466198682077 ], [ 54.516612, 26.592514986823357 ], [ 54.425629, 26.589341986822312 ], [ 54.389415, 26.605128986827502 ], [ 54.37143, 26.630844986836017 ], [ 54.356619, 26.662827986846601 ], [ 54.337738, 26.69342698685681 ], [ 54.308116, 26.714992986864011 ], [ 54.286876, 26.718654986865239 ], [ 54.266856, 26.715765986864273 ], [ 54.247569, 26.71084198686264 ], [ 54.171397, 26.706121986861092 ], [ 54.150401, 26.708196986861754 ], [ 54.081716, 26.726141986867756 ], [ 54.064464, 26.728582986868592 ], [ 54.053722, 26.73163498686959 ], [ 54.034516, 26.745306986874162 ], [ 54.026215, 26.749090986875469 ], [ 54.015798, 26.749456986875593 ], [ 53.995128, 26.745591986874267 ], [ 53.929373, 26.71800398686505 ], [ 53.883474, 26.712347986863101 ], [ 53.842784, 26.702093986859698 ], [ 53.820811, 26.701320986859432 ], [ 53.776134, 26.714259986863777 ], [ 53.75172, 26.716050986864392 ], [ 53.728282, 26.704738986860615 ], [ 53.716075, 26.708563986861876 ], [ 53.663829, 26.749090986875469 ], [ 53.588634, 26.788763986888831 ], [ 53.491547, 26.854314986911053 ], [ 53.477224, 26.870102986916446 ], [ 53.471446, 26.889634986923106 ], [ 53.469086, 26.937200986939434 ], [ 53.461111, 26.957098986946306 ], [ 53.444102, 26.975652986952706 ], [ 53.41212, 26.9935569869589 ], [ 53.072032, 27.096868986994931 ], [ 53.050141, 27.09857798699554 ], [ 53.028656, 27.104070986997456 ], [ 53.01531, 27.117335987002132 ], [ 53.004731, 27.133245987007712 ], [ 52.992198, 27.146958987012543 ], [ 52.932628, 27.160345987017276 ], [ 52.92335, 27.170232987020778 ], [ 52.914724, 27.191961987028488 ], [ 52.894298, 27.203069987032421 ], [ 52.848318, 27.215276987036795 ], [ 52.767751, 27.27973098705974 ], [ 52.732188, 27.301336987067529 ], [ 52.678803, 27.322373987075061 ], [ 52.601329, 27.352931987086095 ], [ 52.58074, 27.37225998709307 ], [ 52.579112, 27.392767987100505 ], [ 52.588552, 27.405503987105146 ], [ 52.605235, 27.412054987107524 ], [ 52.62615, 27.413885987108173 ], [ 52.644867, 27.413315987108014 ], [ 52.666515, 27.415350987108727 ], [ 52.678966, 27.425278987112325 ], [ 52.670095, 27.448634987120826 ], [ 52.654145, 27.460882987125309 ], [ 52.613536, 27.474676987130376 ], [ 52.598399, 27.485825987134458 ], [ 52.590505, 27.497747987138808 ], [ 52.574474, 27.530584987150885 ], [ 52.567638, 27.540716987154628 ], [ 52.492524, 27.609441987180059 ], [ 52.459646, 27.632635987188639 ], [ 52.423106, 27.646632987193904 ], [ 52.244884, 27.681382987206828 ], [ 52.207205, 27.698227987213158 ], [ 52.089203, 27.795395987249751 ], [ 52.052582, 27.817368987258057 ], [ 52.011241, 27.832708987263864 ], [ 51.963715, 27.838445987266052 ], [ 51.894298, 27.83087798726319 ], [ 51.878429, 27.835353987264885 ], [ 51.85963, 27.845892987268897 ], [ 51.823864, 27.843596987268008 ], [ 51.785295, 27.835453987264899 ], [ 51.722799, 27.825116987260994 ], [ 51.683443, 27.830580987263094 ], [ 51.596934, 27.846665987269162 ], [ 51.585134, 27.849310987270201 ], [ 51.580089, 27.855779987272633 ], [ 51.578868, 27.865301987276283 ], [ 51.575531, 27.872788987279129 ], [ 51.570323, 27.877630987281009 ], [ 51.539135, 27.881626987282495 ], [ 51.496424, 27.893040987286856 ], [ 51.475096, 27.91347998729464 ], [ 51.452077, 27.947514987307724 ], [ 51.428156, 27.961146987312986 ], [ 51.399876, 27.931712987301644 ], [ 51.380271, 27.991417987324603 ], [ 51.36061, 28.016377987334256 ], [ 51.345222, 28.052668987348319 ], [ 51.30753, 28.107131987369488 ], [ 51.290369, 28.121518987375076 ], [ 51.269759, 28.140453987382507 ], [ 51.264822, 28.160548987390349 ], [ 51.286876, 28.214300987411452 ], [ 51.28533, 28.240911987421971 ], [ 51.264822, 28.270452987433643 ], [ 51.229991, 28.298406987444707 ], [ 51.217621, 28.311427987449878 ], [ 51.182384, 28.359767987469088 ], [ 51.149425, 28.390529987481397 ], [ 51.141856, 28.400783987485504 ], [ 51.08074, 28.533921987539063 ], [ 51.07252, 28.565252987551805 ], [ 51.071544, 28.692693987603764 ], [ 51.058849, 28.73590698762154 ], [ 51.036388, 28.772527987636579 ], [ 51.010916, 28.799139987647635 ], [ 50.978689, 28.816635987654845 ], [ 50.936534, 28.825343987658457 ], [ 50.896007, 28.827337987659316 ], [ 50.87615, 28.832016987661216 ], [ 50.867686, 28.842677987665617 ], [ 50.860037, 28.862453987673863 ], [ 50.812999, 28.914699987695627 ], [ 50.804861, 28.933579987703499 ], [ 50.798839, 28.961126987715033 ], [ 50.802582, 28.985825987725335 ], [ 50.823253, 28.996648987729913 ], [ 50.842784, 28.990667987727388 ], [ 50.862478, 28.976141987721306 ], [ 50.878917, 28.957993987713696 ], [ 50.888682, 28.941391987706751 ], [ 50.899262, 28.949448987710117 ], [ 50.89796, 28.956731987713191 ], [ 50.893403, 28.965032987716654 ], [ 50.894867, 28.976141987721306 ], [ 50.902029, 28.98338498772436 ], [ 50.922211, 28.999212987731006 ], [ 50.928966, 29.009669987735375 ], [ 50.932384, 29.031479987744536 ], [ 50.929942, 29.054632987754296 ], [ 50.920177, 29.069036987760388 ], [ 50.901703, 29.064886987758619 ], [ 50.893321, 29.093898987770888 ], [ 50.886567, 29.10407098777517 ], [ 50.87436, 29.113266987779106 ], [ 50.868337, 29.112046987778591 ], [ 50.859141, 29.107814987776823 ], [ 50.850841, 29.105454987775801 ], [ 50.847179, 29.109930987777691 ], [ 50.845958, 29.126857987784852 ], [ 50.844005, 29.135198987788375 ], [ 50.840343, 29.140610987790716 ], [ 50.816417, 29.14419198779223 ], [ 50.738292, 29.140081987790488 ], [ 50.720225, 29.137192987789234 ], [ 50.693696, 29.123439987783428 ], [ 50.665863, 29.126409987784658 ], [ 50.643809, 29.143458987791906 ], [ 50.634939, 29.171331987803761 ], [ 50.633067, 29.195501987814019 ], [ 50.635753, 29.20770898781926 ], [ 50.644786, 29.219793987824385 ], [ 50.651866, 29.23334398783016 ], [ 50.658376, 29.24994498783726 ], [ 50.667491, 29.257269987840385 ], [ 50.682628, 29.243068987834327 ], [ 50.687022, 29.283880987851795 ], [ 50.689464, 29.290838987854784 ], [ 50.679861, 29.293646987856004 ], [ 50.673595, 29.299627987858532 ], [ 50.661469, 29.318792987866789 ], [ 50.66863, 29.343328987877339 ], [ 50.668224, 29.382269987894119 ], [ 50.663097, 29.421941987911275 ], [ 50.655284, 29.449122987923026 ], [ 50.6421, 29.469793987932007 ], [ 50.622732, 29.493068987942117 ], [ 50.607432, 29.499497987944924 ], [ 50.606944, 29.469630987931954 ], [ 50.601085, 29.480657987936695 ], [ 50.572765, 29.51801198795296 ], [ 50.52003, 29.555975987969543 ], [ 50.511404, 29.568914987975184 ], [ 50.504568, 29.586085987982692 ], [ 50.48878, 29.605372987991139 ], [ 50.456065, 29.634100988003727 ], [ 50.396983, 29.654730988012787 ], [ 50.387869, 29.665106988017364 ], [ 50.381602, 29.685003988026097 ], [ 50.367035, 29.704087988034509 ], [ 50.340017, 29.730291988046069 ], [ 50.313324, 29.763982988060945 ], [ 50.267914, 29.836370988093076 ], [ 50.243826, 29.866847988106631 ], [ 50.225108, 29.881170988112991 ], [ 50.183849, 29.90314398812281 ], [ 50.144867, 29.938055988138419 ], [ 50.141368, 29.942571988140436 ], [ 50.138438, 29.954656988145864 ], [ 50.137543, 29.972967988154021 ], [ 50.133962, 29.983546988158778 ], [ 50.149669, 29.985174988159486 ], [ 50.153331, 29.991033988162126 ], [ 50.147472, 29.998235988165373 ], [ 50.133962, 30.004054988167944 ], [ 50.144786, 30.037908988183169 ], [ 50.121837, 30.094549988208691 ], [ 50.127696, 30.120672988220523 ], [ 50.113617, 30.130315988224872 ], [ 50.097911, 30.1485049882331 ], [ 50.084727, 30.168890988242307 ], [ 50.079356, 30.185247988249714 ], [ 50.073416, 30.195745988254519 ], [ 50.058849, 30.204575988258519 ], [ 50.050629, 30.207342988259757 ], [ 50.024099, 30.216253988263823 ], [ 49.988292, 30.219915988265491 ], [ 49.95102, 30.215032988263282 ], [ 49.914561, 30.203924988258208 ], [ 49.600759, 30.030096988179658 ], [ 49.564464, 30.016831988173713 ], [ 49.532237, 30.022934988176477 ], [ 49.50408, 30.058660988192546 ], [ 49.501638, 30.074896988199811 ], [ 49.501231, 30.120062988220255 ], [ 49.493419, 30.137436988228089 ], [ 49.486176, 30.146388988232118 ], [ 49.483653, 30.151800988234591 ], [ 49.479828, 30.156072988236517 ], [ 49.469086, 30.161688988239071 ], [ 49.459321, 30.16518798824066 ], [ 49.44988, 30.167181988241573 ], [ 49.428233, 30.168523988242161 ], [ 49.417654, 30.167466988241653 ], [ 49.396007, 30.162786988239546 ], [ 49.383962, 30.161688988239071 ], [ 49.372813, 30.163763988239985 ], [ 49.358409, 30.173162988244275 ], [ 49.349946, 30.175278988245232 ], [ 49.329275, 30.17226798824386 ], [ 49.29184, 30.158514988237609 ], [ 49.271251, 30.154852988235959 ], [ 49.245128, 30.156479988236701 ], [ 49.235688, 30.165106988240602 ], [ 49.237071, 30.206365988259336 ], [ 49.23406, 30.209417988260711 ], [ 49.220225, 30.21792198826461 ], [ 49.215994, 30.223781988267255 ], [ 49.215505, 30.229192988269713 ], [ 49.215994, 30.24420798827655 ], [ 49.21754, 30.251775988279963 ], [ 49.22169, 30.258204988282891 ], [ 49.221202, 30.264552988285782 ], [ 49.209158, 30.271469988288928 ], [ 49.143321, 30.233546988271662 ], [ 49.134776, 30.246323988277481 ], [ 49.124034, 30.256414988282064 ], [ 49.1067, 30.257798988282715 ], [ 49.083507, 30.264837988285887 ], [ 49.017345, 30.298284988301173 ], [ 49.003673, 30.309393988306233 ], [ 49.001235996962741, 30.321303230119373 ], [ 48.997081, 30.34161998832101 ], [ 48.979503, 30.361761988330205 ], [ 48.953298, 30.37352098833556 ], [ 48.921153, 30.380763988338909 ], [ 48.931814, 30.397161988346426 ], [ 48.948578, 30.401067988348188 ], [ 48.989431, 30.395005988345439 ], [ 49.010753, 30.395940988345849 ], [ 49.043712, 30.405665988350332 ], [ 49.062022, 30.408107988351432 ], [ 49.082367, 30.40379498834946 ], [ 49.123383, 30.385076988340892 ], [ 49.137462, 30.380763988338909 ], [ 49.159679, 30.37885198833801 ], [ 49.176443, 30.372747988335213 ], [ 49.189952, 30.362208988330405 ], [ 49.202891, 30.346624988323263 ], [ 49.208751, 30.360092988329423 ], [ 49.227712, 30.389227988342778 ], [ 49.257172, 30.421860988357761 ], [ 49.262869, 30.432562988362672 ], [ 49.263845, 30.449651988370555 ], [ 49.243175, 30.446030988368886 ], [ 49.228282, 30.45441298837272 ], [ 49.219005, 30.469793988379799 ], [ 49.211192, 30.506333988396673 ], [ 49.199392, 30.501613988394517 ], [ 49.183849, 30.487046988387789 ], [ 49.168224, 30.476995988383148 ], [ 49.169688, 30.489731988389011 ], [ 49.171153, 30.493108988390571 ], [ 49.175059, 30.497462988392584 ], [ 49.166759, 30.508774988397771 ], [ 49.158214, 30.506984988396951 ], [ 49.14796, 30.500392988393941 ], [ 49.134044, 30.497462988392584 ], [ 49.128103, 30.501124988394228 ], [ 49.116954, 30.514878988400636 ], [ 49.110118, 30.51797098840202 ], [ 49.10377, 30.516831988401481 ], [ 49.094412, 30.512192988399352 ], [ 49.089366, 30.511134988398876 ], [ 49.069347, 30.513820988400134 ], [ 49.05128, 30.518377988402225 ], [ 49.034353, 30.519272988402633 ], [ 49.017345, 30.511134988398876 ], [ 48.981456, 30.515610988400933 ], [ 48.952973, 30.500189988393807 ], [ 48.945649, 30.479721988384355 ], [ 48.972667, 30.469467988379662 ], [ 49.004405, 30.464015988377142 ], [ 49.02947, 30.450262988370842 ], [ 49.037283, 30.432521988362677 ], [ 49.017345, 30.41494398835459 ], [ 49.000499, 30.41518798835472 ], [ 48.946462, 30.421575988357645 ], [ 48.934825, 30.418646988356265 ], [ 48.880138, 30.374578988336069 ], [ 48.87615, 30.370102988334011 ], [ 48.867361, 30.35809998832849 ], [ 48.862315, 30.345607988322786 ], [ 48.873709, 30.336655988318704 ], [ 48.86964, 30.329494988315421 ], [ 48.863048, 30.321518988311766 ], [ 48.85963, 30.316229988309381 ], [ 48.867035, 30.294744988299573 ], [ 48.884532, 30.279363988292534 ], [ 48.904796, 30.266017988286467 ], [ 48.921153, 30.250433988279344 ], [ 48.929535, 30.232651988271289 ], [ 48.936046, 30.210109988261006 ], [ 48.941661, 30.165106988240602 ], [ 48.939708, 30.15253298823491 ], [ 48.930837, 30.131984988225646 ], [ 48.927989, 30.120672988220523 ], [ 48.928559, 30.110052988215724 ], [ 48.934255, 30.091009988207112 ], [ 48.934825, 30.079738988202024 ], [ 48.928559, 30.060003988193134 ], [ 48.915294, 30.042181988185089 ], [ 48.897227, 30.029445988179404 ], [ 48.87672, 30.024481988177154 ], [ 48.808849, 30.031439988180278 ], [ 48.791352, 30.024481988177154 ], [ 48.771983, 30.032374988180674 ], [ 48.701996, 30.031927988180499 ], [ 48.659516, 30.052231988189636 ], [ 48.643321, 30.055405988191069 ], [ 48.640636, 30.038071988183276 ], [ 48.645518, 30.026108988177889 ], [ 48.658946, 30.007269988169448 ], [ 48.661632, 29.99347598816323 ], [ 48.658702, 29.983628988158806 ], [ 48.651378, 29.97500198815494 ], [ 48.642345, 29.96796298815179 ], [ 48.6338, 29.963038988149602 ], [ 48.61085, 29.957016988146886 ], [ 48.537446, 29.963038988149602 ], [ 48.537446, 29.969874988152647 ], [ 48.532074, 29.963812988149954 ], [ 48.531016, 29.961329988148819 ], [ 48.530772, 29.960760988148571 ], [ 48.530772, 29.956203988146548 ], [ 48.554942, 29.956487988146637 ], [ 48.559255, 29.946600988142247 ], [ 48.546886, 29.93471898813689 ], [ 48.520518, 29.928899988134326 ], [ 48.411876, 29.938421988138568 ], [ 48.33546, 29.961411988148871 ], [ 48.299571, 29.984523988159214 ], [ 48.264659, 29.993963988163451 ], [ 48.209239, 30.024481988177154 ], [ 48.165782, 30.037542988183031 ], [ 48.119151, 30.044988988186393 ], [ 48.076345, 30.045639988186657 ], [ 48.038259, 30.036850988182724 ], [ 47.969005, 30.004054988167944 ], [ 47.961925, 30.03034098817977 ], [ 47.958507, 30.06061398819341 ], [ 47.951671, 30.088323988205904 ], [ 47.934825, 30.10708198821434 ], [ 47.947113, 30.074529988199657 ], [ 47.948497, 30.062322988194175 ], [ 47.946056, 30.04938398818835 ], [ 47.941742, 30.037257988182883 ], [ 47.940929, 30.026515988178048 ], [ 47.948497, 30.017645988174063 ], [ 47.948009, 29.994044988163477 ], [ 47.955089, 29.977280988155975 ], [ 47.965505, 29.962062988149135 ], [ 47.975271, 29.942571988140436 ], [ 47.979747, 29.921453988130974 ], [ 47.979503, 29.884344988114417 ], [ 47.982677, 29.860662988103876 ], [ 47.995616, 29.827703988089198 ], [ 48.021739, 29.77973098806795 ], [ 48.052419, 29.74298698805169 ], [ 48.078868, 29.743963988052126 ], [ 48.096039, 29.699163988032353 ], [ 48.119151, 29.65452698801268 ], [ 48.161306, 29.601629987989494 ], [ 48.180917, 29.562216987972235 ], [ 48.176758, 29.541915987963396 ], [ 48.154518, 29.539089987962139 ], [ 48.113536, 29.554632987968958 ], [ 48.09254, 29.56582298797386 ], [ 48.085948, 29.575018987977852 ], [ 48.066349, 29.57755598797899 ], [ 48.041923, 29.582092987980932 ], [ 48.023859, 29.584808987982122 ], [ 48.006692, 29.582303987981007 ], [ 47.965531, 29.576297987978425 ], [ 47.935977, 29.554024987968674 ], [ 47.91062, 29.531788987958986 ], [ 47.849258, 29.501978987945975 ], [ 47.807043, 29.467621987931064 ], [ 47.57511023779103, 29.639437025106538 ], [ 47.361082936568685, 29.755133326032684 ], [ 47.22764347645267, 29.780857991674722 ], [ 47.041480160009904, 29.742293692502468 ], [ 46.982337687412631, 29.755143579081121 ], [ 46.991058075077376, 29.832273314743315 ], [ 46.965128590220353, 29.870843258483276 ], [ 46.878572351537919, 29.909407557649089 ], [ 46.802783497009045, 29.909407557649093 ], [ 46.662025755886482, 29.870843258483276 ], [ 46.610092146963709, 29.947884086787717 ], [ 46.595363298596688, 30.217825747109043 ], [ 46.4266171703864, 30.333594554312544 ], [ 45.934551106095739, 30.410718567537636 ], [ 45.607369377702476, 30.603220819033176 ], [ 45.117861023758614, 31.104506944888325 ], [ 44.879986946360013, 31.284767172650383 ], [ 44.656074149788459, 31.323328038541742 ], [ 44.556923576204305, 31.387568236207063 ], [ 44.483479989267408, 31.541812764359989 ], [ 44.198070343069979, 31.836801367159183 ], [ 43.414224948060983, 32.569520478871574 ], [ 43.063809850206027, 32.840177507836145 ], [ 42.79738001899215, 32.917317541699532 ], [ 42.682479530488862, 32.981592676118964 ], [ 42.604320983015683, 33.097308427505261 ], [ 42.360636199339027, 33.238637684854361 ], [ 41.706840083386894, 33.547247474361541 ], [ 41.433232508372484, 33.701658821180217 ], [ 41.267052980845122, 33.855986882230582 ], [ 41.151668384173412, 33.920322594907752 ], [ 40.971714630898127, 33.958907493034715 ], [ 40.89935163885027, 33.997486818224587 ], [ 40.862265917199409, 34.074658895067877 ], [ 40.742219543200008, 34.100391378168503 ], [ 40.419157409800007, 34.100391378168503 ], [ 40.329820081879809, 34.126108444906613 ], [ 40.384927935803361, 34.203285099077362 ], [ 40.224604521785594, 34.280441390517389 ], [ 39.688003088166361, 34.434810647359214 ], [ 39.431942748800004, 34.486301412367247 ], [ 39.200831604199998, 34.486301412367247 ], [ 38.896450176897467, 34.383258690720723 ], [ 38.216320226044552, 34.07454135613888 ], [ 37.940021227947369, 33.93316819732479 ], [ 37.789549861267929, 33.817415826452759 ], [ 37.736776498381161, 33.753121993916395 ], [ 37.728779377683729, 33.675961361294604 ], [ 37.695409393399999, 33.650249470937872 ], [ 37.603266143600003, 33.650249470937872 ], [ 37.47245260288733, 33.573020627525949 ], [ 37.172861032825132, 33.341557319739657 ], [ 37.069401523934573, 33.225884985724321 ], [ 37.057980354214592, 33.110164657164162 ], [ 37.023548126199991, 33.071609486643773 ], [ 36.931606292799998, 33.071609486643773 ], [ 36.864020265038114, 33.007275364034641 ], [ 36.753504992217927, 32.81442428473504 ], [ 36.723455935189008, 32.660104098843178 ], [ 36.743796908008605, 32.390136164584113 ], [ 36.703623018568678, 32.287386643815886 ], [ 36.515514374, 32.23596953222571 ], [ 36.632957405707678, 32.184548515372143 ], [ 36.606934580357581, 32.068738152981986 ], [ 36.441532049252231, 31.760237034633917 ], [ 36.393842885520314, 31.567458017496271 ], [ 36.415719631213555, 31.297532404070921 ], [ 36.392656708000011, 31.207649219725774 ], [ 36.301328278000014, 31.207649219725759 ], [ 36.296871371684965, 31.156205360974212 ], [ 36.374851378700981, 31.001963120429171 ], [ 36.334491553970089, 30.886265032882637 ], [ 36.13579968421385, 30.693462002716696 ], [ 36.025408557895538, 30.461831473166395 ], [ 35.893958140375766, 29.960518950730986 ], [ 35.835457611400003, 29.793714511074118 ], [ 35.790003967600008, 29.793714511074118 ], [ 35.781000944960475, 29.677874372085519 ], [ 35.799886437767256, 29.330777110310091 ], [ 35.730706787200006, 29.215217577822425 ], [ 35.503843688800004, 29.215217577822415 ], [ 35.310088627417656, 29.253769491383853 ], [ 34.955577, 29.305120987860914 ], [ 34.962413, 29.359767987884382 ], [ 34.96313839501402, 29.369823009114032 ], [ 34.969005, 29.45083198792376 ], [ 34.976085, 29.477036987935197 ], [ 34.997813, 29.517970987952975 ], [ 34.996837, 29.533880987959886 ], [ 34.976085, 29.552150987967842 ], [ 34.962413, 29.552150987967842 ], [ 34.961599, 29.555405987969305 ], [ 34.961599, 29.558091987970435 ], [ 34.960216, 29.559515987971093 ], [ 34.955577, 29.558986987970826 ], [ 34.951345, 29.545639987965028 ], [ 34.944998, 29.536850987961181 ], [ 34.927745, 29.51801198795296 ], [ 34.91977, 29.507391987948346 ], [ 34.915782, 29.500229987945229 ], [ 34.914073, 29.493800987942461 ], [ 34.910818, 29.489935987940761 ], [ 34.903005, 29.489690987940627 ], [ 34.893728, 29.490545987941008 ], [ 34.886729, 29.490057987940823 ], [ 34.875336, 29.484808987938514 ], [ 34.866873, 29.479192987936091 ], [ 34.859711, 29.472153987933012 ], [ 34.85255, 29.462794987928962 ], [ 34.847016, 29.451116987923921 ], [ 34.843761, 29.440822987919436 ], [ 34.838145, 29.432928987916046 ], [ 34.825369, 29.428615987914153 ], [ 34.828868, 29.427719987913758 ], [ 34.831716, 29.427638987913742 ], [ 34.833263, 29.426173987913071 ], [ 34.832774, 29.421128987910929 ], [ 34.824229, 29.41738498790928 ], [ 34.817638, 29.412176987907063 ], [ 34.815196, 29.406398987904556 ], [ 34.819102, 29.400701987902085 ], [ 34.809581, 29.399114987901388 ], [ 34.805186, 29.396429987900213 ], [ 34.805919, 29.392563987898559 ], [ 34.812266, 29.387640987896447 ], [ 34.800629, 29.37787498789222 ], [ 34.777599, 29.346095987878527 ], [ 34.772716, 29.341863987876696 ], [ 34.761974, 29.336858987874535 ], [ 34.757009, 29.333074987872937 ], [ 34.75294, 29.327093987870342 ], [ 34.749766, 29.321193987867822 ], [ 34.744965, 29.315822987865509 ], [ 34.736583, 29.311264987863524 ], [ 34.736583, 29.305120987860914 ], [ 34.745291, 29.291326987854973 ], [ 34.741954, 29.277003987848854 ], [ 34.734141, 29.263128987842894 ], [ 34.729015, 29.250473987837513 ], [ 34.729015, 29.198919987815486 ], [ 34.723643, 29.186671987810268 ], [ 34.712087, 29.177435987806344 ], [ 34.700369, 29.170355987803298 ], [ 34.694998, 29.164495987800827 ], [ 34.693858, 29.150457987794862 ], [ 34.690115, 29.13446698778808 ], [ 34.683849, 29.119044987781539 ], [ 34.674571, 29.106512987776224 ], [ 34.677013, 29.094915987771316 ], [ 34.674571, 29.034409987745772 ], [ 34.676606, 29.024806987741737 ], [ 34.686534, 29.012436987736557 ], [ 34.688731, 29.000392987731505 ], [ 34.68572, 28.988673987726585 ], [ 34.678233, 28.983139987724226 ], [ 34.669119, 28.980169987723002 ], [ 34.646739, 28.967433987717683 ], [ 34.64324, 28.962062987715413 ], [ 34.64031, 28.948797987709884 ], [ 34.640961, 28.942693987707287 ], [ 34.646007, 28.922348987698825 ], [ 34.647146, 28.86285998767401 ], [ 34.620453, 28.845851987666965 ], [ 34.620453, 28.839585987664343 ], [ 34.623383, 28.830551987660627 ], [ 34.626313, 28.816961987655006 ], [ 34.626313, 28.802394987648967 ], [ 34.620453, 28.79059498764407 ], [ 34.624034, 28.787054987642598 ], [ 34.627289, 28.782537987640747 ], [ 34.633474, 28.770696987635834 ], [ 34.62436, 28.76532598763367 ], [ 34.622813, 28.759832987631395 ], [ 34.625011, 28.753729987628873 ], [ 34.62672, 28.74648698762585 ], [ 34.624522, 28.735988987621571 ], [ 34.619884, 28.729192987618735 ], [ 34.615245, 28.724188987616721 ], [ 34.613048, 28.719183987614645 ], [ 34.607677, 28.701482987607385 ], [ 34.584239, 28.672348987595448 ], [ 34.570323, 28.626165987576567 ], [ 34.530121, 28.572698987554784 ], [ 34.517345, 28.544134987543202 ], [ 34.516368, 28.541489987542178 ], [ 34.516449, 28.53896698754113 ], [ 34.51531, 28.537420987540518 ], [ 34.51059, 28.537990987540713 ], [ 34.523611, 28.507309987528309 ], [ 34.511567, 28.487778987520453 ], [ 34.48878, 28.472723987514367 ], [ 34.469005, 28.455389987507395 ], [ 34.471934, 28.453273987506556 ], [ 34.47283, 28.452825987506369 ], [ 34.475271, 28.447942987504408 ], [ 34.461681, 28.442042987502049 ], [ 34.454275, 28.428899987496735 ], [ 34.124648030764696, 28.507937067806836 ], [ 34.014672636535003, 28.893639533839256 ], [ 33.93630246117533, 29.0737722622418 ], [ 33.810829528897543, 29.228045408562345 ], [ 33.771663455979272, 29.318049003519675 ], [ 33.779717783740892, 29.433751027074567 ], [ 33.74062210583962, 29.523727458397399 ], [ 33.615199527824991, 29.677991447906557 ], [ 33.516745164229945, 29.998586086896822 ], [ 33.34845114534896, 30.808377642019082 ], [ 33.221446, 31.059800988655514 ], [ 33.221446, 31.065984988658439 ] ], [ [ 67.730737464776254, 31.349035279409989 ], [ 67.743453979400016, 31.336183536787239 ], [ 67.789138793599989, 31.336183536787239 ], [ 67.806881868555507, 31.349035279409989 ], [ 67.814439545018075, 31.38759614529771 ], [ 67.801731872800005, 31.400451648818056 ], [ 67.74080658, 31.400451648818056 ], [ 67.730737464776254, 31.349035279409989 ] ] ], [ [ [ 53.947602, 36.898748991613843 ], [ 53.876475, 36.891668991610189 ], [ 53.957774, 36.919622991624571 ], [ 54.004242, 36.914617991622009 ], [ 53.947602, 36.898748991613843 ] ] ], [ [ [ 40.464854, 41.050441993656079 ], [ 40.48402458957159, 41.044014581821955 ], [ 40.452640212193884, 41.0367463720656 ], [ 40.499685, 41.038763993650718 ], [ 40.529145, 41.036281993649567 ], [ 40.449726422828171, 41.036071560282842 ], [ 40.424422820803507, 41.030211318361069 ], [ 40.464854, 41.050441993656079 ] ] ], [ [ [ 58.442809295799997, 42.626213068359647 ], [ 58.430307905624225, 42.639216571239551 ], [ 58.440870798837445, 42.678236344260227 ], [ 58.4604202274, 42.691246027387614 ], [ 58.50848999059999, 42.691246027387614 ], [ 58.52098095965134, 42.678236344260227 ], [ 58.506877899, 42.626213068359647 ], [ 58.442809295799997, 42.626213068359647 ] ] ], [ [ [ 62.07734069819999, 43.276947015635251 ], [ 62.065122667333021, 43.289968735853407 ], [ 62.076715528566695, 43.329043440573578 ], [ 62.096668243599993, 43.342071527662299 ], [ 62.144916534399982, 43.342071527662299 ], [ 62.157123235440281, 43.329043440573585 ], [ 62.141647339, 43.276947015635251 ], [ 62.07734069819999, 43.276947015635251 ] ] ] ] } },
{ "type": "Feature", "properties": { "fid": 2, "to_year": -480, "from_year": -499, "geometry_id": "34ff5048-242f-48a3-8fb2-5eca4dcd9a54", "source_native_id": "15250" }, "geometry": { "type": "MultiPolygon", "coordinates": [ [ [ [ 34.257335, 27.763331987237638 ], [ 34.249848, 27.763331987237638 ], [ 34.221202, 27.769842987240104 ], [ 34.257335, 27.769516987239971 ], [ 34.257335, 27.763331987237638 ] ] ], [ [ [ 32.989268, 31.07343198866198 ], [ 32.978526, 31.081691988665895 ], [ 32.975108, 31.086492988668166 ], [ 32.969737, 31.086574988668236 ], [ 32.977061, 31.091253988670449 ], [ 32.983084, 31.089910988669825 ], [ 32.98699, 31.083644988666823 ], [ 32.989268, 31.07343198866198 ] ] ], [ [ [ 33.126475, 31.196356988720407 ], [ 33.126475, 31.189520988717138 ], [ 33.124971987949642, 31.196364112834928 ], [ 33.126475, 31.196356988720407 ] ] ], [ [ [ 30.273448, 31.275294988758098 ], [ 30.258637, 31.268865988755 ], [ 30.251313, 31.271063988756055 ], [ 30.254568, 31.271429988756243 ], [ 30.273448, 31.275294988758098 ] ] ], [ [ [ 31.01238, 31.596909988912817 ], [ 31.097423, 31.607895988918159 ], [ 31.128673, 31.604925988916722 ], [ 31.164002915952103, 31.595345721575352 ], [ 31.111095, 31.539739988885213 ], [ 31.070811, 31.565374988897588 ], [ 31.023204, 31.5829939889061 ], [ 30.978038, 31.584295988906725 ], [ 30.987559, 31.588934988908981 ], [ 31.01238, 31.596909988912817 ] ] ], [ [ [ 30.965716298618577, 31.578912526382055 ], [ 30.973888, 31.586736988907909 ], [ 30.973888, 31.579900988904608 ], [ 30.965716298618577, 31.578912526382055 ], [ 30.958751, 31.57806998890371 ], [ 30.965716298618577, 31.578912526382055 ] ] ], [ [ [ 34.062185, 35.00568299063562 ], [ 34.059418, 34.96661999061542 ], [ 34.034516, 34.972479990618439 ], [ 34.023448, 34.982570990623643 ], [ 34.011567, 34.987615990626281 ], [ 33.957286, 34.981919990623318 ], [ 33.910167, 34.970159990617262 ], [ 33.899913, 34.965154990614664 ], [ 33.891856, 34.958156990611066 ], [ 33.8838, 34.949122990606384 ], [ 33.874522, 34.941229990602288 ], [ 33.862315, 34.937892990600581 ], [ 33.847423, 34.942449990602931 ], [ 33.819672, 34.964747990614477 ], [ 33.80421, 34.972601990618543 ], [ 33.78183, 34.976222990620414 ], [ 33.780935, 34.976344990620461 ], [ 33.760427, 34.979681990622183 ], [ 33.717296, 34.977768990621222 ], [ 33.701508, 34.9728859906187 ], [ 33.680349, 34.966294990615268 ], [ 33.654063, 34.944728990604105 ], [ 33.646658, 34.931951990597476 ], [ 33.639822, 34.915675990589072 ], [ 33.634776, 34.897649990579758 ], [ 33.632986, 34.879827990570568 ], [ 33.63502, 34.860744990560661 ], [ 33.632579, 34.852483990556387 ], [ 33.623057, 34.849065990554649 ], [ 33.616954, 34.845281990552671 ], [ 33.610037, 34.827459990543439 ], [ 33.605642, 34.821762990540492 ], [ 33.59018, 34.818060990538626 ], [ 33.556977, 34.817775990538436 ], [ 33.5442, 34.815008990537031 ], [ 33.535492, 34.807521990533161 ], [ 33.525157, 34.795965990527165 ], [ 33.513194, 34.785467990521738 ], [ 33.499522, 34.780828990519339 ], [ 33.467621, 34.774318990515944 ], [ 33.43865, 34.762762990510012 ], [ 33.415212, 34.758449990507756 ], [ 33.400157, 34.773382990515479 ], [ 33.399181, 34.745306990500985 ], [ 33.37086, 34.73086199049348 ], [ 33.29656, 34.718165990486945 ], [ 33.281586, 34.712347990483956 ], [ 33.272553, 34.707342990481372 ], [ 33.260102, 34.700506990477855 ], [ 33.245616, 34.698227990476688 ], [ 33.173595, 34.705145990480219 ], [ 33.101899, 34.698227990476688 ], [ 33.086436, 34.694809990474887 ], [ 33.072276, 34.686753990470713 ], [ 33.02589, 34.651312990452432 ], [ 33.015636, 34.634425990443674 ], [ 33.009939, 34.624904990438765 ], [ 33.009125, 34.597397990424568 ], [ 33.030284, 34.574773990412893 ], [ 33.030283979735032, 34.57332244329109 ], [ 32.940929, 34.568548990409674 ], [ 32.940929, 34.574773990412893 ], [ 32.944672, 34.593694990422655 ], [ 32.915863, 34.639389990446254 ], [ 32.913585, 34.6566839904552 ], [ 32.857432, 34.669012990461574 ], [ 32.834321, 34.670965990462584 ], [ 32.812836, 34.66864699046139 ], [ 32.760671, 34.653224990453374 ], [ 32.749197, 34.649847990451669 ], [ 32.707367, 34.645412990449351 ], [ 32.665782, 34.652166990452898 ], [ 32.626231, 34.666489990460249 ], [ 32.575043, 34.692815990473903 ], [ 32.556651, 34.699367990477256 ], [ 32.535818, 34.703558990479415 ], [ 32.493337, 34.707260990481331 ], [ 32.475841, 34.7132019904844 ], [ 32.458995, 34.721868990488893 ], [ 32.419119, 34.747991990502371 ], [ 32.413341, 34.753484990505221 ], [ 32.407074, 34.782415990520178 ], [ 32.403005, 34.787054990522542 ], [ 32.402354, 34.796453990527418 ], [ 32.379161, 34.849065990554649 ], [ 32.367931, 34.857000990558717 ], [ 32.34669, 34.868597990564744 ], [ 32.337657, 34.876409990568781 ], [ 32.329438, 34.886419990573927 ], [ 32.323416, 34.898423990580163 ], [ 32.322765, 34.911362990586859 ], [ 32.331391, 34.924220990593511 ], [ 32.312185, 34.950262990606959 ], [ 32.310313, 34.9607609906124 ], [ 32.310313, 34.982570990623643 ], [ 32.305919, 35.001409990633398 ], [ 32.28419, 35.032374990649451 ], [ 32.276134, 35.047755990657436 ], [ 32.271739, 35.072820990670394 ], [ 32.275157, 35.091050990679811 ], [ 32.286632, 35.097153990683005 ], [ 32.306895, 35.085597990676987 ], [ 32.336681, 35.05874299066312 ], [ 32.353363, 35.047918990657507 ], [ 32.372325, 35.041489990654171 ], [ 32.413829, 35.043035990654964 ], [ 32.449962, 35.058823990663136 ], [ 32.479666, 35.082952990675651 ], [ 32.501964, 35.109197990689218 ], [ 32.516856, 35.140203990705281 ], [ 32.527599, 35.157049990713986 ], [ 32.543468, 35.166489990718901 ], [ 32.545421, 35.171209990721295 ], [ 32.548188, 35.175970990723783 ], [ 32.553966, 35.178045990724847 ], [ 32.55893, 35.176906990724262 ], [ 32.566498, 35.172715990722097 ], [ 32.568207, 35.171779990721625 ], [ 32.574718, 35.170599990721044 ], [ 32.584809, 35.172511990722022 ], [ 32.601899, 35.17861599072512 ], [ 32.619395, 35.184881990728385 ], [ 32.640717, 35.187078990729518 ], [ 32.650401, 35.188055990730057 ], [ 32.659841, 35.187078990729518 ], [ 32.69158, 35.183701990727762 ], [ 32.711436, 35.181626990726706 ], [ 32.745372, 35.178045990724847 ], [ 32.776378, 35.170843990721096 ], [ 32.801443, 35.15713099071403 ], [ 32.82838, 35.148585990709606 ], [ 32.865245, 35.156967990713923 ], [ 32.892589, 35.175034990723326 ], [ 32.914724, 35.200831990736653 ], [ 32.929373, 35.232977990753284 ], [ 32.934744, 35.270574990772765 ], [ 32.936046, 35.336614990806957 ], [ 32.93214, 35.366277990822333 ], [ 32.929052427063333, 35.374574760043757 ], [ 32.985362, 35.374578990826627 ], [ 33.006114, 35.369858990824177 ], [ 33.069796, 35.358723990818397 ], [ 33.14008, 35.362158990820184 ], [ 33.262462, 35.349350990813541 ], [ 33.28061, 35.34247499080999 ], [ 33.427501, 35.328924990802953 ], [ 33.66033, 35.359319990818705 ], [ 33.742849, 35.397772990838654 ], [ 33.783508, 35.41671799084844 ], [ 33.834646, 35.409979990844967 ], [ 33.887938, 35.423905990852177 ], [ 34.035622, 35.471382990876776 ], [ 34.07629, 35.494322990888655 ], [ 34.13119, 35.511346990897451 ], [ 34.181651, 35.554184990919616 ], [ 34.210385, 35.559145990922218 ], [ 34.26779, 35.572255990929008 ], [ 34.319672, 35.586167990936211 ], [ 34.36148, 35.608308990947634 ], [ 34.542442527506147, 35.677697258555042 ], [ 34.542328, 35.637273990962669 ], [ 34.537283, 35.633978990960919 ], [ 34.441417, 35.583644990934879 ], [ 34.352306, 35.520696990902316 ], [ 34.137706, 35.41510699084759 ], [ 34.10906, 35.394272990836768 ], [ 34.08546, 35.369858990824177 ], [ 34.068207, 35.337713990807551 ], [ 34.05893, 35.324122990800483 ], [ 34.043793, 35.315252990795905 ], [ 34.019786, 35.314357990795436 ], [ 33.994884, 35.319280990797949 ], [ 33.971365, 35.321274990799012 ], [ 33.951671, 35.311509990793951 ], [ 33.923595, 35.278550990776928 ], [ 33.91212, 35.25999599076728 ], [ 33.9074, 35.242905990758423 ], [ 33.899913, 35.164454990717815 ], [ 33.913748, 35.156235990713576 ], [ 33.953624, 35.122625990696157 ], [ 33.961925, 35.112615990690976 ], [ 33.966807, 35.100083990684482 ], [ 33.978689, 35.087469990677981 ], [ 34.012299, 35.063787990665709 ], [ 34.021983, 35.056992990662181 ], [ 34.035899, 35.047186990657124 ], [ 34.051036, 35.033025990649747 ], [ 34.062185, 35.00568299063562 ] ] ], [ [ [ 27.892345, 35.971909991135867 ], [ 27.863536, 35.940984991119876 ], [ 27.827403, 35.913763991105782 ], [ 27.780447, 35.8900409910935 ], [ 27.739268, 35.913152991105449 ], [ 27.732677, 35.915106991106455 ], [ 27.730317, 35.921779991109936 ], [ 27.71225, 35.952703991125958 ], [ 27.725352, 35.967189991133417 ], [ 27.75408, 36.037176991169602 ], [ 27.76002, 36.061956991182406 ], [ 27.757091, 36.084376991194048 ], [ 27.746837, 36.096176991200146 ], [ 27.733165, 36.104640991204498 ], [ 27.708832, 36.127101991216122 ], [ 27.707286, 36.132024991218678 ], [ 27.713552, 36.139796991222681 ], [ 27.71225, 36.144476991225098 ], [ 27.702891, 36.150457991228166 ], [ 27.696544, 36.149562991227704 ], [ 27.690929, 36.149481991227667 ], [ 27.684255, 36.158148991232139 ], [ 27.700694, 36.163397991234888 ], [ 27.739513, 36.185451991246239 ], [ 27.763357, 36.192205991249757 ], [ 27.771983, 36.197820991252655 ], [ 27.767426, 36.205958991256843 ], [ 27.776052, 36.211614991259786 ], [ 27.778087, 36.217107991262651 ], [ 27.778168, 36.223699991266066 ], [ 27.780447, 36.232610991270654 ], [ 27.78712, 36.245184991277128 ], [ 27.794119, 36.254339991281846 ], [ 27.803233, 36.270208991290069 ], [ 27.807872, 36.274236991292121 ], [ 27.837413, 36.280991991295629 ], [ 27.84197, 36.284734991297547 ], [ 27.849457, 36.293523991302088 ], [ 27.882823, 36.321478991316525 ], [ 27.89031, 36.332586991322231 ], [ 27.899669, 36.340154991326195 ], [ 27.959239, 36.35675699133472 ], [ 28.070811, 36.405340991359822 ], [ 28.085785, 36.414780991364701 ], [ 28.118419, 36.427679991371335 ], [ 28.18393, 36.424464991369703 ], [ 28.213878, 36.455470991385688 ], [ 28.222423, 36.455999991385944 ], [ 28.23113, 36.449773991382763 ], [ 28.239757, 36.438665991377015 ], [ 28.239757, 36.432521991373818 ], [ 28.225841, 36.417954991366337 ], [ 28.236339, 36.373032991343145 ], [ 28.215831, 36.363592991338308 ], [ 28.211192, 36.357651991335231 ], [ 28.205089, 36.322658991317148 ], [ 28.197439, 36.311956991311632 ], [ 28.175466, 36.290431991300522 ], [ 28.170909, 36.277980991294072 ], [ 28.168468, 36.249822991279508 ], [ 28.163422, 36.237697991273272 ], [ 28.154552, 36.232610991270654 ], [ 28.148448, 36.226059991267256 ], [ 28.135916, 36.195216991251364 ], [ 28.130544, 36.185451991246239 ], [ 28.127696, 36.186468991246819 ], [ 28.110037, 36.186590991246874 ], [ 28.103282, 36.185451991246239 ], [ 28.100922, 36.181382991244178 ], [ 28.099132, 36.174464991240569 ], [ 28.095225, 36.167872991237182 ], [ 28.085785, 36.164983991235715 ], [ 28.061697, 36.116522991210658 ], [ 28.070811, 36.111028991207817 ], [ 28.078787, 36.107407991205932 ], [ 28.086681, 36.105128991204786 ], [ 28.096446, 36.103501991203927 ], [ 28.093761, 36.095281991199649 ], [ 28.089854, 36.088283991196043 ], [ 28.083751, 36.081935991192715 ], [ 28.075938, 36.075587991189515 ], [ 28.080089, 36.071356991187294 ], [ 28.08961, 36.055120991178867 ], [ 28.037608, 36.068426991185802 ], [ 28.016938, 36.068995991186064 ], [ 27.993419, 36.061956991182406 ], [ 27.948416, 36.039007991170571 ], [ 27.932302, 36.025335991163516 ], [ 27.892345, 35.971909991135867 ] ] ], [ [ [ 27.720876, 36.271998991290971 ], [ 27.719249, 36.267075991288436 ], [ 27.704763, 36.247137991278109 ], [ 27.699555, 36.248032991278578 ], [ 27.695649, 36.253810991281576 ], [ 27.695811, 36.256821991283175 ], [ 27.700531, 36.260158991284875 ], [ 27.70224, 36.26605899128792 ], [ 27.698171, 36.267807991288805 ], [ 27.694265, 36.280218991295222 ], [ 27.70045, 36.283676991297021 ], [ 27.711518, 36.285752991298125 ], [ 27.718272, 36.282456991296399 ], [ 27.720714, 36.276841991293452 ], [ 27.720876, 36.271998991290971 ] ] ], [ [ [ 28.017755056395778, 36.705256709657881 ], [ 28.021332, 36.705063991514251 ], [ 28.007009, 36.699367991511338 ], [ 28.004691069773031, 36.701685916720351 ], [ 28.017755056395778, 36.705256709657881 ] ] ], [ [ [ 27.083181, 36.761216991543186 ], [ 27.060069, 36.76740099154641 ], [ 27.047537, 36.775091991550276 ], [ 26.992035, 36.753606991539286 ], [ 26.975759, 36.740789991532623 ], [ 26.986013, 36.719874991521905 ], [ 26.97169, 36.716253991520034 ], [ 26.965668, 36.705551991514533 ], [ 26.955333, 36.681707991502229 ], [ 26.937266, 36.692775991507965 ], [ 26.92335, 36.706203991514897 ], [ 26.917735, 36.716131991519987 ], [ 26.920258, 36.751165991537988 ], [ 26.92628, 36.765610991545437 ], [ 26.937673, 36.760809991542956 ], [ 26.942393, 36.766261991545775 ], [ 26.953868, 36.775945991550721 ], [ 26.958751, 36.781316991553481 ], [ 26.964041, 36.778021991551824 ], [ 26.986013, 36.767645991546459 ], [ 26.999522, 36.778509991552035 ], [ 27.007498, 36.787827991556853 ], [ 27.020763, 36.808579991567527 ], [ 27.055186, 36.832667991579932 ], [ 27.061209, 36.839341991583353 ], [ 27.155315131524102, 36.886693080712959 ], [ 27.155315131524112, 36.886693080712959 ], [ 27.164236, 36.891180991609964 ], [ 27.265636, 36.904038991616581 ], [ 27.280935, 36.907903991618568 ], [ 27.214203, 36.823878991575363 ], [ 27.190766, 36.812322991569438 ], [ 27.129893, 36.760809991542956 ], [ 27.10906, 36.758286991541681 ], [ 27.083181, 36.761216991543186 ] ] ], [ [ [ 26.325206, 38.365545992359067 ], [ 26.325938, 38.354925992353749 ], [ 26.322765, 38.345525992349039 ], [ 26.314301, 38.336736992344626 ], [ 26.311778, 38.371160992361901 ], [ 26.315684, 38.373480992363056 ], [ 26.321137, 38.377671992365165 ], [ 26.325206, 38.365545992359067 ] ] ], [ [ [ 25.89031, 38.227443992289793 ], [ 25.889334, 38.241277992296695 ], [ 25.889822, 38.247991992300086 ], [ 25.873302, 38.239731992295965 ], [ 25.866059, 38.2456729922989 ], [ 25.867524, 38.259710992305948 ], [ 25.876231, 38.275294992313761 ], [ 25.885916, 38.281886992317098 ], [ 25.898936, 38.285711992319001 ], [ 25.917247, 38.288966992320688 ], [ 25.922618, 38.292181992322263 ], [ 25.934255, 38.302638992327502 ], [ 25.958751, 38.301214992326827 ], [ 25.964366, 38.302638992327502 ], [ 25.970876, 38.314357992333406 ], [ 25.971446, 38.326645992339557 ], [ 25.975597, 38.337225992344841 ], [ 25.992198, 38.343572992348093 ], [ 25.98699, 38.354803992353695 ], [ 25.989024, 38.37929899236601 ], [ 25.985362, 38.392034992372324 ], [ 25.983572, 38.388006992370329 ], [ 25.983409, 38.387029992369847 ], [ 25.973481, 38.392726992372687 ], [ 25.967459, 38.398504992375614 ], [ 25.959809, 38.402736992377719 ], [ 25.950694, 38.405665992379198 ], [ 25.956309, 38.414536992383645 ], [ 25.955577, 38.428208992390488 ], [ 25.950531, 38.442571992397667 ], [ 25.943858, 38.453436992403098 ], [ 25.931895, 38.463201992407981 ], [ 25.920665, 38.466456992409604 ], [ 25.907481, 38.468328992410562 ], [ 25.889822, 38.473943992413382 ], [ 25.875255, 38.48354699241812 ], [ 25.843272, 38.515325992434065 ], [ 25.834646, 38.52855099244065 ], [ 25.832774, 38.544093992448396 ], [ 25.838145, 38.555161992453968 ], [ 25.845225, 38.565903992459333 ], [ 25.848888, 38.580389992466543 ], [ 25.995372, 38.604233992478434 ], [ 26.01588, 38.602036992477295 ], [ 26.063975, 38.590032992471336 ], [ 26.066254, 38.583196992467904 ], [ 26.108246, 38.542791992447818 ], [ 26.11085, 38.54718699244998 ], [ 26.112315, 38.551702992452206 ], [ 26.115408, 38.555161992453968 ], [ 26.121918, 38.556463992454574 ], [ 26.130707, 38.567205992459975 ], [ 26.143565, 38.564398992458521 ], [ 26.154552, 38.5559759924543 ], [ 26.163585, 38.542791992447818 ], [ 26.15089, 38.530421992441582 ], [ 26.149181, 38.51048399243161 ], [ 26.144379, 38.492905992422841 ], [ 26.121918, 38.487534992420116 ], [ 26.129731, 38.478460992415641 ], [ 26.133962, 38.475897992414325 ], [ 26.142426, 38.473943992413382 ], [ 26.136404, 38.467718992410241 ], [ 26.154063, 38.46727099241 ], [ 26.154552, 38.460882992406816 ], [ 26.142426, 38.446600992399709 ], [ 26.139415, 38.431463992392118 ], [ 26.139334, 38.418890992385812 ], [ 26.149913, 38.343572992348093 ], [ 26.163585, 38.302638992327502 ], [ 26.137055, 38.29962799232603 ], [ 26.113536, 38.284246992318252 ], [ 26.102224, 38.261704992306953 ], [ 26.112071, 38.237493992294787 ], [ 26.112071, 38.222601992287302 ], [ 26.088145, 38.212591992282263 ], [ 26.04005, 38.200180992276046 ], [ 26.032074, 38.189682992270775 ], [ 26.02589, 38.167140992259405 ], [ 26.019705, 38.15924699225544 ], [ 26.009776, 38.156723992254179 ], [ 25.989106, 38.163803992257741 ], [ 25.974864, 38.166001992258892 ], [ 25.96461, 38.171860992261806 ], [ 25.942393, 38.194972992273435 ], [ 25.938243, 38.196478992274187 ], [ 25.934093, 38.195501992273734 ], [ 25.92449, 38.203110992277544 ], [ 25.914887, 38.215032992283518 ], [ 25.910411, 38.226954992289492 ], [ 25.905772, 38.225042992288564 ], [ 25.894379, 38.222479992287262 ], [ 25.889822, 38.220648992286328 ], [ 25.89031, 38.227443992289793 ] ] ], [ [ [ 26.184581, 38.538600992445637 ], [ 26.185069, 38.542181992447468 ], [ 26.203787, 38.541041992446864 ], [ 26.207693, 38.539658992446221 ], [ 26.211925, 38.534124992443424 ], [ 26.199148, 38.52252799243761 ], [ 26.184581, 38.538600992445637 ] ] ], [ [ [ 26.087901, 39.077215992712908 ], [ 26.087901, 39.08344099271595 ], [ 26.093761, 39.085272992716838 ], [ 26.102061, 39.090887992719608 ], [ 26.109223, 39.092677992720475 ], [ 26.113536, 39.092107992720251 ], [ 26.117198, 39.091009992719677 ], [ 26.121918, 39.090887992719608 ], [ 26.160167, 39.09772399272299 ], [ 26.164561, 39.100652992724413 ], [ 26.180675, 39.121282992734592 ], [ 26.191417, 39.127589992737661 ], [ 26.202403, 39.129095992738407 ], [ 26.213715, 39.129339992738537 ], [ 26.225597, 39.131821992739745 ], [ 26.252289, 39.152329992749877 ], [ 26.282237, 39.169866992758479 ], [ 26.283376, 39.172796992759935 ], [ 26.293468, 39.177150992762037 ], [ 26.290212, 39.186753992766796 ], [ 26.28004, 39.196437992771529 ], [ 26.269786, 39.200750992773635 ], [ 26.237641, 39.206854992776634 ], [ 26.225597, 39.207586992777031 ], [ 26.204356, 39.205796992776143 ], [ 26.187348, 39.202052992774284 ], [ 26.17335, 39.195013992770804 ], [ 26.160167, 39.183335992765087 ], [ 26.145274, 39.155665992751501 ], [ 26.142426, 39.155747992751508 ], [ 26.097423, 39.10565799272689 ], [ 26.082774, 39.095159992721747 ], [ 26.063975, 39.090887992719608 ], [ 26.042979, 39.093206992720752 ], [ 25.958344, 39.117661992732756 ], [ 25.943858, 39.124415992736125 ], [ 25.929373, 39.13324599274047 ], [ 25.919932, 39.137111992742383 ], [ 25.906993, 39.138657992743092 ], [ 25.888927, 39.144720992746088 ], [ 25.85434, 39.172064992759559 ], [ 25.834646, 39.179632992763253 ], [ 25.834646, 39.187078992766928 ], [ 25.845958, 39.19037499276854 ], [ 25.849946, 39.19940799277299 ], [ 25.851573, 39.210882992778657 ], [ 25.855154, 39.221258992783696 ], [ 25.850922, 39.222316992784258 ], [ 25.848318, 39.223943992785046 ], [ 25.845876, 39.225897992785974 ], [ 25.842052, 39.228012992787043 ], [ 25.849783, 39.23216399278904 ], [ 25.853526, 39.236395992791167 ], [ 25.854991, 39.242498992794118 ], [ 25.855154, 39.252264992798906 ], [ 25.858653, 39.259222992802336 ], [ 25.86671, 39.263250992804338 ], [ 25.876231, 39.266017992805672 ], [ 25.883067, 39.268987992807112 ], [ 25.910655, 39.289617992817242 ], [ 25.917247, 39.296941992820834 ], [ 25.924083, 39.296941992820834 ], [ 25.936371, 39.27655699281086 ], [ 25.968923, 39.278631992811839 ], [ 26.006196, 39.28632199281563 ], [ 26.033214, 39.282659992813862 ], [ 26.037283, 39.288234992816548 ], [ 26.041189, 39.292384992818626 ], [ 26.044607, 39.296860992820761 ], [ 26.046886, 39.303167992823866 ], [ 26.052501, 39.294012992819368 ], [ 26.053722, 39.28949599281718 ], [ 26.060557, 39.28949599281718 ], [ 26.07309, 39.303208992823919 ], [ 26.094005, 39.310491992827444 ], [ 26.136404, 39.316229992830259 ], [ 26.162771, 39.323634992833924 ], [ 26.172537, 39.335394992839632 ], [ 26.170909, 39.353216992848381 ], [ 26.163669248412607, 39.378557062721356 ], [ 26.216492326814574, 39.380075594853317 ], [ 26.343028, 39.38300199286293 ], [ 26.362153, 39.37885199286093 ], [ 26.354747, 39.356512992849993 ], [ 26.373383, 39.346909992845283 ], [ 26.400238, 39.341253992842496 ], [ 26.417491, 39.330470992837228 ], [ 26.411388, 39.320949992832617 ], [ 26.379649, 39.282659992813862 ], [ 26.382172, 39.277085992811116 ], [ 26.424164, 39.245102992795438 ], [ 26.458344, 39.2342799927901 ], [ 26.466319, 39.22923399278762 ], [ 26.470714, 39.225164992785587 ], [ 26.504731, 39.185003992765914 ], [ 26.517914, 39.175970992761449 ], [ 26.539724, 39.16596099275656 ], [ 26.526622, 39.159124992753206 ], [ 26.530772, 39.150620992749012 ], [ 26.537771, 39.143051992745306 ], [ 26.54713, 39.135320992741512 ], [ 26.547699, 39.125311992736556 ], [ 26.550548, 39.119207992733578 ], [ 26.556814, 39.116888992732427 ], [ 26.567638, 39.118149992733038 ], [ 26.566254, 39.097967992723078 ], [ 26.579438, 39.075343992711971 ], [ 26.597911, 39.056870992702855 ], [ 26.612315, 39.049261992699094 ], [ 26.612315, 39.040228992694622 ], [ 26.610037, 39.022934992686096 ], [ 26.597423, 39.011948992680701 ], [ 26.567638, 39.021958992685647 ], [ 26.551443, 39.015040992682238 ], [ 26.539399, 39.019354992684349 ], [ 26.529552, 39.028550992688892 ], [ 26.519298, 39.036281992692686 ], [ 26.526622, 39.042466992695779 ], [ 26.517589, 39.047511992698219 ], [ 26.516124, 39.052638992700743 ], [ 26.518077, 39.057806992703327 ], [ 26.519298, 39.062933992705858 ], [ 26.520356, 39.066310992707507 ], [ 26.526052, 39.077215992712908 ], [ 26.526622, 39.08344099271595 ], [ 26.515147, 39.091009992719677 ], [ 26.513031, 39.094305992721331 ], [ 26.50587, 39.10919799272866 ], [ 26.489268, 39.11367399273086 ], [ 26.454926, 39.111395992729726 ], [ 26.437022, 39.103501992725853 ], [ 26.452973, 39.086411992717409 ], [ 26.491954, 39.062933992705858 ], [ 26.528819, 39.021063992685228 ], [ 26.54713, 39.008978992679239 ], [ 26.54713, 39.001531992675588 ], [ 26.544607, 38.997218992673417 ], [ 26.543712, 38.997381992673503 ], [ 26.544688, 38.996242992672919 ], [ 26.54713, 38.987859992668753 ], [ 26.521169, 38.978948992664407 ], [ 26.489268, 38.972560992661244 ], [ 26.424164, 38.967352992658682 ], [ 26.407074, 38.969467992659709 ], [ 26.375173, 38.978908992664408 ], [ 26.339366, 38.982855992666323 ], [ 26.325531, 38.987697992668679 ], [ 26.300792, 39.001531992675588 ], [ 26.276378, 39.010646992680051 ], [ 26.217133, 39.020696992685018 ], [ 26.165701, 39.022405992685854 ], [ 26.155284, 39.024969992687119 ], [ 26.146332, 39.032130992690639 ], [ 26.115571, 39.066717992707702 ], [ 26.104259, 39.074651992711651 ], [ 26.087901, 39.077215992712908 ] ] ], [ [ [ 32.639659, 41.843898994016463 ], [ 32.645501274566058, 41.841667586865263 ], [ 32.63556400537658, 41.843241081445882 ], [ 32.639659, 41.843898994016463 ] ] ], [ [ [ 66.2588, 25.524847986497626 ], [ 66.258311, 25.531398986499482 ], [ 66.256847, 25.538478986501453 ], [ 66.258149, 25.543117986502757 ], [ 66.279145, 25.549993986504706 ], [ 66.2588, 25.524847986497626 ] ] ], [ [ [ 55.855479, 26.644109986840395 ], [ 55.868337, 26.66644898684784 ], [ 55.868438708926121, 26.666519524316922 ], [ 55.855479, 26.644109986840395 ] ] ], [ [ [ 55.397309, 26.762151986879839 ], [ 55.389022688391066, 26.764717390069077 ], [ 55.44420667616815, 26.760273430523334 ], [ 55.442231, 26.759913986879081 ], [ 55.397309, 26.762151986879839 ] ] ], [ [ [ 56.193533, 26.92454698693507 ], [ 56.171397, 26.906805986929037 ], [ 56.148692, 26.862005986913712 ], [ 56.137218, 26.844671986907773 ], [ 56.095876, 26.806870986894968 ], [ 56.089366, 26.793523986890438 ], [ 56.080821, 26.785345986887673 ], [ 56.042817, 26.768133986881889 ], [ 56.03419, 26.759018986878825 ], [ 56.025645, 26.754095986877147 ], [ 55.97641, 26.711574986862875 ], [ 55.947032, 26.696274986857755 ], [ 55.924001, 26.70502398686067 ], [ 55.902192, 26.724839986867348 ], [ 55.876638, 26.742905986873396 ], [ 55.809825, 26.712062986863032 ], [ 55.79127, 26.697902986858317 ], [ 55.772716, 26.68838098685513 ], [ 55.751313, 26.688543986855183 ], [ 55.705821, 26.694524986857203 ], [ 55.685557, 26.690496986855827 ], [ 55.664236, 26.681544986852849 ], [ 55.610362, 26.64691798684132 ], [ 55.554454, 26.625636986834309 ], [ 55.520518, 26.603257986826918 ], [ 55.50294, 26.594874986824117 ], [ 55.441173, 26.588608986822088 ], [ 55.397309, 26.577825986818528 ], [ 55.378754, 26.56728798681506 ], [ 55.369477, 26.564113986814032 ], [ 55.366547, 26.564601986814218 ], [ 55.361095, 26.565618986814517 ], [ 55.349783, 26.568995986815633 ], [ 55.33961, 26.568995986815633 ], [ 55.335297, 26.56045198681284 ], [ 55.33074, 26.553615986810581 ], [ 55.319835, 26.548284986808834 ], [ 55.307628, 26.544907986807733 ], [ 55.29835, 26.543646986807321 ], [ 55.294119, 26.546290986808167 ], [ 55.290538, 26.54848898680892 ], [ 55.285411, 26.559962986812664 ], [ 55.28061, 26.58466198682077 ], [ 55.287364, 26.602280986826578 ], [ 55.289236, 26.613592986830298 ], [ 55.284028, 26.618800986832039 ], [ 55.273774, 26.64980698684229 ], [ 55.284679, 26.660223986845764 ], [ 55.331879, 26.645330986840818 ], [ 55.342784, 26.64980698684229 ], [ 55.348969, 26.648219986841767 ], [ 55.351899, 26.647446986841544 ], [ 55.404796, 26.674017986850352 ], [ 55.538422, 26.712957986863362 ], [ 55.557872, 26.714992986864011 ], [ 55.570486, 26.719386986865494 ], [ 55.574067, 26.720648986865918 ], [ 55.574229, 26.720688986865927 ], [ 55.620453, 26.746079986874449 ], [ 55.640391, 26.760564986879306 ], [ 55.705821, 26.783270986886993 ], [ 55.716075, 26.783921986887194 ], [ 55.736827, 26.782415986886704 ], [ 55.746837, 26.783270986886993 ], [ 55.754161, 26.786077986887928 ], [ 55.764496, 26.793890986890567 ], [ 55.774181, 26.796941986891589 ], [ 55.771169, 26.803655986893869 ], [ 55.766775, 26.810532986896188 ], [ 55.782074, 26.826157986901482 ], [ 55.785655, 26.844956986907913 ], [ 55.781016, 26.889634986923106 ], [ 55.773204, 26.906723986928984 ], [ 55.756114, 26.921331986934021 ], [ 55.739431, 26.93292898693797 ], [ 55.732595, 26.940903986940707 ], [ 55.757986, 26.95404698694524 ], [ 55.897716, 26.906805986929037 ], [ 55.935557, 26.914780986931763 ], [ 56.041026, 26.975652986952706 ], [ 56.173188, 27.002345986961942 ], [ 56.212413, 27.002996986962192 ], [ 56.232107, 26.998764986960708 ], [ 56.25766, 26.98871498695722 ], [ 56.273611, 26.977768986953443 ], [ 56.27947, 26.973821986952061 ], [ 56.287446, 26.955145986945613 ], [ 56.271332, 26.946966986942837 ], [ 56.255219, 26.938787986940003 ], [ 56.193533, 26.92454698693507 ] ] ], [ [ [ 34.493012, 28.000799987328268 ], [ 34.494395, 28.001775987328596 ], [ 34.489513, 27.996038987326411 ], [ 34.493012, 28.000799987328268 ] ] ], [ [ [ 48.12672, 29.702337988033754 ], [ 48.085134, 29.76780798806266 ], [ 48.079275, 29.773911988065393 ], [ 48.073741, 29.779689988067926 ], [ 48.053722, 29.790024988072478 ], [ 48.046072, 29.8004419880771 ], [ 48.065196, 29.812200988082331 ], [ 48.076834, 29.817571988084733 ], [ 48.098481, 29.830714988090591 ], [ 48.109548, 29.833318988091712 ], [ 48.113292, 29.839096988094287 ], [ 48.119151, 29.87360298810966 ], [ 48.103282, 29.879135988112115 ], [ 48.0949, 29.880315988112635 ], [ 48.085297, 29.879909988112448 ], [ 48.085134, 29.879868988112413 ], [ 48.095063, 29.894720988119058 ], [ 48.109223, 29.893621988118561 ], [ 48.133556, 29.879868988112413 ], [ 48.144867, 29.878322988111744 ], [ 48.158702, 29.879217988112146 ], [ 48.166515, 29.885931988115146 ], [ 48.160818, 29.901556988122096 ], [ 48.178884, 29.908514988125205 ], [ 48.193696, 29.916448988128764 ], [ 48.197439, 29.92535998813273 ], [ 48.181326, 29.935125988137081 ], [ 48.169932, 29.936468988137683 ], [ 48.156749, 29.931137988135287 ], [ 48.147227, 29.935125988137081 ], [ 48.142833, 29.941717988140038 ], [ 48.140391, 29.952215988144715 ], [ 48.139415, 29.96279498814949 ], [ 48.140391, 29.969793988152578 ], [ 48.122732, 29.969671988152541 ], [ 48.120291, 29.971421988153363 ], [ 48.11671, 29.974065988154511 ], [ 48.12086, 29.98139098815782 ], [ 48.133556, 29.989690988161527 ], [ 48.14796, 29.994939988163917 ], [ 48.16212, 29.995672988164216 ], [ 48.175792, 29.991888988162522 ], [ 48.188731, 29.983546988158778 ], [ 48.314412892492228, 29.827838709857282 ], [ 48.344493, 29.790594988072741 ], [ 48.359548, 29.754461988056747 ], [ 48.352712, 29.709783988037021 ], [ 48.333832, 29.679266988023578 ], [ 48.303071, 29.645208988008584 ], [ 48.266287, 29.615952987995797 ], [ 48.229015, 29.59992098798876 ], [ 48.222341, 29.600530987989004 ], [ 48.185802, 29.603948987990513 ], [ 48.161632, 29.629705988001767 ], [ 48.12672, 29.702337988033754 ] ] ], [ [ [ 48.109223, 30.027980988178751 ], [ 48.10613, 30.017645988174063 ], [ 48.078868, 30.004054988167944 ], [ 48.072439, 29.998724988165556 ], [ 48.062755, 29.987453988160521 ], [ 48.05836, 29.983546988158778 ], [ 48.031098, 29.97101498815314 ], [ 48.023692, 29.969874988152647 ], [ 48.016287, 29.97369998815434 ], [ 48.010753, 29.980454988157369 ], [ 48.009288, 29.986883988160251 ], [ 48.023123, 29.995184988163995 ], [ 48.04363, 30.019028988174671 ], [ 48.054698, 30.024481988177154 ], [ 48.093761, 30.029282988179315 ], [ 48.109223, 30.027980988178751 ] ] ], [ [ [ 49.015229, 30.463689988376991 ], [ 49.008474, 30.465927988378017 ], [ 49.006765, 30.476588988382908 ], [ 49.007579, 30.480210988384577 ], [ 49.007335, 30.485621988387113 ], [ 49.010997, 30.489243988388786 ], [ 49.011485, 30.49880598839318 ], [ 49.022146, 30.500758988394097 ], [ 49.023285, 30.500717988394062 ], [ 49.029145, 30.501979988394638 ], [ 49.032725, 30.497991988392791 ], [ 49.03533, 30.498154988392876 ], [ 49.039806, 30.502630988394944 ], [ 49.044363, 30.502508988394922 ], [ 49.055512, 30.502793988395016 ], [ 49.062185, 30.501246988394275 ], [ 49.063406, 30.495957988391854 ], [ 49.061534, 30.492173988390135 ], [ 49.058035, 30.490179988389187 ], [ 49.061615, 30.487697988388035 ], [ 49.06308, 30.479477988384275 ], [ 49.064138, 30.469671988379744 ], [ 49.06422, 30.464585988377404 ], [ 49.049815, 30.464585988377404 ], [ 49.040131, 30.465561988377853 ], [ 49.039724, 30.469386988379615 ], [ 49.038422, 30.46971298837979 ], [ 49.037364, 30.465439988377813 ], [ 49.029307, 30.457789988374312 ], [ 49.026622, 30.461858988376132 ], [ 49.026785, 30.466212988378157 ], [ 49.021821, 30.461492988375966 ], [ 49.015229, 30.463689988376991 ] ] ], [ [ [ 33.806895, 27.994573987325818 ], [ 33.80421, 27.996038987326411 ], [ 33.800466, 28.0004739873281 ], [ 33.796886, 28.009018987331388 ], [ 33.793712, 28.013128987333022 ], [ 33.786794, 28.017970987334852 ], [ 33.779145, 28.020818987335971 ], [ 33.763357, 28.023992987337206 ], [ 33.763927, 28.049017987346893 ], [ 33.715994, 28.075262987357103 ], [ 33.715505, 28.092921987363976 ], [ 33.701427, 28.103826987368183 ], [ 33.684337, 28.124334987376169 ], [ 33.672537, 28.145981987384673 ], [ 33.674571, 28.160548987390349 ], [ 33.66977, 28.163722987391601 ], [ 33.665701, 28.165716987392404 ], [ 33.662446, 28.168768987393573 ], [ 33.66033, 28.174871987395981 ], [ 33.654063, 28.174871987395981 ], [ 33.643565, 28.17230898739497 ], [ 33.634776, 28.181300987398508 ], [ 33.632986, 28.184474987399749 ], [ 33.618175, 28.23330298741897 ], [ 33.612804, 28.240626987421848 ], [ 33.597911, 28.24974198742547 ], [ 33.574392, 28.280747987437692 ], [ 33.564708, 28.297104987444204 ], [ 33.43393, 28.366399987471773 ], [ 33.427501, 28.376898987475947 ], [ 33.423188, 28.378240987476495 ], [ 33.400157, 28.414454987490963 ], [ 33.38087, 28.430242987497305 ], [ 33.368988, 28.442327987502164 ], [ 33.369151, 28.447942987504408 ], [ 33.305186, 28.489731987521225 ], [ 33.29477, 28.49941598752514 ], [ 33.290294, 28.506902987528129 ], [ 33.28712, 28.515081987531438 ], [ 33.278819, 28.527532987536478 ], [ 33.267833, 28.538885987541107 ], [ 33.262462, 28.544134987543202 ], [ 33.269786, 28.544134987543202 ], [ 33.26295, 28.577052987556563 ], [ 33.246104, 28.579494987557574 ], [ 33.223155, 28.587835987560954 ], [ 33.219005, 28.627996987577315 ], [ 33.212576, 28.645005987584256 ], [ 33.194835, 28.675115987596552 ], [ 33.204763, 28.695013987604757 ], [ 33.217784, 28.74103398762367 ], [ 33.228282, 28.763860987633041 ], [ 33.215831, 28.777166987638545 ], [ 33.210134, 28.785060987641792 ], [ 33.204763, 28.805161987650116 ], [ 33.19752, 28.810003987652099 ], [ 33.188731, 28.812933987653292 ], [ 33.181, 28.818507987655618 ], [ 33.174571, 28.83698198766329 ], [ 33.171397, 28.881414987681719 ], [ 33.167328, 28.894231987687082 ], [ 33.167328, 28.900376987689629 ], [ 33.176036, 28.909734987693565 ], [ 33.177582, 28.918361987697164 ], [ 33.173595, 28.941391987706751 ], [ 33.17156, 28.946681987708978 ], [ 33.167654, 28.961085987715013 ], [ 33.165863, 28.976059987721282 ], [ 33.170584, 28.98297798772419 ], [ 33.177908, 28.989568987726923 ], [ 33.170746, 29.003078987732636 ], [ 33.15919, 29.014105987737281 ], [ 33.153087, 29.013372987736965 ], [ 33.151052, 29.024155987741491 ], [ 33.14503, 29.031723987744684 ], [ 33.136485, 29.034612987745881 ], [ 33.126475, 29.031398987744545 ], [ 33.116059, 29.04311798774944 ], [ 33.089041, 29.055975987754898 ], [ 33.078624, 29.064886987758619 ], [ 33.066173, 29.090032987769249 ], [ 33.064301, 29.095932987771743 ], [ 33.061209, 29.101385987774069 ], [ 33.046641, 29.111557987778372 ], [ 33.043224, 29.116399987780415 ], [ 33.040212, 29.118108987781142 ], [ 33.023448, 29.140610987790716 ], [ 33.020356, 29.142482987791468 ], [ 33.012055, 29.145818987792861 ], [ 33.009125, 29.147405987793576 ], [ 33.007498, 29.150335987794804 ], [ 33.004893, 29.158432987798271 ], [ 33.00294, 29.161118987799384 ], [ 32.957856, 29.202093987816824 ], [ 32.942068, 29.206609987818776 ], [ 32.91977, 29.217514987823403 ], [ 32.898611, 29.231023987829168 ], [ 32.88559, 29.243068987834327 ], [ 32.880138, 29.258856987841074 ], [ 32.875499, 29.27948598784992 ], [ 32.868337, 29.297430987857581 ], [ 32.855235, 29.305120987860914 ], [ 32.845958, 29.308335987862304 ], [ 32.839366, 29.316229987865643 ], [ 32.819102, 29.359075987884143 ], [ 32.817393, 29.359767987884382 ], [ 32.821056, 29.397039987900499 ], [ 32.817231, 29.414048987907826 ], [ 32.790294, 29.425441987912766 ], [ 32.749197, 29.455958987925985 ], [ 32.745372, 29.463120987929109 ], [ 32.741059, 29.46674198793071 ], [ 32.735688, 29.468328987931386 ], [ 32.728526, 29.469630987931954 ], [ 32.730968, 29.471868987932908 ], [ 32.733653, 29.473862987933753 ], [ 32.735362, 29.47728098793527 ], [ 32.734711, 29.483831987938132 ], [ 32.728526, 29.483831987938132 ], [ 32.722504, 29.492742987941995 ], [ 32.724132, 29.53953698796234 ], [ 32.712413, 29.580470987980227 ], [ 32.680837, 29.59992098798876 ], [ 32.680837, 29.606146987991469 ], [ 32.68686, 29.618149987996748 ], [ 32.686046, 29.632269988002925 ], [ 32.682465, 29.647039988009393 ], [ 32.680837, 29.661362988015728 ], [ 32.683279, 29.676092988022166 ], [ 32.691905, 29.696518988031183 ], [ 32.693858, 29.70604098803538 ], [ 32.693126, 29.72284598804281 ], [ 32.690684, 29.733628988047563 ], [ 32.686778, 29.74184798805117 ], [ 32.680837, 29.750799988055142 ], [ 32.656423, 29.777085988066759 ], [ 32.653005, 29.788315988071737 ], [ 32.648448, 29.794622988074543 ], [ 32.625499, 29.815252988083689 ], [ 32.604503, 29.824163988087626 ], [ 32.609548, 29.833888988091964 ], [ 32.619965, 29.843165988096093 ], [ 32.625499, 29.84633998809748 ], [ 32.625336, 29.87425398810991 ], [ 32.612478, 29.893743988118629 ], [ 32.589161342721425, 29.913769251151198 ], [ 32.571544, 29.928899988134326 ], [ 32.580414, 29.934026988136598 ], [ 32.584321, 29.938706988138684 ], [ 32.583507, 29.943426988140772 ], [ 32.57781, 29.948797988143205 ], [ 32.583507, 29.950628988144025 ], [ 32.58546, 29.952459988144835 ], [ 32.583507, 29.95433198814564 ], [ 32.57781, 29.956203988146548 ], [ 32.573741, 29.962143988149169 ], [ 32.569021, 29.967596988151609 ], [ 32.563487, 29.972397988153766 ], [ 32.561615, 29.976385988155545 ], [ 32.562755, 29.978948988156699 ], [ 32.566091, 29.981023988157634 ], [ 32.570079, 29.982651988158363 ], [ 32.57781, 29.983546988158778 ], [ 32.57781, 29.989690988161527 ], [ 32.57545, 29.997015988164843 ], [ 32.57545, 30.00287498816747 ], [ 32.57781, 30.011419988171291 ], [ 32.571544, 30.011419988171291 ], [ 32.558604, 29.987127988160378 ], [ 32.557465, 29.976466988155583 ], [ 32.560069, 29.968572988152083 ], [ 32.565603, 29.963038988149602 ], [ 32.570486, 29.955755988146283 ], [ 32.571544, 29.942571988140436 ], [ 32.564138, 29.942571988140436 ], [ 32.561778, 29.955226988146087 ], [ 32.553966, 29.962103988149149 ], [ 32.542735, 29.962550988149371 ], [ 32.53004, 29.956203988146548 ], [ 32.513438, 29.961574988148929 ], [ 32.493907, 29.950628988144025 ], [ 32.476899, 29.932195988135796 ], [ 32.467947, 29.915228988128202 ], [ 32.466807, 29.896876988120013 ], [ 32.472911, 29.881984988113381 ], [ 32.48699, 29.871567988108723 ], [ 32.509532, 29.866847988106631 ], [ 32.491547, 29.854070988100943 ], [ 32.40797, 29.751898988055647 ], [ 32.403005, 29.743963988052126 ], [ 32.392833, 29.734360988047907 ], [ 32.363943, 29.688217988027503 ], [ 32.358084, 29.671941988020379 ], [ 32.357432, 29.630560988002202 ], [ 32.351573, 29.61367398799478 ], [ 32.337657, 29.59992098798876 ], [ 32.337657, 29.592474987985479 ], [ 32.348318, 29.585027987982219 ], [ 32.35963, 29.571274987976221 ], [ 32.368663, 29.557195987970047 ], [ 32.376801, 29.536077987960827 ], [ 32.387706, 29.525620987956266 ], [ 32.43865, 29.496771987943763 ], [ 32.451345, 29.487290987939584 ], [ 32.497325, 29.440089987919134 ], [ 32.528575, 29.423650987911987 ], [ 32.556977, 29.39785398790081 ], [ 32.581228, 29.369126987888425 ], [ 32.591482, 29.349513987879995 ], [ 32.595388, 29.324896987869398 ], [ 32.605479, 29.291937987855231 ], [ 32.618663, 29.261175987842069 ], [ 32.632335, 29.243068987834327 ], [ 32.632335, 29.236801987831637 ], [ 32.628673, 29.218939987824026 ], [ 32.656179, 29.120631987782236 ], [ 32.658946, 29.110784987778032 ], [ 32.659679, 29.089096987768887 ], [ 32.654145, 29.080877987765383 ], [ 32.644216, 29.072902987762035 ], [ 32.638927, 29.061346987757123 ], [ 32.628184, 29.057033987755325 ], [ 32.624685, 29.048162987751578 ], [ 32.632335, 29.037583987747137 ], [ 32.627208, 29.007879987734647 ], [ 32.625499, 28.972723987719863 ], [ 32.632091, 28.961899987715324 ], [ 32.662771, 28.934067987703706 ], [ 32.67335, 28.921535987698455 ], [ 32.676524, 28.910955987694056 ], [ 32.677257, 28.89077398768562 ], [ 32.680837, 28.880560987681363 ], [ 32.703461, 28.858709987672317 ], [ 32.70753, 28.856349987671294 ], [ 32.749197, 28.804835987649984 ], [ 32.784516, 28.799383987647722 ], [ 32.806895, 28.778143987638927 ], [ 32.820649, 28.747869987626441 ], [ 32.865245, 28.599554987565703 ], [ 32.868907, 28.578924987557304 ], [ 32.879568, 28.575425987555914 ], [ 32.927257, 28.55158098754621 ], [ 32.951427, 28.530991987537909 ], [ 32.963552, 28.517726987532537 ], [ 32.972911, 28.499822987525281 ], [ 32.982595, 28.496567987523999 ], [ 32.993826, 28.494207987523051 ], [ 33.00294, 28.489487987521102 ], [ 33.006196, 28.483343987518648 ], [ 33.013031, 28.463038987510494 ], [ 33.041759, 28.414129987490842 ], [ 33.050792, 28.406927987487968 ], [ 33.051036, 28.402573987486207 ], [ 33.049571, 28.401352987485733 ], [ 33.046723, 28.40143498748575 ], [ 33.043224, 28.400783987485504 ], [ 33.087576, 28.368597987472654 ], [ 33.1067, 28.347112987464062 ], [ 33.105317, 28.325628987455499 ], [ 33.112966, 28.32001398745329 ], [ 33.119802, 28.308782987448804 ], [ 33.124685, 28.296331987443892 ], [ 33.126475, 28.287501987440383 ], [ 33.130544, 28.284165987439057 ], [ 33.153087, 28.256170987427982 ], [ 33.200531, 28.211370987410316 ], [ 33.212169, 28.189926987401858 ], [ 33.222179, 28.184637987399803 ], [ 33.233653, 28.180324987398105 ], [ 33.241954, 28.174871987395981 ], [ 33.246755, 28.161525987390746 ], [ 33.246104, 28.150457987386389 ], [ 33.24936, 28.142889987383484 ], [ 33.266124, 28.140081987382359 ], [ 33.283214, 28.132391987379329 ], [ 33.316417, 28.096380987365297 ], [ 33.338145, 28.085434987361037 ], [ 33.336762, 28.079168987358603 ], [ 33.338145, 28.071030987355432 ], [ 33.338145, 28.065008987353085 ], [ 33.336111, 28.056788987349897 ], [ 33.343598, 28.050604987347509 ], [ 33.355479, 28.048081987346524 ], [ 33.366059, 28.050685987347517 ], [ 33.374685, 28.035874987341803 ], [ 33.396658, 28.027247987338441 ], [ 33.441742, 28.016546987334312 ], [ 33.512543, 27.959051987312122 ], [ 33.535411, 27.916408987295785 ], [ 33.547374, 27.906683987292048 ], [ 33.554373, 27.896469987288164 ], [ 33.576182, 27.850490987270639 ], [ 33.57838, 27.838445987266052 ], [ 33.57838, 27.832220987263725 ], [ 33.583263, 27.82452998726076 ], [ 33.587087, 27.8051209872534 ], [ 33.592052, 27.797430987250486 ], [ 33.592052, 27.791245987248182 ], [ 33.585216, 27.791245987248182 ], [ 33.571544, 27.791245987248182 ], [ 33.560069, 27.813421987256582 ], [ 33.536469, 27.826076987261377 ], [ 33.509776, 27.834946987264708 ], [ 33.488943, 27.845892987268897 ], [ 33.482188, 27.845892987268897 ], [ 33.476085, 27.831609987263469 ], [ 33.473481, 27.823187987260276 ], [ 33.475434, 27.815862987257475 ], [ 33.482188, 27.804917987253365 ], [ 33.501231, 27.787501987246731 ], [ 33.511729, 27.775091987242075 ], [ 33.516287, 27.759913987236352 ], [ 33.522716, 27.751898987233329 ], [ 33.53712, 27.755763987234776 ], [ 33.557872, 27.759913987236352 ], [ 33.556407, 27.746282987231222 ], [ 33.552501, 27.73187898722577 ], [ 33.545909, 27.718491987220755 ], [ 33.536794, 27.708074987216836 ], [ 33.540782, 27.704534987215506 ], [ 33.546153, 27.698187987213146 ], [ 33.550466, 27.695053987211967 ], [ 33.568533, 27.683253987207564 ], [ 33.574962, 27.681382987206828 ], [ 33.577891, 27.677435987205367 ], [ 33.592052, 27.646632987193904 ], [ 33.581554, 27.654485987196832 ], [ 33.557872, 27.681382987206828 ], [ 33.550466, 27.681382987206828 ], [ 33.550466, 27.673976987204082 ], [ 33.553966, 27.668646987202084 ], [ 33.557872, 27.659653987198748 ], [ 33.550466, 27.659653987198748 ], [ 33.5442, 27.679184987206028 ], [ 33.526541, 27.677557987205414 ], [ 33.507172, 27.663722987200241 ], [ 33.496349, 27.646632987193904 ], [ 33.519705, 27.635809987189845 ], [ 33.536306, 27.616196987182551 ], [ 33.564708, 27.571518987165977 ], [ 33.560802, 27.565171987163627 ], [ 33.558279, 27.557114987160698 ], [ 33.556977, 27.547592987157159 ], [ 33.557872, 27.536769987153178 ], [ 33.574474, 27.525864987149141 ], [ 33.618175, 27.508123987142643 ], [ 33.632986, 27.495835987138133 ], [ 33.635916, 27.486720987134753 ], [ 33.637218, 27.464788987126759 ], [ 33.640391, 27.454819987123091 ], [ 33.647146, 27.446478987120031 ], [ 33.664073, 27.430324987114155 ], [ 33.671153, 27.420395987110538 ], [ 33.677501, 27.400132987103159 ], [ 33.684825, 27.355698987087106 ], [ 33.691661, 27.341863987082103 ], [ 33.724783, 27.313706987071967 ], [ 33.763357, 27.290350987063558 ], [ 33.805675, 27.272120987057036 ], [ 33.825369, 27.259710987052593 ], [ 33.83839, 27.242579987046472 ], [ 33.840505, 27.232081987042758 ], [ 33.83839, 27.194158987029223 ], [ 33.836111, 27.190822987028067 ], [ 33.826996, 27.184148987025722 ], [ 33.824718, 27.180486987024427 ], [ 33.825369, 27.174627987022344 ], [ 33.830333, 27.165919987019254 ], [ 33.831554, 27.159979987017149 ], [ 33.83253, 27.137884987009361 ], [ 33.836762, 27.120753987003301 ], [ 33.847179, 27.107000986998447 ], [ 33.865977, 27.09515998699435 ], [ 33.883149, 27.08079698698932 ], [ 33.901378, 27.058742986981581 ], [ 33.908702, 27.042140986975816 ], [ 33.893728, 27.043930986976413 ], [ 33.893891, 27.027898986970818 ], [ 33.90089, 27.014227986966098 ], [ 33.920909, 26.989324986957445 ], [ 33.929454, 26.97418898695221 ], [ 33.942068, 26.944565986942003 ], [ 33.951671, 26.930975986937323 ], [ 33.964366, 26.921860986934192 ], [ 33.978852, 26.914943986931796 ], [ 33.990977, 26.907415986929202 ], [ 33.996104, 26.896551986925498 ], [ 34.002696, 26.864894986914688 ], [ 34.003591, 26.848943986909273 ], [ 33.996104, 26.837876986905492 ], [ 33.979666, 26.837103986905205 ], [ 33.968761, 26.846380986908375 ], [ 33.959646, 26.849798986909516 ], [ 33.948253, 26.83099998690313 ], [ 33.945811, 26.817775986898646 ], [ 33.945811, 26.799993986892609 ], [ 33.947765, 26.782415986886704 ], [ 33.951671, 26.769272986882243 ], [ 33.951915, 26.743353986873544 ], [ 33.93214, 26.682602986853194 ], [ 33.941417, 26.653509986843552 ], [ 33.955414, 26.643011986840051 ], [ 33.987804, 26.634100986837069 ], [ 34.003591, 26.625636986834309 ], [ 34.014008, 26.611639986829676 ], [ 34.023936, 26.58071498681948 ], [ 34.056407, 26.542303986806868 ], [ 34.070649, 26.514878986797932 ], [ 34.104828, 26.426662986769347 ], [ 34.11964, 26.400294986760866 ], [ 34.139985, 26.372300986751917 ], [ 34.153331, 26.347112986743852 ], [ 34.177501, 26.314845986733609 ], [ 34.261974, 26.139471986678707 ], [ 34.301036, 26.087794986662782 ], [ 34.338715, 26.001775986636591 ], [ 34.417491, 25.903143986606942 ], [ 34.424978, 25.890203986603112 ], [ 34.434744, 25.861883986594719 ], [ 34.501801, 25.771632986568168 ], [ 34.538259, 25.735662986557742 ], [ 34.54656, 25.725042986554616 ], [ 34.633474, 25.569402986510173 ], [ 34.647146, 25.522039986496853 ], [ 34.671397, 25.479721986485075 ], [ 34.681895, 25.428696986470964 ], [ 34.699962, 25.401027986463326 ], [ 34.743337, 25.351303986449814 ], [ 34.74936, 25.338812986446435 ], [ 34.7588, 25.309637986438524 ], [ 34.764985, 25.296087986434934 ], [ 34.794932, 25.25438098642374 ], [ 34.806895, 25.211614986412396 ], [ 34.853142, 25.138788986393276 ], [ 34.939138, 25.003362986358475 ], [ 34.943044, 24.971258986350325 ], [ 34.953725, 24.944141986343503 ], [ 34.969898, 24.926410986339068 ], [ 34.989757, 24.905014986333747 ], [ 34.993012, 24.886704986329189 ], [ 34.993907, 24.849310986319967 ], [ 34.996593, 24.830551986315367 ], [ 35.002208, 24.815618986311719 ], [ 35.010265, 24.804428986308981 ], [ 35.021821, 24.795151986306763 ], [ 35.037608, 24.785874986304506 ], [ 35.063487, 24.764105986299239 ], [ 35.08074, 24.735418986292352 ], [ 35.104015, 24.656886986273651 ], [ 35.109548, 24.6437849862706 ], [ 35.126964, 24.617661986264469 ], [ 35.146014, 24.585897986257045 ], [ 35.16027, 24.574617986254466 ], [ 35.160655, 24.558497986250739 ], [ 35.144445, 24.527674986243678 ], [ 35.144556, 24.500205986237376 ], [ 35.18572, 24.485662986234104 ], [ 35.235455, 24.400125986214888 ], [ 35.370616, 24.306097986194253 ], [ 35.391856, 24.282781986189264 ], [ 35.428645, 24.185952986168648 ], [ 35.455737, 24.158987986163005 ], [ 35.493828, 24.108899986152611 ], [ 35.510509, 24.111232986153059 ], [ 35.503082, 24.125106986155938 ], [ 35.493767, 24.138988986158807 ], [ 35.524189, 24.121274986155132 ], [ 35.552059, 24.110499986152917 ], [ 35.588372, 24.075836986145816 ], [ 35.602725, 24.048100986140181 ], [ 35.605261, 24.018816986134272 ], [ 35.635631, 24.001864986130883 ], [ 35.66685, 24.007252986131952 ], [ 35.691315, 24.001077986130749 ], [ 35.717479, 23.993354986129159 ], [ 35.738571, 23.983316986127175 ], [ 35.742073819865837, 23.979933682006994 ], [ 35.774825, 23.923911986115435 ], [ 35.750356, 23.932422986117128 ], [ 35.736012, 23.933208986117258 ], [ 35.699718, 23.917827986114276 ], [ 35.68452, 23.910915986112936 ], [ 35.664274, 23.918648986114405 ], [ 35.64575, 23.925561986115802 ], [ 35.627202, 23.928643986116395 ], [ 35.613711, 23.927101986116053 ], [ 35.598533, 23.929412986116539 ], [ 35.578301859185814, 23.938457775089308 ], [ 35.579981, 23.936348986117896 ], [ 35.578301859185814, 23.938457775089308 ], [ 35.573232, 23.944824986119563 ], [ 35.561778, 23.957179986121993 ], [ 35.551443, 23.960394986122648 ], [ 35.550548, 23.965480986123659 ], [ 35.535275, 23.971789986124872 ], [ 35.513927, 23.977117986125961 ], [ 35.504921, 23.971000986124757 ], [ 35.491222, 23.947576986120126 ], [ 35.483871, 23.917786986114258 ], [ 35.490658, 23.869995986104978 ], [ 35.481425, 23.828347986097036 ], [ 35.481089602802783, 23.826815325985844 ], [ 35.196896190013085, 23.866308398636789 ], [ 34.837477027032691, 23.840582184234346 ], [ 34.026519382898044, 23.724861843680365 ], [ 33.741445159800001, 23.686300264070589 ], [ 33.696691894200001, 23.686300264070589 ], [ 33.6232327130069, 23.712010629564716 ], [ 33.447565942263815, 23.789157533226984 ], [ 33.119264999211595, 23.789157533226987 ], [ 32.310385346290644, 23.712010629564713 ], [ 31.966799819141855, 23.699156766394236 ], [ 31.744575024652082, 23.737730221208409 ], [ 31.443530462045228, 23.673396465889738 ], [ 30.763567588913816, 23.441959377540734 ], [ 30.522306442199998, 23.364860521014982 ], [ 30.477582931799994, 23.364860521014982 ], [ 30.449172055413886, 23.40342153056665 ], [ 30.408684012006116, 23.519139582412205 ], [ 30.336966032061493, 23.596285260656984 ], [ 30.162227421240509, 23.712004457128561 ], [ 30.104906703735903, 23.776299705398007 ], [ 30.107755133913994, 23.853446609043058 ], [ 30.078865051599998, 23.87916754310675 ], [ 29.989326477400002, 23.87916754310675 ], [ 29.902158097565913, 23.943423241044655 ], [ 29.730151310947878, 24.136290394592375 ], [ 29.422848245514182, 24.303390261950671 ], [ 28.672165444440168, 24.611983109060883 ], [ 28.395019172523245, 24.804874668598057 ], [ 28.315211589926825, 25.074897659255697 ], [ 28.259684237931957, 25.190685306875352 ], [ 28.172781255925756, 25.267835643320069 ], [ 28.145257060004873, 25.332120989296808 ], [ 28.149645853844039, 25.44784819469529 ], [ 28.067220979243217, 25.640529843071374 ], [ 27.815561116672704, 26.103436926518722 ], [ 27.702198680878482, 26.270808810798268 ], [ 27.613718689999946, 26.309384554522168 ], [ 27.557294554481057, 26.399341493048176 ], [ 27.476576019655887, 26.630794579479346 ], [ 27.42017861543318, 26.720857225750322 ], [ 27.331631104804391, 26.759432969456554 ], [ 27.289186336048683, 26.8237020715999 ], [ 27.250451526227412, 26.978002689995837 ], [ 27.136625389453407, 27.132226571817778 ], [ 26.83361658907204, 27.440822795290678 ], [ 26.702432251, 27.543788897155753 ], [ 26.612120056, 27.543788897155753 ], [ 26.598133085368659, 27.569498563012793 ], [ 26.646522121844047, 27.646646609691722 ], [ 26.546568218470682, 27.77512745605949 ], [ 26.197957207160051, 28.083711076512746 ], [ 26.039669352997123, 28.263759960217651 ], [ 25.913733033242373, 28.49518899678435 ], [ 25.755418450356764, 28.675137264199222 ], [ 25.406073899669391, 28.983695686237485 ], [ 25.290606370037676, 29.112361946800874 ], [ 25.293922863107731, 29.189498549115505 ], [ 25.251330624175075, 29.253769491383853 ], [ 25.120167664575494, 29.369471515624369 ], [ 25.045607396804765, 29.395197087324267 ], [ 24.953166607804626, 29.356630499133296 ], [ 24.92399739602677, 29.382328133679849 ], [ 24.928945803692411, 29.498029012949715 ], [ 24.812833845280515, 29.61367920377765 ], [ 24.459169821487709, 29.845070460532515 ], [ 24.088444639718087, 30.037807341292435 ], [ 23.329005988652799, 30.384869100168551 ], [ 22.893203353599997, 30.500701892394051 ], [ 22.346523666399996, 30.500701892394051 ], [ 21.938431767365351, 30.552087677486998 ], [ 21.260251036038341, 30.706332208602674 ], [ 21.019664256439285, 30.783475773507355 ], [ 20.976666522849584, 30.860596353341009 ], [ 20.8863071442, 30.886310565573652 ], [ 20.658233260800007, 30.886310565573645 ], [ 20.456748177557142, 30.770479481420811 ], [ 20.081448508411839, 30.42343032596672 ], [ 19.895622466308453, 30.295037944558075 ], [ 19.712420880632234, 30.256475934411686 ], [ 19.635469098125967, 30.217908188955278 ], [ 19.587804472168404, 30.140783030849828 ], [ 19.404373333149131, 30.089365519360918 ], [ 18.901956101536022, 30.012238072803033 ], [ 18.735201397378113, 30.012238072803033 ], [ 18.737121712154821, 30.089365519360911 ], [ 18.769058929194831, 30.153628100374274 ], [ 18.902210752286436, 30.306842662372748 ], [ 18.925955, 30.293361988298923 ], [ 18.968028, 30.277736988291775 ], [ 19.056814, 30.266180988286521 ], [ 19.146007, 30.264715988285886 ], [ 19.239757, 30.273992988290082 ], [ 19.291637, 30.287054988296045 ], [ 19.338552, 30.298813988301422 ], [ 19.418956, 30.333237988317144 ], [ 19.530528, 30.39679598834622 ], [ 19.551036, 30.40493398835002 ], [ 19.596039, 30.412013988353245 ], [ 19.616384, 30.421372988357536 ], [ 19.748871, 30.510931988398767 ], [ 19.914317, 30.682928988478508 ], [ 19.958181, 30.749700988509691 ], [ 19.982188, 30.778631988523177 ], [ 20.018728, 30.803777988534922 ], [ 20.036469, 30.819077988542087 ], [ 20.099864, 30.935003988596584 ], [ 20.146658, 31.045558988648747 ], [ 20.152354, 31.08820198866901 ], [ 20.146658, 31.216782988730156 ], [ 20.128103, 31.242986988742675 ], [ 20.103282, 31.308742988774135 ], [ 20.082205, 31.336614988787403 ], [ 20.038341, 31.375880988806284 ], [ 20.022227, 31.396795988816287 ], [ 19.954845, 31.559474988894738 ], [ 19.948904, 31.601019988914818 ], [ 19.948009, 31.645086988936185 ], [ 19.944347, 31.661443988944132 ], [ 19.926931, 31.699163988962439 ], [ 19.920665, 31.717718988971459 ], [ 19.917247, 31.759222988991631 ], [ 19.919688, 31.804673989013839 ], [ 19.934337, 31.888413989054708 ], [ 19.948009, 31.925970989073125 ], [ 19.945811, 31.935980989078029 ], [ 19.941742, 31.946925989083351 ], [ 19.940115, 31.957749989088661 ], [ 19.944591, 31.96751498909348 ], [ 19.957205, 31.982732989100931 ], [ 20.048025, 32.146063989181272 ], [ 20.071544, 32.176417989196253 ], [ 20.261729, 32.339544989277059 ], [ 20.277192, 32.360825989287591 ], [ 20.32545, 32.409816989311913 ], [ 20.345714, 32.419907989316926 ], [ 20.385509, 32.434637989324266 ], [ 20.403331, 32.447332989330604 ], [ 20.416759, 32.459458989336611 ], [ 20.562673, 32.557846989385695 ], [ 20.79656, 32.643011989428224 ], [ 20.934093, 32.722601989468096 ], [ 21.050955, 32.772283989493026 ], [ 21.09669, 32.781072989497446 ], [ 21.286794, 32.771144989492456 ], [ 21.331879, 32.774643989494194 ], [ 21.414806, 32.793401989503607 ], [ 21.4546, 32.81256698951325 ], [ 21.608653, 32.930731989572692 ], [ 21.62322, 32.936753989575728 ], [ 21.671723, 32.939886989577303 ], [ 21.716319, 32.950384989582624 ], [ 21.743663, 32.930853989572753 ], [ 21.787446, 32.915960989565264 ], [ 21.836111, 32.906561989560501 ], [ 21.877452, 32.903224989558858 ], [ 22.096202, 32.923081989568814 ], [ 22.101329, 32.926417989570538 ], [ 22.111827, 32.940903989577812 ], [ 22.11671, 32.944158989579464 ], [ 22.138845, 32.947576989581172 ], [ 22.149587, 32.947942989581328 ], [ 22.161388, 32.944158989579464 ], [ 22.169444, 32.938217989576451 ], [ 22.171072, 32.932928989573831 ], [ 22.171072, 32.926255989570429 ], [ 22.175059, 32.91624598956539 ], [ 22.206798, 32.888128989551255 ], [ 22.247325, 32.880844989547604 ], [ 22.33961, 32.882147989548223 ], [ 22.379161, 32.870346989542277 ], [ 22.477306, 32.807073989510492 ], [ 22.496755, 32.797308989505574 ], [ 22.513845, 32.790960989502359 ], [ 22.532237, 32.787542989500629 ], [ 22.578868, 32.784612989499223 ], [ 22.812511, 32.724513989469038 ], [ 22.86671, 32.694158989453861 ], [ 22.884532, 32.68976498945166 ], [ 22.895844, 32.688177989450871 ], [ 22.92921, 32.676702989445076 ], [ 22.942638, 32.675034989444292 ], [ 22.976899, 32.676702989445076 ], [ 22.999685, 32.670558989442021 ], [ 23.041352, 32.652532989432977 ], [ 23.086436, 32.646469989429981 ], [ 23.10613, 32.639837989426617 ], [ 23.118663, 32.629339989421368 ], [ 23.120942, 32.615219989414314 ], [ 23.115245, 32.604925989409189 ], [ 23.097911, 32.586655989400072 ], [ 23.094412, 32.577378989395399 ], [ 23.103852, 32.516342989364979 ], [ 23.113292, 32.500799989357191 ], [ 23.128673, 32.488470989351079 ], [ 23.148936, 32.478094989345927 ], [ 23.140961, 32.458563989336184 ], [ 23.094412, 32.436468989325192 ], [ 23.079112, 32.354437989284406 ], [ 23.080577, 32.334051989274286 ], [ 23.095551, 32.323553989269087 ], [ 23.156505, 32.303533989259179 ], [ 23.178966, 32.299953989257368 ], [ 23.195079, 32.291652989253286 ], [ 23.214529, 32.272405989243744 ], [ 23.230805, 32.250636989232952 ], [ 23.2435, 32.220607989218117 ], [ 23.257335, 32.213771989214699 ], [ 23.273204, 32.209702989212701 ], [ 23.285411, 32.20376198920976 ], [ 23.293224, 32.192327989204131 ], [ 23.302501, 32.170721989193474 ], [ 23.312185, 32.162745989189496 ], [ 23.310395, 32.179266989197693 ], [ 23.36199, 32.217107989216352 ], [ 23.37086, 32.214015989214865 ], [ 23.398936, 32.194036989204989 ], [ 23.405284, 32.190659989203311 ], [ 23.531098, 32.18138298919871 ], [ 23.669688, 32.183253989199656 ], [ 23.840343, 32.149114989182813 ], [ 23.975271, 32.074204989145898 ], [ 23.970714, 32.066595989142122 ], [ 23.97877, 32.062241989139999 ], [ 24.004893, 32.052923989135429 ], [ 24.067882, 32.011175989114896 ], [ 24.090668, 32.005763989112204 ], [ 24.280935, 32.00755398911312 ], [ 24.546072, 31.9914409891052 ], [ 24.636241, 32.014878989116703 ], [ 24.658539, 32.028631989123475 ], [ 24.670258, 32.032415989125361 ], [ 24.710623, 32.025579989121972 ], [ 24.718598, 32.027532989122911 ], [ 24.726329, 32.031316989124811 ], [ 24.733735, 32.033148989125664 ], [ 24.741873, 32.028997989123617 ], [ 24.74586, 32.026189989122273 ], [ 24.758067, 32.019964989119181 ], [ 24.771983, 32.016749989117621 ], [ 24.791759, 32.007757989113216 ], [ 24.824392, 32.002996989110834 ], [ 24.865408, 31.989324989104148 ], [ 24.9817, 31.9679219890937 ], [ 25.017914, 31.949041989084382 ], [ 25.033376, 31.916326989068381 ], [ 25.024425, 31.876613989048973 ], [ 25.022227, 31.854681989038237 ], [ 25.029552, 31.836899989029501 ], [ 25.063731, 31.804103989013537 ], [ 25.116873, 31.737981988981321 ], [ 25.122081, 31.720851988972989 ], [ 25.136729, 31.692571988959262 ], [ 25.156261, 31.663071988944875 ], [ 25.152517, 31.659816988943316 ], [ 25.15089, 31.656479988941683 ], [ 25.149425, 31.64887098893799 ], [ 25.161794, 31.583563988906342 ], [ 25.172862, 31.55158098889089 ], [ 25.190929, 31.531479988881191 ], [ 25.212576, 31.526352988878749 ], [ 25.263438, 31.523667988877403 ], [ 25.302094, 31.506536988869147 ], [ 25.322765, 31.506414988869132 ], [ 25.3685, 31.512273988871922 ], [ 25.378103, 31.509710988870669 ], [ 25.389659, 31.50511298886844 ], [ 25.401866, 31.503159988867502 ], [ 25.420177, 31.512192988871856 ], [ 25.444835, 31.517645988874499 ], [ 25.473888, 31.520493988875874 ], [ 25.636485, 31.560695988895311 ], [ 25.824067, 31.61493598892157 ], [ 25.868826, 31.62091698892446 ], [ 25.966807, 31.616603988922382 ], [ 26.362153, 31.521917988876609 ], [ 26.650645, 31.488755988860557 ], [ 26.667247, 31.480942988856821 ], [ 26.683116, 31.47622298885452 ], [ 26.732921, 31.479233988855952 ], [ 26.753184, 31.477483988855127 ], [ 26.824718, 31.447820988840864 ], [ 26.865733, 31.43683498883555 ], [ 26.911632, 31.436509988835422 ], [ 26.947927, 31.448227988841051 ], [ 26.965505, 31.449651988841712 ], [ 26.982595, 31.439926988837076 ], [ 26.99643, 31.428696988831653 ], [ 27.006521, 31.425034988829896 ], [ 27.015798, 31.424464988829602 ], [ 27.027029, 31.422267988828555 ], [ 27.054373, 31.408636988822014 ], [ 27.117361, 31.39044798881325 ], [ 27.185069, 31.384344988810344 ], [ 27.209972, 31.378118988807323 ], [ 27.226248, 31.367661988802322 ], [ 27.232432, 31.372259988804554 ], [ 27.242035, 31.377345988807008 ], [ 27.257986, 31.380031988808259 ], [ 27.320649, 31.381007988808719 ], [ 27.327485, 31.37921798880787 ], [ 27.334809, 31.375148988805883 ], [ 27.342296, 31.368231988802606 ], [ 27.34197, 31.364650988800857 ], [ 27.340099, 31.360988988799118 ], [ 27.342296, 31.35398998879576 ], [ 27.349783, 31.341294988789681 ], [ 27.35434, 31.335760988787015 ], [ 27.359386, 31.333481988785916 ], [ 27.362315, 31.330511988784519 ], [ 27.36378, 31.315496988777308 ], [ 27.366466, 31.309637988774544 ], [ 27.373546, 31.298406988769148 ], [ 27.383474, 31.268499988754844 ], [ 27.393565, 31.254705988748221 ], [ 27.417491, 31.237208988739898 ], [ 27.4463, 31.223211988733205 ], [ 27.478038, 31.213934988728763 ], [ 27.540538, 31.205755988724899 ], [ 27.56544, 31.196966988720721 ], [ 27.587738, 31.193100988718875 ], [ 27.609874, 31.203191988723663 ], [ 27.66033, 31.180242988712696 ], [ 27.719493, 31.189275988717007 ], [ 27.835704, 31.237941988740229 ], [ 27.852875, 31.240301988741365 ], [ 27.863292, 31.23354698873813 ], [ 27.8685, 31.219386988731355 ], [ 27.869884, 31.199773988722043 ], [ 27.872732, 31.191595988718152 ], [ 27.89031, 31.155421988700905 ], [ 27.894298, 31.122625988685321 ], [ 27.897146, 31.114406988681431 ], [ 27.926931, 31.099025988674136 ], [ 27.975108, 31.093084988671286 ], [ 28.154552, 31.093328988671406 ], [ 28.16627, 31.090765988670178 ], [ 28.175304, 31.084905988667415 ], [ 28.183279, 31.078314988664285 ], [ 28.191417, 31.07343198866198 ], [ 28.203868, 31.070501988660585 ], [ 28.233572, 31.07343198866198 ], [ 28.256358, 31.071274988660971 ], [ 28.299083, 31.061956988656537 ], [ 28.31837, 31.059800988655514 ], [ 28.338634, 31.064113988657599 ], [ 28.382091, 31.082749988666421 ], [ 28.404959, 31.086492988668166 ], [ 28.424327, 31.08344098866673 ], [ 28.442231, 31.076401988663381 ], [ 28.457774, 31.066839988658852 ], [ 28.469737, 31.056056988653747 ], [ 28.478526, 31.051824988651749 ], [ 28.514171, 31.052313988651996 ], [ 28.527599, 31.050115988650926 ], [ 28.538259, 31.046535988649218 ], [ 28.555024, 31.038722988645521 ], [ 28.732677, 30.984075988619743 ], [ 28.76824, 30.966701988611536 ], [ 28.787771, 30.959661988608207 ], [ 28.812022, 30.956772988606815 ], [ 28.818044, 30.951157988604177 ], [ 28.824962, 30.924464988591613 ], [ 28.828868, 30.915187988587245 ], [ 28.835704, 30.910792988585204 ], [ 28.85434, 30.905950988582894 ], [ 29.028087, 30.827052988545827 ], [ 29.18922, 30.833237988548738 ], [ 29.218923, 30.838038988551006 ], [ 29.355724, 30.895086988577802 ], [ 29.503266, 30.956691988606782 ], [ 29.556326, 30.990911988622944 ], [ 29.598074, 31.009507988631693 ], [ 29.60377, 31.012029988632904 ], [ 29.611013, 31.021917988637625 ], [ 29.618663, 31.029282988641061 ], [ 29.765961, 31.121567988684841 ], [ 29.781505, 31.147934988697344 ], [ 29.809337, 31.142319988694666 ], [ 29.83839, 31.154119988700273 ], [ 29.884613, 31.189520988717138 ], [ 29.875662, 31.200872988722558 ], [ 29.871837, 31.200140988722215 ], [ 29.869151, 31.206487988725243 ], [ 29.876964, 31.213567988728613 ], [ 29.884776, 31.213771988728716 ], [ 29.89088, 31.203191988723663 ], [ 29.898204, 31.203191988723663 ], [ 29.909679, 31.214096988728862 ], [ 29.956228, 31.250066988746042 ], [ 29.969981, 31.257798988749705 ], [ 29.983165, 31.263250988752301 ], [ 30.003103, 31.287094988763705 ], [ 30.011241, 31.292547988766351 ], [ 30.025076, 31.294866988767421 ], [ 30.03297, 31.300359988770108 ], [ 30.039561, 31.307114988773307 ], [ 30.049083, 31.313055988776117 ], [ 30.069591, 31.333481988785916 ], [ 30.066661, 31.304876988772264 ], [ 30.0949, 31.285589988762997 ], [ 30.098481, 31.284653988762571 ], [ 30.135997, 31.274847988757855 ], [ 30.172618, 31.271429988756243 ], [ 30.164399, 31.266994988754114 ], [ 30.153087, 31.25584498874883 ], [ 30.144705, 31.251613988746758 ], [ 30.144054, 31.246567988744349 ], [ 30.145518, 31.245102988743689 ], [ 30.148611, 31.245062988743619 ], [ 30.15211, 31.244126988743208 ], [ 30.140147, 31.237249988739883 ], [ 30.143728, 31.229477988736175 ], [ 30.154633, 31.2221539887327 ], [ 30.165212, 31.216782988730156 ], [ 30.206798, 31.237941988740229 ], [ 30.201671, 31.226507988734774 ], [ 30.207205, 31.220892988732107 ], [ 30.215831, 31.219386988731355 ], [ 30.22047, 31.220200988731762 ], [ 30.224376, 31.226873988734951 ], [ 30.254568, 31.251613988746758 ], [ 30.257335, 31.246811988744462 ], [ 30.258067, 31.246404988744271 ], [ 30.261404, 31.244126988743208 ], [ 30.263845, 31.249904988745961 ], [ 30.265961, 31.25324098874756 ], [ 30.267751, 31.257309988749508 ], [ 30.268809, 31.265285988753305 ], [ 30.275076, 31.265285988753305 ], [ 30.274587, 31.254542988748135 ], [ 30.276622, 31.246404988744271 ], [ 30.281423, 31.240911988741679 ], [ 30.288748, 31.237941988740229 ], [ 30.292735, 31.244573988743436 ], [ 30.302989, 31.271429988756243 ], [ 30.287608, 31.278224988759479 ], [ 30.277019353503125, 31.276033980378617 ], [ 30.216563, 31.28644398876343 ], [ 30.25172, 31.303411988771533 ], [ 30.312836, 31.350571988794147 ], [ 30.334483, 31.381007988808719 ], [ 30.348399, 31.421331988828122 ], [ 30.352387, 31.463201988848255 ], [ 30.355724, 31.478826988855793 ], [ 30.364594, 31.46010998884676 ], [ 30.378429, 31.446681988840293 ], [ 30.398611, 31.443344988838675 ], [ 30.370616, 31.461614988847487 ], [ 30.36114099535612, 31.480384291483656 ], [ 30.398611, 31.491155988861745 ], [ 30.425629, 31.4736189888533 ], [ 30.456391, 31.462713988848048 ], [ 30.492524, 31.459214988846313 ], [ 30.535818, 31.463852988848576 ], [ 30.557872, 31.422186988828539 ], [ 30.542654, 31.402410988818986 ], [ 30.542654, 31.394964988815435 ], [ 30.563243, 31.390203988813123 ], [ 30.570323, 31.390081988813094 ], [ 30.576671, 31.394964988815435 ], [ 30.583507, 31.394964988815435 ], [ 30.598643, 31.387355988811759 ], [ 30.62672, 31.388657988812419 ], [ 30.653819, 31.395818988815861 ], [ 30.666026, 31.405503988820509 ], [ 30.675059, 31.421575988828216 ], [ 30.695079, 31.416896988825993 ], [ 30.715994, 31.402085988818822 ], [ 30.72755, 31.388128988812138 ], [ 30.734386, 31.388128988812138 ], [ 30.740733, 31.405503988820509 ], [ 30.756196, 31.422999988828924 ], [ 30.774669, 31.43683498883555 ], [ 30.789561, 31.443344988838675 ], [ 30.798513, 31.446478988840255 ], [ 30.809581, 31.442083988838078 ], [ 30.822602, 31.434718988834529 ], [ 30.837413, 31.429144988831865 ], [ 30.846853, 31.430161988832388 ], [ 30.859711, 31.433335988833871 ], [ 30.873709, 31.434515988834438 ], [ 30.885753, 31.429144988831865 ], [ 30.88266, 31.428126988831362 ], [ 30.879893, 31.428167988831412 ], [ 30.878429, 31.426987988830831 ], [ 30.878917, 31.422267988828555 ], [ 30.892426, 31.419093988827051 ], [ 30.909434, 31.423813988829302 ], [ 30.926443, 31.433050988833752 ], [ 30.939708, 31.443344988838675 ], [ 30.937266, 31.444402988839183 ], [ 30.934825, 31.444240988839141 ], [ 30.933279, 31.44513598883956 ], [ 30.933604, 31.449611988841706 ], [ 30.937022, 31.451727988842759 ], [ 30.937511, 31.452622988843167 ], [ 30.937673, 31.453802988843741 ], [ 30.939708, 31.457016988845279 ], [ 30.973969, 31.444077988839034 ], [ 30.980724, 31.436509988835422 ], [ 30.990001, 31.443263988838673 ], [ 30.996918, 31.451116988842436 ], [ 31.008067, 31.471339988852201 ], [ 31.002208, 31.4796409888562 ], [ 31.005707, 31.486232988859346 ], [ 31.021739, 31.497991988865049 ], [ 31.024669, 31.504054988867967 ], [ 31.023611, 31.509181988870452 ], [ 31.023285, 31.513820988872659 ], [ 31.029145, 31.518499988874932 ], [ 31.034923, 31.519679988875506 ], [ 31.0713, 31.517319988874387 ], [ 31.08074, 31.514227988872879 ], [ 31.097423, 31.504827988868314 ], [ 31.100108, 31.501043988866524 ], [ 31.099783, 31.496404988864281 ], [ 31.101573, 31.492498988862394 ], [ 31.111095, 31.491155988861745 ], [ 31.119151, 31.493108988862705 ], [ 31.125255, 31.497788988864951 ], [ 31.129242, 31.504461988868165 ], [ 31.111095, 31.512273988871922 ], [ 31.117524, 31.516017988873738 ], [ 31.123546, 31.517889988874618 ], [ 31.130382, 31.516994988874227 ], [ 31.220958, 31.579900988904608 ], [ 31.349946, 31.529648988880293 ], [ 31.378591, 31.518499988874932 ], [ 31.419607, 31.491155988861745 ], [ 31.523692, 31.449651988841712 ], [ 31.556814, 31.443344988838675 ], [ 31.571625, 31.443751988838883 ], [ 31.597423, 31.444484988839225 ], [ 31.748302, 31.481593988857142 ], [ 31.837901, 31.525335988878201 ], [ 31.850922, 31.518499988874932 ], [ 31.851329, 31.510646988871155 ], [ 31.849457, 31.505071988868444 ], [ 31.844737, 31.497991988865049 ], [ 31.859711, 31.48688398885967 ], [ 31.875011, 31.463323988848316 ], [ 31.872081, 31.449611988841706 ], [ 31.872081, 31.443344988838675 ], [ 31.872081, 31.429144988831865 ], [ 31.868663, 31.441351988837759 ], [ 31.862071, 31.450587988842194 ], [ 31.851899, 31.45612198884486 ], [ 31.837901, 31.457016988845279 ], [ 31.841645, 31.464503988848886 ], [ 31.837657, 31.465480988849354 ], [ 31.830414, 31.458807988846161 ], [ 31.824229, 31.443344988838675 ], [ 31.830414, 31.442571988838353 ], [ 31.833751, 31.443792988838887 ], [ 31.837901, 31.449611988841706 ], [ 31.844981, 31.444809988839424 ], [ 31.850597, 31.442938988838513 ], [ 31.858409, 31.443344988838675 ], [ 31.858409, 31.436509988835422 ], [ 31.850922, 31.436509988835422 ], [ 31.850922, 31.429144988831865 ], [ 31.854828, 31.423162988828974 ], [ 31.860606, 31.419012988826999 ], [ 31.868419, 31.416570988825821 ], [ 31.861664, 31.407619988821555 ], [ 31.854171161105796, 31.409155085973527 ], [ 31.851736, 31.409653988822459 ], [ 31.844737, 31.416082988825579 ], [ 31.837901, 31.416082988825579 ], [ 31.838552, 31.4108339888231 ], [ 31.836681, 31.409653988822459 ], [ 31.833669, 31.409816988822591 ], [ 31.830414, 31.408636988822014 ], [ 31.834972, 31.405747988820622 ], [ 31.838552, 31.402492988819031 ], [ 31.844737, 31.394964988815435 ], [ 31.83074, 31.37978798880814 ], [ 31.827891, 31.368353988802667 ], [ 31.836925, 31.361883988799558 ], [ 31.84183496344826, 31.361790972882257 ], [ 31.858409, 31.35398998879576 ], [ 31.845063, 31.356186988796843 ], [ 31.834158, 31.359930988798617 ], [ 31.825043, 31.360662988798993 ], [ 31.816742, 31.35398998879576 ], [ 31.810557, 31.35398998879576 ], [ 31.803884, 31.36005298879866 ], [ 31.797211, 31.359523988798433 ], [ 31.792247, 31.353582988795559 ], [ 31.790212, 31.3434509887907 ], [ 31.794281, 31.338445988788319 ], [ 31.80128, 31.334865988786593 ], [ 31.802745, 31.331284988784898 ], [ 31.790212, 31.326645988782641 ], [ 31.790212, 31.320501988779728 ], [ 31.795909, 31.310980988775128 ], [ 31.78891, 31.307439988773442 ], [ 31.777517, 31.304998988772301 ], [ 31.769054, 31.298773988769309 ], [ 31.766938, 31.284653988762571 ], [ 31.773204, 31.275864988758336 ], [ 31.78419, 31.273382988757167 ], [ 31.794932, 31.27769598875922 ], [ 31.796397, 31.278265988759497 ], [ 31.804373, 31.279974988760319 ], [ 31.811209, 31.278712988759711 ], [ 31.820567, 31.278265988759497 ], [ 31.828624, 31.274114988757521 ], [ 31.830251, 31.2648789887531 ], [ 31.830333, 31.255763988748757 ], [ 31.834158, 31.251613988746758 ], [ 31.845388, 31.24896898874551 ], [ 31.861013, 31.242376988742336 ], [ 31.875987, 31.233302988738004 ], [ 31.885753, 31.22361898873341 ], [ 31.893403, 31.239935988741216 ], [ 31.898611, 31.246648988744383 ], [ 31.906261, 31.251613988746758 ], [ 31.90211, 31.242335988742347 ], [ 31.900645, 31.236069988739359 ], [ 31.902029, 31.230617988736725 ], [ 31.906261, 31.22361898873341 ], [ 31.892589, 31.22361898873341 ], [ 31.892589, 31.216782988730156 ], [ 31.906261, 31.216782988730156 ], [ 31.903005, 31.214585988729102 ], [ 31.900157, 31.213038988728336 ], [ 31.898448, 31.209905988726884 ], [ 31.899425, 31.203191988723663 ], [ 31.904145, 31.203842988723963 ], [ 31.906912, 31.205633988724845 ], [ 31.914236, 31.208969988726395 ], [ 31.91391, 31.206487988725243 ], [ 31.91505, 31.204249988724136 ], [ 31.91977, 31.203191988723663 ], [ 31.926606, 31.210638988727236 ], [ 31.921641, 31.196478988720475 ], [ 31.926443, 31.186997988715977 ], [ 31.934744, 31.187566988716249 ], [ 31.940278, 31.203191988723663 ], [ 31.951915, 31.204575988724336 ], [ 31.96754, 31.218816988731131 ], [ 31.994965, 31.216782988730156 ], [ 32.009288, 31.210638988727236 ], [ 32.03712, 31.210638988727236 ], [ 32.03297, 31.206203988725083 ], [ 32.031261, 31.202866988723514 ], [ 32.029633, 31.189520988717138 ], [ 32.042328, 31.187933988716388 ], [ 32.040375, 31.18231798871372 ], [ 32.036794, 31.178615988711936 ], [ 32.029633, 31.175848988710609 ], [ 32.029633, 31.169622988707687 ], [ 32.036388, 31.161077988703607 ], [ 32.036876, 31.150294988698491 ], [ 32.016124, 31.134913988691189 ], [ 32.016124, 31.128078988687911 ], [ 32.026866, 31.127671988687712 ], [ 32.035167, 31.129705988688681 ], [ 32.051443, 31.131170988689373 ], [ 32.052338, 31.128769988688248 ], [ 32.054535, 31.122991988685541 ], [ 32.060557, 31.117376988682842 ], [ 32.070079, 31.114406988681431 ], [ 32.070079, 31.106919988677863 ], [ 32.059906, 31.104640988676767 ], [ 32.052582, 31.100774988674932 ], [ 32.047618, 31.094874988672139 ], [ 32.043956, 31.086492988668166 ], [ 32.049001, 31.084539988667238 ], [ 32.056977, 31.079656988664908 ], [ 32.06658, 31.084946988667404 ], [ 32.075531, 31.086370988668126 ], [ 32.083751, 31.084417988667216 ], [ 32.090587, 31.079656988664908 ], [ 32.090587, 31.07343198866198 ], [ 32.083751, 31.07343198866198 ], [ 32.083751, 31.065984988658439 ], [ 32.093761, 31.058538988654924 ], [ 32.106456, 31.053370988652439 ], [ 32.119802, 31.052923988652289 ], [ 32.132091, 31.059800988655514 ], [ 32.132091, 31.065984988658439 ], [ 32.117442, 31.0663109886586 ], [ 32.107432, 31.072820988661739 ], [ 32.133149, 31.081731988665901 ], [ 32.142589, 31.080267988665213 ], [ 32.146332, 31.079656988664908 ], [ 32.154307, 31.093816988671637 ], [ 32.159434, 31.093328988671406 ], [ 32.16684, 31.108343988678559 ], [ 32.169688, 31.107122988677965 ], [ 32.174164, 31.107570988678159 ], [ 32.179942, 31.106919988677863 ], [ 32.194835, 31.125799988686843 ], [ 32.20574, 31.10919798867894 ], [ 32.218516, 31.105210988677065 ], [ 32.234141, 31.104884988676915 ], [ 32.24822, 31.106919988677863 ], [ 32.272227, 31.118882988683538 ], [ 32.283458, 31.136541988691931 ], [ 32.280528, 31.154974988700697 ], [ 32.262462, 31.169622988707687 ], [ 32.286469, 31.170355988708021 ], [ 32.287364, 31.170151988707914 ], [ 32.289806, 31.169622988707687 ], [ 32.29477, 31.199367988721843 ], [ 32.295095, 31.213364988728493 ], [ 32.292557194494599, 31.221564726034885 ], [ 32.359141, 31.233465988738129 ], [ 32.389903, 31.226507988734774 ], [ 32.401378, 31.21710798873027 ], [ 32.420177, 31.196356988720407 ], [ 32.462657, 31.161037988703562 ], [ 32.481212, 31.148870988697812 ], [ 32.509532, 31.106919988677863 ], [ 32.535818, 31.086614988668206 ], [ 32.565684, 31.070542988660609 ], [ 32.599701, 31.061509988656347 ], [ 32.601573, 31.060980988656112 ], [ 32.645518, 31.059800988655514 ], [ 32.687511, 31.064438988657745 ], [ 32.761974, 31.081203988665678 ], [ 32.793421398790151, 31.094521730946624 ], [ 32.80714, 31.093328988671406 ], [ 32.752452, 31.071356988661016 ], [ 32.666515, 31.052313988651996 ], [ 32.715017, 31.052313988651996 ], [ 32.715017, 31.045558988648747 ], [ 32.700694, 31.038722988645521 ], [ 32.731293, 31.038763988645574 ], [ 32.742849, 31.042628988647376 ], [ 32.749197, 31.052313988651996 ], [ 32.755382, 31.052313988651996 ], [ 32.756196, 31.046535988649218 ], [ 32.759451, 31.04559998864876 ], [ 32.763845, 31.046331988649143 ], [ 32.769542, 31.045558988648747 ], [ 32.798867690000264, 31.061813209949548 ], [ 32.831065, 31.079656988664908 ], [ 32.882823, 31.093572988671557 ], [ 32.893077, 31.100774988674932 ], [ 32.899262, 31.100774988674932 ], [ 32.903494, 31.095444988672408 ], [ 32.917735, 31.092230988670913 ], [ 32.914399, 31.087306988668569 ], [ 32.906749, 31.086492988668166 ], [ 32.906749, 31.079656988664908 ], [ 32.917247, 31.082830988666448 ], [ 32.940929, 31.093328988671406 ], [ 32.959483, 31.098455988673869 ], [ 32.968761, 31.086492988668166 ], [ 32.971202, 31.080877988665513 ], [ 32.973318, 31.071030988660866 ], [ 32.975108, 31.065984988658439 ], [ 32.961274, 31.065984988658439 ], [ 32.994477, 31.055568988653491 ], [ 33.009939, 31.056300988653835 ], [ 33.023448, 31.065984988658439 ], [ 33.047862, 31.095119988672241 ], [ 33.057465, 31.100774988674932 ], [ 33.060069, 31.123927988685928 ], [ 33.064301, 31.134913988691189 ], [ 33.078624, 31.175848988710609 ], [ 33.09783, 31.191554988718142 ], [ 33.126475, 31.189520988717138 ], [ 33.098643, 31.189520988717138 ], [ 33.098643, 31.183294988714206 ], [ 33.111095, 31.17535998871038 ], [ 33.146983, 31.134913988691189 ], [ 33.157725, 31.117864988683049 ], [ 33.153575, 31.112371988680444 ], [ 33.140961, 31.109604988679131 ], [ 33.126475, 31.100774988674932 ], [ 33.125255, 31.103257988676162 ], [ 33.125255, 31.105901988677388 ], [ 33.124034, 31.107570988678159 ], [ 33.118988, 31.106919988677863 ], [ 33.118988, 31.100774988674932 ], [ 33.135753, 31.090765988670178 ], [ 33.144705, 31.077866988664084 ], [ 33.144298, 31.062566988656851 ], [ 33.133311, 31.045558988648747 ], [ 33.169119, 31.058009988654696 ], [ 33.187673, 31.061671988656421 ], [ 33.200938, 31.059800988655514 ], [ 33.207693, 31.061020988656139 ], [ 33.212413, 31.060980988656112 ], [ 33.221446, 31.059800988655514 ], [ 33.221446, 31.065984988658439 ], [ 33.207774, 31.07343198866198 ], [ 33.200938, 31.07343198866198 ], [ 33.200938, 31.065984988658439 ], [ 33.194835, 31.065984988658439 ], [ 33.194835, 31.07343198866198 ], [ 33.247895, 31.091253988670449 ], [ 33.262462, 31.100774988674932 ], [ 33.269786, 31.100774988674932 ], [ 33.262462, 31.093328988671406 ], [ 33.269786, 31.086492988668166 ], [ 33.277192, 31.092107988670854 ], [ 33.285411, 31.092718988671152 ], [ 33.292491, 31.088445988669097 ], [ 33.29656, 31.079656988664908 ], [ 33.303966, 31.079656988664908 ], [ 33.304861, 31.088120988668969 ], [ 33.304535, 31.098211988673725 ], [ 33.303233, 31.099798988674507 ], [ 33.317638, 31.100774988674932 ], [ 33.308116, 31.105128988677027 ], [ 33.298188, 31.103908988676473 ], [ 33.288748, 31.104884988676915 ], [ 33.277192, 31.106919988677863 ], [ 33.386485, 31.114406988681431 ], [ 33.377696, 31.132553988690063 ], [ 33.390636, 31.136216988691793 ], [ 33.406423, 31.137273988692264 ], [ 33.406423, 31.155421988700905 ], [ 33.417247, 31.150783988698713 ], [ 33.420665, 31.147934988697344 ], [ 33.427501, 31.147934988697344 ], [ 33.440153745772754, 31.151002065509417 ], [ 33.480805, 31.133245988690376 ], [ 33.499522, 31.128078988687911 ], [ 33.57252, 31.121567988684841 ], [ 33.592052, 31.114406988681431 ], [ 33.614757, 31.115382988681901 ], [ 33.64796, 31.117254988682756 ], [ 33.85434, 31.163478988704757 ], [ 34.047048, 31.229192988736067 ], [ 34.198497, 31.313299988776269 ], [ 34.200287, 31.314275988776732 ], [ 34.222667, 31.326645988782641 ], [ 34.236664, 31.342352988790186 ], [ 34.281423, 31.376694988806641 ], [ 34.301606, 31.407700988821595 ], [ 34.348399, 31.437648988835942 ], [ 34.368175, 31.468165988850675 ], [ 34.44337, 31.534572988882665 ], [ 34.47877, 31.578273988903785 ], [ 34.481212, 31.583156988906158 ], [ 34.489513, 31.600408988914534 ], [ 34.513927, 31.627142988927481 ], [ 34.602712, 31.757757988990917 ], [ 34.60963, 31.765529988994725 ], [ 34.665945, 31.873886989047637 ], [ 34.693207, 31.926458989073335 ], [ 34.711925, 31.951605989085653 ], [ 34.743337, 32.039861989129008 ], [ 34.743988, 32.044622989131341 ], [ 34.742686, 32.055608989136708 ], [ 34.743337, 32.060369989139055 ], [ 34.757009, 32.066595989142122 ], [ 34.837657, 32.280706989247861 ], [ 34.87318, 32.430303989322098 ], [ 34.904145, 32.560613989387065 ], [ 34.909841, 32.57025798939187 ], [ 34.915863, 32.614894989414168 ], [ 34.920909, 32.628240989420867 ], [ 34.919119, 32.642970989428207 ], [ 34.942068, 32.724513989469038 ], [ 34.94752, 32.81415398951404 ], [ 34.955577, 32.834376989524195 ], [ 34.97047, 32.841375989527734 ], [ 34.983165, 32.838771989526386 ], [ 35.003429, 32.827540989520756 ], [ 35.018728, 32.825018989519471 ], [ 35.02768, 32.826605989520274 ], [ 35.062755, 32.85834398953623 ], [ 35.067068, 32.866847989540503 ], [ 35.075531, 32.893092989553772 ], [ 35.0796, 32.905828989560142 ], [ 35.07781, 32.917872989566213 ], [ 35.06544, 32.923081989568814 ], [ 35.071544, 32.937933989576294 ], [ 35.078461, 32.99884698960701 ], [ 35.09197, 33.031194989623337 ], [ 35.096202, 33.050359989633037 ], [ 35.092133, 33.067693989641818 ], [ 35.096446, 33.071356989643668 ], [ 35.101817, 33.077622989646805 ], [ 35.106456, 33.080755989648388 ], [ 35.09962, 33.087591989651862 ], [ 35.104259, 33.088527989652299 ], [ 35.105235, 33.08901598965258 ], [ 35.105235, 33.090643989653415 ], [ 35.106456, 33.095037989655594 ], [ 35.100434, 33.098211989657202 ], [ 35.09962, 33.101263989658754 ], [ 35.105805, 33.112453989664445 ], [ 35.114757, 33.123724989670123 ], [ 35.125499, 33.132513989674585 ], [ 35.147634, 33.140325989678573 ], [ 35.154796, 33.150294989683566 ], [ 35.160981, 33.16168898968936 ], [ 35.167817, 33.170151989693622 ], [ 35.174653, 33.170151989693622 ], [ 35.204763, 33.2247989897213 ], [ 35.209158, 33.254624989736456 ], [ 35.188324, 33.280014989749318 ], [ 35.209727, 33.293401989756113 ], [ 35.224783, 33.311997989765558 ], [ 35.243663, 33.355698989787776 ], [ 35.246104, 33.368882989794464 ], [ 35.246755, 33.395818989808177 ], [ 35.250499, 33.409734989815199 ], [ 35.268728, 33.432602989826876 ], [ 35.275076, 33.444972989833154 ], [ 35.271007, 33.457505989839575 ], [ 35.323009, 33.490911989856571 ], [ 35.349132, 33.513860989868235 ], [ 35.360362, 33.543442989883346 ], [ 35.362478, 33.556341989889923 ], [ 35.400645, 33.643133989934249 ], [ 35.394379, 33.649969989937709 ], [ 35.409923, 33.661281989943468 ], [ 35.421641, 33.702337989964448 ], [ 35.438487, 33.711370989969069 ], [ 35.437836, 33.72337498997522 ], [ 35.477306, 33.803899990016454 ], [ 35.481293, 33.823675990026572 ], [ 35.481926326065327, 33.839087843665396 ], [ 35.570248942396496, 33.909451945479283 ], [ 35.572032, 33.909979990070781 ], [ 35.574494102480543, 33.912583716212936 ], [ 35.57838, 33.916692990074267 ], [ 35.587901, 33.936590990084426 ], [ 35.59311, 33.944769990088645 ], [ 35.593435, 33.948919990090744 ], [ 35.59197, 33.950425990091517 ], [ 35.594249, 33.959295990096066 ], [ 35.606293, 33.983221990108341 ], [ 35.613536, 33.993149990113437 ], [ 35.620128, 33.995102990114439 ], [ 35.636729, 33.995306990114557 ], [ 35.64088, 33.99941599011666 ], [ 35.640391, 34.008530990121322 ], [ 35.635753, 34.01325099012373 ], [ 35.630382, 34.016098990125187 ], [ 35.627208, 34.01984299012711 ], [ 35.626964, 34.044256990139679 ], [ 35.643321, 34.0880799901622 ], [ 35.647716, 34.119126990178138 ], [ 35.644542, 34.130844990184187 ], [ 35.630382, 34.15281799019548 ], [ 35.627208, 34.166937990202719 ], [ 35.627208, 34.201116990220306 ], [ 35.630382, 34.208440990224091 ], [ 35.644542, 34.216985990228487 ], [ 35.647716, 34.222153990231135 ], [ 35.648285, 34.25360699024732 ], [ 35.653005, 34.284856990263407 ], [ 35.665212, 34.311346990277052 ], [ 35.688731, 34.328314990285776 ], [ 35.705821, 34.316595990279744 ], [ 35.722179, 34.337469990290508 ], [ 35.737315, 34.369207990306869 ], [ 35.750743, 34.389796990317457 ], [ 35.806163, 34.414983990330434 ], [ 35.823578, 34.434515990340572 ], [ 35.805431, 34.458685990353025 ], [ 35.805431, 34.464910990356181 ], [ 35.823985, 34.46084199035414 ], [ 35.903331, 34.47797299036295 ], [ 35.956798, 34.520086990384662 ], [ 35.972911, 34.529770990389643 ], [ 35.983165, 34.538641990394282 ], [ 35.98878, 34.552719990401528 ], [ 35.989594, 34.599676990425742 ], [ 35.986827, 34.620794990436629 ], [ 35.980642, 34.638494990445778 ], [ 35.9699, 34.649847990451669 ], [ 35.965668, 34.668442990461287 ], [ 35.947439, 34.699529990477359 ], [ 35.940929, 34.726222990491131 ], [ 35.931163, 34.740952990498748 ], [ 35.928966, 34.749822990503297 ], [ 35.928966, 34.790716990524466 ], [ 35.926036, 34.796941990527678 ], [ 35.908458, 34.821762990540492 ], [ 35.904552, 34.831772990545666 ], [ 35.899099, 34.852768990556548 ], [ 35.866873, 34.924220990593511 ], [ 35.872895, 34.92690699059488 ], [ 35.873546, 34.931626990597337 ], [ 35.879568, 34.938055990600667 ], [ 35.881358, 34.944972990604228 ], [ 35.879568, 34.951889990607796 ], [ 35.873546, 34.958318990611112 ], [ 35.873546, 34.965154990614664 ], [ 35.878591, 34.969549990616954 ], [ 35.878917, 34.970159990617262 ], [ 35.876638, 34.971665990618021 ], [ 35.873546, 34.978826990621755 ], [ 35.881602, 34.992864990629009 ], [ 35.88738, 35.000189990632833 ], [ 35.895356, 35.006780990636209 ], [ 35.900564, 35.021917990644063 ], [ 35.897309, 35.036565990651589 ], [ 35.891449, 35.049953990658565 ], [ 35.887869, 35.061346990664426 ], [ 35.887869, 35.109197990689218 ], [ 35.894216, 35.121079990695371 ], [ 35.912646971667982, 35.144394790540268 ], [ 35.95064713832339, 35.187945293137794 ], [ 35.962413, 35.197942990735136 ], [ 35.953298, 35.224798990749058 ], [ 35.915294, 35.287908990781723 ], [ 35.928966, 35.321478990799129 ], [ 35.924083, 35.338527990807947 ], [ 35.916677, 35.403305990841524 ], [ 35.918956, 35.417669990848914 ], [ 35.908865, 35.425726990853114 ], [ 35.860606, 35.479070990880722 ], [ 35.840099, 35.48737199088503 ], [ 35.830089, 35.493475990888243 ], [ 35.825857, 35.503322990893317 ], [ 35.81837, 35.508937990896207 ], [ 35.771983, 35.51544799089956 ], [ 35.77711, 35.529119990906665 ], [ 35.778087, 35.541163990912885 ], [ 35.771983, 35.546331990915554 ], [ 35.737071, 35.561671990923514 ], [ 35.73878, 35.566595990926032 ], [ 35.740896, 35.576482990931197 ], [ 35.743337, 35.582098990934071 ], [ 35.743419, 35.587957990937163 ], [ 35.763357, 35.59829299094249 ], [ 35.778494, 35.61273799094991 ], [ 35.784353, 35.630560990959182 ], [ 35.782074, 35.64174999096501 ], [ 35.773204, 35.655462990972069 ], [ 35.771169, 35.667791990978436 ], [ 35.776622, 35.675115990982242 ], [ 35.800059, 35.68146399098552 ], [ 35.838552, 35.74209199101692 ], [ 35.840343, 35.747462991019738 ], [ 35.840099, 35.770818991031803 ], [ 35.835948, 35.789983991041723 ], [ 35.825369, 35.813462991053889 ], [ 35.81186, 35.835394991065264 ], [ 35.798595, 35.849676991072641 ], [ 35.846853, 35.847234991071375 ], [ 35.87086, 35.851792991073694 ], [ 35.881033, 35.866684991081399 ], [ 35.885265, 35.885971991091424 ], [ 35.911306, 35.917750991107837 ], [ 35.911388, 35.917872991107863 ], [ 35.922699, 35.931585991115021 ], [ 35.966075, 35.993637991147111 ], [ 35.976736, 36.000962991150871 ], [ 35.975434, 36.018499991159985 ], [ 35.948416, 36.087835991195803 ], [ 35.878266, 36.182073991244536 ], [ 35.864513, 36.196844991252163 ], [ 35.852224, 36.213527991260797 ], [ 35.840994, 36.244533991276775 ], [ 35.826915, 36.257553991283508 ], [ 35.810802, 36.269598991289747 ], [ 35.798595, 36.281683991295949 ], [ 35.787364, 36.304266991307635 ], [ 35.788748, 36.320257991315884 ], [ 35.815929, 36.353012991332776 ], [ 35.824474, 36.361069991336933 ], [ 35.834239, 36.366277991339651 ], [ 35.844981, 36.368963991341047 ], [ 35.856781, 36.369777991341458 ], [ 35.861827, 36.373520991343405 ], [ 35.873546, 36.397690991355915 ], [ 35.881847, 36.404689991359497 ], [ 35.899425, 36.412298991363407 ], [ 35.908458, 36.4181579913664 ], [ 35.913259, 36.427190991371099 ], [ 35.918712, 36.448187991381907 ], [ 35.930837, 36.454575991385241 ], [ 35.935557, 36.459458991387706 ], [ 35.942393, 36.46434199139027 ], [ 35.981781, 36.475652991396124 ], [ 35.990245, 36.479640991398142 ], [ 36.037446, 36.527044991422585 ], [ 36.044932, 36.537664991428016 ], [ 36.055431, 36.538274991428338 ], [ 36.162934, 36.593410991456786 ], [ 36.178722, 36.596339991458315 ], [ 36.189138, 36.603989991462221 ], [ 36.201182, 36.62197499147149 ], [ 36.211192, 36.642400991482027 ], [ 36.216156, 36.657781991489941 ], [ 36.215587, 36.670477991496469 ], [ 36.211599, 36.679917991501334 ], [ 36.206554, 36.688706991505839 ], [ 36.202485, 36.699367991511338 ], [ 36.201915, 36.706284991514906 ], [ 36.202485, 36.769191991547274 ], [ 36.198741, 36.784572991555194 ], [ 36.188975, 36.801743991564017 ], [ 36.129893, 36.869288991598708 ], [ 36.09547, 36.897120991613022 ], [ 36.058604, 36.918442991623991 ], [ 36.020274, 36.926336991628048 ], [ 35.985037, 36.915594991622491 ], [ 35.950857, 36.891017991609878 ], [ 35.893809, 36.834905991581074 ], [ 35.880138, 36.825913991576414 ], [ 35.863617, 36.822251991574568 ], [ 35.853852, 36.815822991571267 ], [ 35.820649, 36.785141991555484 ], [ 35.805431, 36.775091991550276 ], [ 35.7671, 36.767726991546503 ], [ 35.684093, 36.764634991544931 ], [ 35.647716, 36.753973991539475 ], [ 35.636241, 36.744614991534625 ], [ 35.615001, 36.735662991529999 ], [ 35.6067, 36.740382991532464 ], [ 35.596853, 36.724920991524478 ], [ 35.582286, 36.712794991518287 ], [ 35.573009, 36.700669991512001 ], [ 35.579438, 36.685125991504023 ], [ 35.6067, 36.657781991489941 ], [ 35.608653, 36.646876991484334 ], [ 35.623546, 36.602524991461486 ], [ 35.613943, 36.60053099146046 ], [ 35.598806, 36.591497991455803 ], [ 35.589366, 36.589503991454755 ], [ 35.55714, 36.587469991453702 ], [ 35.544688, 36.589503991454755 ], [ 35.513357, 36.612981991466839 ], [ 35.503673, 36.616847991468838 ], [ 35.490001, 36.613917991467332 ], [ 35.481212, 36.607244991463936 ], [ 35.478689, 36.59853799145943 ], [ 35.488536, 36.59707299145871 ], [ 35.496837, 36.594427991457316 ], [ 35.506122227719906, 36.591244379061401 ], [ 35.48878, 36.592026991456095 ], [ 35.445486, 36.596339991458315 ], [ 35.437185, 36.594223991457177 ], [ 35.413259, 36.583685991451759 ], [ 35.408051, 36.579290991449518 ], [ 35.395356, 36.56761299144349 ], [ 35.374034, 36.56159099144039 ], [ 35.347992, 36.544378991431536 ], [ 35.335785, 36.545599991432127 ], [ 35.32016, 36.564682991441998 ], [ 35.308849, 36.569036991444236 ], [ 35.294688, 36.572495991446026 ], [ 35.04184, 36.69521699150922 ], [ 35.014171, 36.703069991513217 ], [ 34.98227, 36.720770991522336 ], [ 34.962413, 36.726710991525401 ], [ 34.946462, 36.727972991526066 ], [ 34.933279, 36.727483991525823 ], [ 34.929861, 36.727361991525768 ], [ 34.91391, 36.724676991524355 ], [ 34.900401, 36.719874991521905 ], [ 34.902599, 36.724513991524304 ], [ 34.907888, 36.740382991532464 ], [ 34.893565, 36.745997991535283 ], [ 34.85255, 36.781316991553481 ], [ 34.770763, 36.816066991571383 ], [ 34.764985, 36.808579991567527 ], [ 34.73585, 36.821681991574245 ], [ 34.692882, 36.81386999157025 ], [ 34.62672, 36.788763991557303 ], [ 34.596528, 36.785060991555433 ], [ 34.585134, 36.781316991553481 ], [ 34.554698, 36.767645991546459 ], [ 34.548839, 36.763372991544266 ], [ 34.539073, 36.744573991534587 ], [ 34.533865, 36.740382991532464 ], [ 34.503184, 36.726710991525401 ], [ 34.415212, 36.662908991492593 ], [ 34.307465, 36.60858799146461 ], [ 34.276215, 36.586981991453484 ], [ 34.19044, 36.498520991407872 ], [ 34.181651, 36.483384991400058 ], [ 34.177745, 36.473374991394884 ], [ 34.168224, 36.46694599139159 ], [ 34.147472, 36.459173991387594 ], [ 34.11199, 36.429591991372327 ], [ 34.077322, 36.413885991364218 ], [ 34.07488, 36.387273991350526 ], [ 34.079926, 36.355535991334094 ], [ 34.077891, 36.328842991320336 ], [ 34.057791, 36.31590399131364 ], [ 34.027192, 36.310776991311009 ], [ 33.999766, 36.302923991306898 ], [ 33.989268, 36.281683991295949 ], [ 33.977061, 36.259425991284502 ], [ 33.968761, 36.246893991278 ], [ 33.950938, 36.237697991273272 ], [ 33.945974, 36.265203991287486 ], [ 33.930919, 36.290472991300547 ], [ 33.910411, 36.301499991306244 ], [ 33.895274, 36.305568991308327 ], [ 33.883149, 36.312485991311888 ], [ 33.871104, 36.314886991313124 ], [ 33.855479, 36.304917991307967 ], [ 33.837657, 36.280421991295306 ], [ 33.827891, 36.271714991290843 ], [ 33.811046, 36.267400991288547 ], [ 33.813731, 36.251653991280484 ], [ 33.799083, 36.230657991269659 ], [ 33.786876, 36.226385991267378 ], [ 33.777029, 36.225042991266712 ], [ 33.742849, 36.213364991260676 ], [ 33.735606, 36.208725991258248 ], [ 33.705251, 36.18170799124433 ], [ 33.700369, 36.171128991238874 ], [ 33.693858, 36.144109991224887 ], [ 33.688243, 36.137029991221254 ], [ 33.685313, 36.143214991224461 ], [ 33.66033, 36.174871991240778 ], [ 33.656586, 36.18866599124793 ], [ 33.647227, 36.192571991249956 ], [ 33.634125, 36.190333991248799 ], [ 33.619884, 36.185451991246239 ], [ 33.596528, 36.168768991237634 ], [ 33.574067, 36.144760991225219 ], [ 33.552257, 36.127508991216317 ], [ 33.530528, 36.130804991218042 ], [ 33.5442, 36.137029991221254 ], [ 33.5442, 36.144476991225098 ], [ 33.521007, 36.146632991226205 ], [ 33.478282, 36.15595099123103 ], [ 33.458263, 36.158148991232139 ], [ 33.436697, 36.154689991230399 ], [ 33.401134, 36.139837991222677 ], [ 33.386485, 36.137029991221254 ], [ 33.34783, 36.147894991226863 ], [ 33.326834, 36.150091991228017 ], [ 33.30836, 36.132228991218753 ], [ 33.286469, 36.129949991217572 ], [ 33.241954, 36.130804991218042 ], [ 33.212413, 36.124090991214601 ], [ 33.200938, 36.123357991214149 ], [ 33.18865, 36.125799991215445 ], [ 33.167247, 36.134954991220113 ], [ 33.156912, 36.137029991221254 ], [ 33.134044, 36.131780991218541 ], [ 33.12143, 36.119085991211982 ], [ 33.112153, 36.103419991203893 ], [ 33.098643, 36.089259991196549 ], [ 33.087738, 36.082830991193241 ], [ 33.083751, 36.082749991193168 ], [ 33.080414, 36.085882991194808 ], [ 33.071137, 36.089259991196549 ], [ 33.05836, 36.090643991197261 ], [ 33.026866, 36.089259991196549 ], [ 32.96046, 36.102687991203496 ], [ 32.940929, 36.103501991203927 ], [ 32.87672, 36.075140991189237 ], [ 32.865245, 36.071844991187582 ], [ 32.8567, 36.060980991181907 ], [ 32.803722, 36.027166991164428 ], [ 32.76059, 36.029485991165664 ], [ 32.670665, 36.046697991174504 ], [ 32.632335, 36.061956991182406 ], [ 32.571788, 36.093979991198999 ], [ 32.567882, 36.09609599120008 ], [ 32.531423, 36.098821991201504 ], [ 32.513438, 36.103012991203663 ], [ 32.437266, 36.138657991222054 ], [ 32.427013, 36.14760999122673 ], [ 32.419607, 36.159490991232865 ], [ 32.402029, 36.165512991235985 ], [ 32.381521, 36.170151991238363 ], [ 32.365489, 36.177964991242405 ], [ 32.318696, 36.228582991268581 ], [ 32.310313, 36.229477991269029 ], [ 32.305919, 36.234564991271625 ], [ 32.287283, 36.244817991276932 ], [ 32.28297, 36.25063699127994 ], [ 32.278982, 36.279038991294584 ], [ 32.276134, 36.287827991299146 ], [ 32.252696, 36.315333991313373 ], [ 32.192149, 36.358384991335569 ], [ 32.179942, 36.387151991350429 ], [ 32.178396, 36.395330991354662 ], [ 32.174327, 36.402410991358295 ], [ 32.162852, 36.414780991364701 ], [ 32.151622, 36.430324991372686 ], [ 32.148448, 36.433660991374424 ], [ 32.13502, 36.438217991376781 ], [ 32.132091, 36.438665991377015 ], [ 32.114513, 36.469671991393035 ], [ 32.102061, 36.486150991401473 ], [ 32.087169, 36.493312991405212 ], [ 32.026052, 36.543442991431071 ], [ 32.018809, 36.546535991432648 ], [ 32.01002, 36.54775599143327 ], [ 31.998709, 36.547918991433342 ], [ 31.987804, 36.549953991434414 ], [ 31.980154, 36.554388991436689 ], [ 31.974132, 36.558986991439049 ], [ 31.968272, 36.56159099144039 ], [ 31.928071, 36.560247991439716 ], [ 31.90797, 36.562648991440945 ], [ 31.899425, 36.572454991445966 ], [ 31.888031, 36.581121991450445 ], [ 31.862478, 36.588689991454366 ], [ 31.834646, 36.592352991456245 ], [ 31.816742, 36.589503991454755 ], [ 31.807384, 36.596828991458516 ], [ 31.769054, 36.610011991465349 ], [ 31.74936, 36.632269991476797 ], [ 31.736583, 36.642278991481966 ], [ 31.724294, 36.641017991481327 ], [ 31.703461, 36.643621991482618 ], [ 31.627615, 36.670843991496675 ], [ 31.610688, 36.682033991502422 ], [ 31.596202, 36.695704991509444 ], [ 31.407563, 36.76341399154429 ], [ 31.378591, 36.767645991546459 ], [ 31.376313, 36.791937991558981 ], [ 31.340831, 36.808579991567527 ], [ 30.939708, 36.8570009915924 ], [ 30.77589, 36.849554991588583 ], [ 30.748057, 36.85565799159172 ], [ 30.726899, 36.865870991596964 ], [ 30.686534, 36.891180991609964 ], [ 30.628591, 36.859564991593679 ], [ 30.601736, 36.838120991582699 ], [ 30.587657, 36.807073991566774 ], [ 30.574474, 36.789536991557711 ], [ 30.569835, 36.781316991553481 ], [ 30.569835, 36.750555991537681 ], [ 30.564626, 36.717962991520899 ], [ 30.565766, 36.700180991511772 ], [ 30.576671, 36.685125991504023 ], [ 30.576671, 36.678899991500828 ], [ 30.568858, 36.670599991496559 ], [ 30.562673, 36.662542991492373 ], [ 30.55836, 36.652329991487115 ], [ 30.556163, 36.637884991479673 ], [ 30.557872, 36.619614991470286 ], [ 30.563813, 36.609319991464965 ], [ 30.571056, 36.601141991460793 ], [ 30.576671, 36.589503991454755 ], [ 30.581065, 36.575180991447411 ], [ 30.567231, 36.539861991429184 ], [ 30.569835, 36.528021991423067 ], [ 30.535981, 36.505193991411296 ], [ 30.520844, 36.489731991403303 ], [ 30.5088, 36.454290991385051 ], [ 30.48699, 36.426946991370961 ], [ 30.487966, 36.4181579913664 ], [ 30.47462, 36.401596991357891 ], [ 30.476329, 36.384222991348928 ], [ 30.47877, 36.308579991309827 ], [ 30.466807, 36.287827991299146 ], [ 30.451671, 36.26178599128572 ], [ 30.440766, 36.239324991274117 ], [ 30.427419, 36.226385991267378 ], [ 30.398611, 36.205958991256843 ], [ 30.400401, 36.248113991278672 ], [ 30.396007, 36.265529991287657 ], [ 30.384288, 36.274236991292121 ], [ 30.360525, 36.268621991289258 ], [ 30.254568, 36.308294991309737 ], [ 30.233735, 36.308904991310044 ], [ 30.158539, 36.298650991304733 ], [ 30.149262, 36.289861991300207 ], [ 30.145518, 36.275132991292573 ], [ 30.144705, 36.254339991281846 ], [ 30.138438, 36.254339991281846 ], [ 30.137218, 36.260646991285142 ], [ 30.131033, 36.274236991292121 ], [ 30.124766, 36.255071991282257 ], [ 30.124766, 36.246893991278 ], [ 30.110606, 36.254339991281846 ], [ 30.073009, 36.246893991278 ], [ 30.065603, 36.249944991279584 ], [ 30.057872, 36.255600991282527 ], [ 30.048188, 36.258774991284149 ], [ 30.040190282505584, 36.256117488485685 ], [ 30.034841, 36.254339991281846 ], [ 29.988455, 36.217759991262959 ], [ 29.973399, 36.219630991263926 ], [ 29.961274, 36.213852991260936 ], [ 29.950043, 36.21442299126123 ], [ 29.938324, 36.217677991262924 ], [ 29.925548, 36.219630991263926 ], [ 29.916515, 36.219061991263608 ], [ 29.911632, 36.217026991262593 ], [ 29.898204, 36.205958991256843 ], [ 29.881358, 36.198431991252988 ], [ 29.844005, 36.19139199124934 ], [ 29.830089, 36.185451991246239 ], [ 29.827322, 36.17804599124247 ], [ 29.802582, 36.171819991239239 ], [ 29.779552, 36.139349991222424 ], [ 29.761729, 36.137029991221254 ], [ 29.761729, 36.144476991225098 ], [ 29.767263, 36.147772991226802 ], [ 29.770193, 36.150823991228343 ], [ 29.772227, 36.154201991230103 ], [ 29.775401, 36.158148991232139 ], [ 29.76238, 36.156561991231314 ], [ 29.759288, 36.155014991230551 ], [ 29.754893, 36.150701991228296 ], [ 29.743419, 36.160955991233635 ], [ 29.731456, 36.164251991235332 ], [ 29.719249, 36.162664991234521 ], [ 29.707042, 36.158148991232139 ], [ 29.703868, 36.154445991230226 ], [ 29.689301, 36.144476991225098 ], [ 29.672374, 36.123357991214149 ], [ 29.668224, 36.143784991224727 ], [ 29.633962, 36.15704999123156 ], [ 29.623871, 36.177964991242405 ], [ 29.63738, 36.172430991239537 ], [ 29.64324, 36.177923991242402 ], [ 29.6421, 36.186956991247058 ], [ 29.634532, 36.191635991249463 ], [ 29.583507, 36.185451991246239 ], [ 29.583507, 36.191635991249463 ], [ 29.59254, 36.195786991251602 ], [ 29.602306, 36.198675991253097 ], [ 29.612966, 36.199855991253706 ], [ 29.623871, 36.199122991253311 ], [ 29.602224, 36.207016991257412 ], [ 29.521495, 36.205958991256843 ], [ 29.494477, 36.211004991259458 ], [ 29.43214, 36.240057991274504 ], [ 29.420421, 36.230617991269618 ], [ 29.414968549858227, 36.241612662187535 ], [ 29.411632, 36.267400991288547 ], [ 29.405772, 36.260158991284875 ], [ 29.401866, 36.26178599128572 ], [ 29.398123, 36.266180991287996 ], [ 29.391856, 36.267400991288547 ], [ 29.381602, 36.263901991286794 ], [ 29.377615, 36.261622991285627 ], [ 29.375255, 36.25885699128419 ], [ 29.369965, 36.254339991281846 ], [ 29.364919, 36.248276991278708 ], [ 29.361339, 36.241522991275218 ], [ 29.357107, 36.235662991272221 ], [ 29.34962, 36.232610991270654 ], [ 29.340831, 36.237371991273079 ], [ 29.334727, 36.247706991278442 ], [ 29.329356, 36.254095991281751 ], [ 29.261241, 36.293564991302084 ], [ 29.256684, 36.297023991303909 ], [ 29.247813, 36.311712991311474 ], [ 29.23463, 36.324285991317957 ], [ 29.174978, 36.339829991325999 ], [ 29.158458, 36.35675699133472 ], [ 29.140798, 36.362453991337652 ], [ 29.141775, 36.365423991339206 ], [ 29.144705, 36.369777991341458 ], [ 29.144705, 36.3771829913453 ], [ 29.116873, 36.3771829913453 ], [ 29.124278, 36.383449991348549 ], [ 29.112804, 36.389389991351599 ], [ 29.106212, 36.390854991352342 ], [ 29.096365, 36.390936991352362 ], [ 29.10141, 36.400213991357155 ], [ 29.10906, 36.406479991360413 ], [ 29.118907, 36.410101991362261 ], [ 29.130382, 36.411362991362921 ], [ 29.129893, 36.415960991365289 ], [ 29.129161, 36.416896991365775 ], [ 29.127696, 36.416814991365705 ], [ 29.124278, 36.4181579913664 ], [ 29.130138, 36.436509991375914 ], [ 29.124197, 36.453598991384723 ], [ 29.111339, 36.466782991391497 ], [ 29.096365, 36.473455991394978 ], [ 29.096365, 36.479640991398142 ], [ 29.109548, 36.488510991402727 ], [ 29.115571, 36.491359991404231 ], [ 29.124278, 36.493312991405212 ], [ 29.124278, 36.50079999140906 ], [ 29.120291, 36.535630991427055 ], [ 29.114919, 36.552679991435781 ], [ 29.084321, 36.560247991439716 ], [ 29.031423, 36.574773991447167 ], [ 29.020518, 36.589503991454755 ], [ 29.026134, 36.596258991458257 ], [ 29.035004, 36.614690991467775 ], [ 29.041759, 36.624253991472649 ], [ 29.055837, 36.614243991467525 ], [ 29.068207, 36.623927991472456 ], [ 29.080903, 36.638616991480085 ], [ 29.096365, 36.637884991479673 ], [ 29.090587, 36.627101991474156 ], [ 29.098806, 36.62360299147236 ], [ 29.110606, 36.626369991473773 ], [ 29.116873, 36.634222991477799 ], [ 29.114513, 36.643133991482401 ], [ 29.109223, 36.652003991486978 ], [ 29.102387, 36.659612991490874 ], [ 29.096365, 36.665228991493763 ], [ 29.03419, 36.700994991512196 ], [ 28.956309, 36.727524991525875 ], [ 28.946137, 36.736964991530691 ], [ 28.938975, 36.751287991538049 ], [ 28.922699, 36.741359991532988 ], [ 28.904145, 36.723048991523562 ], [ 28.89088, 36.712387991518057 ], [ 28.878917, 36.69806499151067 ], [ 28.87086, 36.696233991509729 ], [ 28.863536, 36.69257199150784 ], [ 28.82545, 36.644720991483211 ], [ 28.815196, 36.651800991486873 ], [ 28.805024, 36.655259991488649 ], [ 28.787852, 36.650945991486395 ], [ 28.782725, 36.677394991500059 ], [ 28.746349, 36.697698991510485 ], [ 28.701671, 36.705063991514251 ], [ 28.671723, 36.69257199150784 ], [ 28.664887, 36.69257199150784 ], [ 28.659923, 36.711004991517335 ], [ 28.649181, 36.718328991521098 ], [ 28.635916, 36.714503991519109 ], [ 28.616222, 36.705958991514734 ], [ 28.603526, 36.733546991528918 ], [ 28.612559, 36.747137991535872 ], [ 28.61671, 36.76699499154612 ], [ 28.614106, 36.785345991555559 ], [ 28.603526, 36.794988991560523 ], [ 28.603038, 36.799627991562886 ], [ 28.604503, 36.800848991563555 ], [ 28.607188, 36.800848991563555 ], [ 28.610362, 36.801743991564017 ], [ 28.608409, 36.804754991565559 ], [ 28.606293, 36.806870991566633 ], [ 28.606212, 36.810125991568292 ], [ 28.610362, 36.816066991571383 ], [ 28.603526, 36.816066991571383 ], [ 28.590994, 36.800197991563195 ], [ 28.588552, 36.808009991567246 ], [ 28.575857, 36.819524991573147 ], [ 28.546153, 36.823431991575141 ], [ 28.524425, 36.813299991569941 ], [ 28.517751, 36.795639991560861 ], [ 28.507986, 36.797674991561877 ], [ 28.497895, 36.798488991562344 ], [ 28.486827, 36.801743991564017 ], [ 28.500499, 36.808579991567527 ], [ 28.500499, 36.816066991571383 ], [ 28.478038, 36.815984991571312 ], [ 28.463878, 36.818751991572746 ], [ 28.456065, 36.828517991577748 ], [ 28.452647, 36.849554991588583 ], [ 28.459483, 36.849106991588371 ], [ 28.464122, 36.849920991588789 ], [ 28.466319, 36.853338991590533 ], [ 28.46518, 36.859360991593604 ], [ 28.462576, 36.862046991594987 ], [ 28.460134, 36.863755991595866 ], [ 28.458832, 36.866928991597476 ], [ 28.456716, 36.877508991602916 ], [ 28.451996, 36.883611991606067 ], [ 28.447439, 36.883042991605812 ], [ 28.416189, 36.859686991593755 ], [ 28.387218, 36.8570009915924 ], [ 28.37672, 36.854437991591098 ], [ 28.377452, 36.848374991587939 ], [ 28.376964, 36.788763991557303 ], [ 28.324962, 36.810125991568292 ], [ 28.314952, 36.816066991571383 ], [ 28.308767, 36.816066991571383 ], [ 28.308849571000504, 36.815748215310066 ], [ 28.312836, 36.800359991563262 ], [ 28.314952, 36.794988991560523 ], [ 28.288585, 36.793686991559881 ], [ 28.278168, 36.796453991561286 ], [ 28.273936, 36.805161991565775 ], [ 28.278331, 36.814153991570358 ], [ 28.28891, 36.818426991572601 ], [ 28.314952, 36.822251991574568 ], [ 28.314952, 36.829087991578049 ], [ 28.302745, 36.835678991581474 ], [ 28.288585, 36.845892991586695 ], [ 28.273123, 36.851995991589845 ], [ 28.257172, 36.846176991586866 ], [ 28.243175, 36.829778991578436 ], [ 28.236664, 36.8132179915699 ], [ 28.239513, 36.798813991562525 ], [ 28.248871, 36.766831991546091 ], [ 28.288585, 36.742579991533574 ], [ 28.295095, 36.719874991521905 ], [ 28.283051, 36.726629991525414 ], [ 28.267263, 36.730901991527602 ], [ 28.253103, 36.727850991525983 ], [ 28.246593, 36.712387991518057 ], [ 28.240001, 36.715480991519634 ], [ 28.233572, 36.719874991521905 ], [ 28.233246, 36.715032991519415 ], [ 28.231944, 36.711858991517751 ], [ 28.229503, 36.709295991516434 ], [ 28.225434, 36.706203991514897 ], [ 28.181895, 36.684637991503749 ], [ 28.162283, 36.672674991497622 ], [ 28.144298, 36.650945991486395 ], [ 28.130707, 36.628973991475107 ], [ 28.061697, 36.596339991458315 ], [ 28.053966, 36.609604991465098 ], [ 28.06544, 36.619533991470242 ], [ 28.075369, 36.631251991476276 ], [ 28.08961, 36.644109991482871 ], [ 28.075938, 36.657781991489941 ], [ 28.048025, 36.644109991482871 ], [ 28.057791, 36.652776991487343 ], [ 28.061209, 36.664739991493526 ], [ 28.057953, 36.676662991499661 ], [ 28.048025, 36.685125991504023 ], [ 28.037934, 36.690618991506831 ], [ 28.027517, 36.706203991514897 ], [ 28.032237, 36.709214991516468 ], [ 28.038259, 36.714056991518888 ], [ 28.042491, 36.718450991521159 ], [ 28.04184, 36.719874991521905 ], [ 28.079763, 36.722072991523042 ], [ 28.08961, 36.726710991525401 ], [ 28.085948, 36.710597991517098 ], [ 28.100597, 36.70962099151663 ], [ 28.116384, 36.718816991521351 ], [ 28.116873, 36.733546991528918 ], [ 28.107432, 36.739202991531833 ], [ 28.087657, 36.740870991532695 ], [ 28.082205, 36.747137991535872 ], [ 28.084158, 36.753729991539331 ], [ 28.091645, 36.759344991542193 ], [ 28.103282, 36.767645991546459 ], [ 28.110037, 36.775091991550276 ], [ 28.113455, 36.768214991546785 ], [ 28.117524, 36.763860991544519 ], [ 28.130544, 36.753973991539475 ], [ 28.125255, 36.771307991548362 ], [ 28.123709, 36.791896991558929 ], [ 28.118419, 36.800604991563432 ], [ 28.1067, 36.802964991564636 ], [ 28.094981, 36.801417991563859 ], [ 28.086274, 36.796697991561395 ], [ 28.069102, 36.775091991550276 ], [ 28.055431, 36.808579991567527 ], [ 28.049083, 36.820623991573704 ], [ 28.039561, 36.826645991576797 ], [ 28.025727, 36.828802991577923 ], [ 28.023285, 36.833237991580205 ], [ 28.024587, 36.83909699158324 ], [ 28.018728, 36.848618991588083 ], [ 28.007009, 36.8570009915924 ], [ 28.011567, 36.857651991592739 ], [ 28.014496, 36.859075991593507 ], [ 28.017345, 36.861069991594505 ], [ 28.021251, 36.863226991595603 ], [ 28.028656, 36.860174991594036 ], [ 28.036306, 36.862615991595334 ], [ 28.044932, 36.867254991597669 ], [ 28.055431, 36.870672991599463 ], [ 28.055431, 36.876898991602644 ], [ 28.035492, 36.893377991611118 ], [ 28.027517, 36.902532991615828 ], [ 28.034434, 36.904201991616667 ], [ 28.04184, 36.911606991620488 ], [ 28.035899, 36.914617991622009 ], [ 28.033214, 36.91766999162359 ], [ 28.031098, 36.921331991625451 ], [ 28.027517, 36.925929991627832 ], [ 28.035899, 36.925441991627537 ], [ 28.053233, 36.926499991628091 ], [ 28.061697, 36.925929991627832 ], [ 28.061697, 36.932114991631003 ], [ 28.04184, 36.932114991631003 ], [ 28.04184, 36.938909991634468 ], [ 28.06544, 36.939275991634666 ], [ 28.075043, 36.937404991633699 ], [ 28.082205, 36.932114991631003 ], [ 28.088552, 36.936671991633325 ], [ 28.093516, 36.937892991633973 ], [ 28.098155, 36.93622499163309 ], [ 28.103282, 36.932114991631003 ], [ 28.110037, 36.932114991631003 ], [ 28.120128, 36.937689991633846 ], [ 28.141938, 36.928696991629266 ], [ 28.151703, 36.932114991631003 ], [ 28.157237, 36.932114991631003 ], [ 28.15919, 36.924627991627176 ], [ 28.165294, 36.911606991620488 ], [ 28.168142, 36.916814991623134 ], [ 28.168468, 36.918890991624231 ], [ 28.167166, 36.920802991625209 ], [ 28.165294, 36.925929991627832 ], [ 28.168468, 36.930161991629994 ], [ 28.168142, 36.933416991631667 ], [ 28.164236, 36.936183991633087 ], [ 28.157237, 36.938909991634468 ], [ 28.157237, 36.945786991638037 ], [ 28.166515, 36.946925991638587 ], [ 28.17449, 36.945989991638122 ], [ 28.180675, 36.94330499163673 ], [ 28.185232, 36.938909991634468 ], [ 28.205089, 36.966294991648532 ], [ 28.212413, 36.973089991652024 ], [ 28.212413, 36.980535991655849 ], [ 28.198904, 36.980535991655849 ], [ 28.206879, 36.990179991660781 ], [ 28.212413, 37.000433991666064 ], [ 28.228526, 36.99054599166103 ], [ 28.24464, 36.988185991659783 ], [ 28.253103, 36.993719991662608 ], [ 28.246593, 37.007879991669888 ], [ 28.300059, 37.024969991678631 ], [ 28.3296, 37.030462991681432 ], [ 28.329356, 37.036769991684672 ], [ 28.322765, 37.043849991688283 ], [ 28.314952, 37.048813991690906 ], [ 28.304698, 37.050848991691893 ], [ 28.174327, 37.035141991683851 ], [ 28.126231, 37.035874991684203 ], [ 28.10727, 37.032130991682301 ], [ 28.092947, 37.021429991676854 ], [ 27.986583, 37.035141991683851 ], [ 27.975597, 37.03229399168238 ], [ 27.963145, 37.023585991677919 ], [ 27.951834, 37.021469991676845 ], [ 27.940929, 37.022202991677233 ], [ 27.911388, 37.02773699168003 ], [ 27.886241, 37.026189991679246 ], [ 27.804698, 37.004583991668177 ], [ 27.794119, 37.007879991669888 ], [ 27.787852, 37.007879991669888 ], [ 27.77296, 36.995835991663682 ], [ 27.762869, 36.997300991664446 ], [ 27.751231, 36.996893991664265 ], [ 27.739513, 36.993597991662561 ], [ 27.719737, 37.005193991668492 ], [ 27.687673, 37.005438991668626 ], [ 27.655772, 36.996526991664034 ], [ 27.618012, 36.989243991660317 ], [ 27.590343, 36.998276991664973 ], [ 27.567149, 36.996648991664131 ], [ 27.472667, 36.993597991662561 ], [ 27.462738, 37.001124991666416 ], [ 27.444835, 37.022527991677343 ], [ 27.438487, 37.02773699168003 ], [ 27.445567, 37.096990991715536 ], [ 27.459809, 37.08950399171173 ], [ 27.475108, 37.092514991713259 ], [ 27.501313, 37.107488991720942 ], [ 27.522227, 37.114975991724805 ], [ 27.531016, 37.120835991727787 ], [ 27.541515, 37.125962991730397 ], [ 27.565115, 37.125636991730261 ], [ 27.575531, 37.130112991732524 ], [ 27.575531, 37.137599991736373 ], [ 27.547211, 37.161810991748759 ], [ 27.539561, 37.178289991757211 ], [ 27.575531, 37.178533991757291 ], [ 27.586681, 37.181463991758818 ], [ 27.594737, 37.185939991761124 ], [ 27.609874, 37.199651991768128 ], [ 27.594249, 37.204290991770499 ], [ 27.588552, 37.211126991774009 ], [ 27.589366, 37.230698991784038 ], [ 27.591645, 37.23505299178624 ], [ 27.604259, 37.242254991789935 ], [ 27.609874, 37.247462991792588 ], [ 27.612804, 37.254624991796256 ], [ 27.614024, 37.267523991802825 ], [ 27.615977, 37.274725991806505 ], [ 27.60377, 37.281479991809967 ], [ 27.603038, 37.28217199181033 ], [ 27.594412, 37.283839991811163 ], [ 27.592052, 37.281072991809786 ], [ 27.564789, 37.275538991806954 ], [ 27.553233, 37.272934991805585 ], [ 27.519867, 37.259100991798526 ], [ 27.5088, 37.268051991803127 ], [ 27.486339, 37.26788999180306 ], [ 27.461436, 37.267523991802825 ], [ 27.467947, 37.27700399180771 ], [ 27.486339, 37.295232991817045 ], [ 27.485118, 37.303045991820966 ], [ 27.490001, 37.313787991826494 ], [ 27.491384, 37.327337991833403 ], [ 27.480154, 37.343694991841765 ], [ 27.472667, 37.343694991841765 ], [ 27.418305, 37.309474991824253 ], [ 27.396821, 37.323146991831265 ], [ 27.388682, 37.34528199184259 ], [ 27.396739, 37.365626991852935 ], [ 27.415212, 37.381658991861116 ], [ 27.438487, 37.39081499186581 ], [ 27.426524, 37.40595099187351 ], [ 27.407237, 37.412745991876982 ], [ 27.403494, 37.412583991876943 ], [ 27.386567, 37.412054991876666 ], [ 27.370291, 37.40509699187308 ], [ 27.361176, 37.392156991866514 ], [ 27.356456, 37.37913599185984 ], [ 27.346202, 37.370591991855456 ], [ 27.321788, 37.370916991855694 ], [ 27.321788, 37.363510991851868 ], [ 27.271495, 37.34857799184428 ], [ 27.25766, 37.344549991842179 ], [ 27.246104, 37.336167991837947 ], [ 27.23878, 37.343898991841868 ], [ 27.2317, 37.348089991844013 ], [ 27.224946, 37.348211991844082 ], [ 27.217052, 37.350978991845452 ], [ 27.215587, 37.354152991847073 ], [ 27.211925, 37.357326991848751 ], [ 27.200694, 37.366522991853408 ], [ 27.20753, 37.376409991858438 ], [ 27.209483, 37.386948991863832 ], [ 27.205089, 37.398260991869556 ], [ 27.220388, 37.403997991872529 ], [ 27.226248, 37.40509699187308 ], [ 27.226248, 37.411932991876583 ], [ 27.217459, 37.431300991886424 ], [ 27.222504, 37.47675199190963 ], [ 27.199392, 37.478582991910571 ], [ 27.192638, 37.478663991910643 ], [ 27.181895, 37.483343991912996 ], [ 27.187836, 37.498276991920555 ], [ 27.19044, 37.512680991927965 ], [ 27.184581, 37.528021991935788 ], [ 27.188243, 37.534490991939037 ], [ 27.184255, 37.538763991941238 ], [ 27.180431, 37.544581991944192 ], [ 27.192832621661417, 37.551534569247011 ], [ 27.200369, 37.547552991945693 ], [ 27.209321, 37.563299991953706 ], [ 27.212169, 37.585597991965081 ], [ 27.208507, 37.596868991970801 ], [ 27.193858, 37.601019991972898 ], [ 27.17620223716953, 37.610222026155313 ], [ 27.136241, 37.63104899198818 ], [ 27.038341, 37.690130992018204 ], [ 27.105479, 37.686264992016234 ], [ 27.127208, 37.688543992017408 ], [ 27.213145, 37.713445992030046 ], [ 27.22641, 37.720932992033845 ], [ 27.249522, 37.744329992045735 ], [ 27.256602, 37.759507992053415 ], [ 27.258458093044784, 37.770180125810931 ], [ 27.258515819901728, 37.770511982001835 ], [ 27.258528184238116, 37.770583060773305 ], [ 27.260509, 37.7819679920648 ], [ 27.261567, 37.803533992075728 ], [ 27.260427, 37.815984992082029 ], [ 27.252696, 37.825262992086721 ], [ 27.243337, 37.833807992091081 ], [ 27.237153, 37.845444992096979 ], [ 27.239106, 37.864406992106559 ], [ 27.242524, 37.868068992108419 ], [ 27.255544, 37.877101992112998 ], [ 27.260427, 37.884222992116584 ], [ 27.263438, 37.893499992121306 ], [ 27.265391, 37.90167899212544 ], [ 27.264659, 37.909816992129549 ], [ 27.260427, 37.91901299213422 ], [ 27.27475, 37.929022992139267 ], [ 27.266287, 37.951360992150583 ], [ 27.239106, 37.987941992169034 ], [ 27.214041, 37.980942992165524 ], [ 27.177501, 37.980942992165524 ], [ 27.141124, 37.98602899216808 ], [ 27.116384, 37.994085992172181 ], [ 27.111176, 37.999700992174972 ], [ 27.107595, 38.006740992178528 ], [ 27.101899, 38.012680992181551 ], [ 27.091807, 38.015285992182868 ], [ 27.083751, 38.015569992183018 ], [ 27.075938, 38.017034992183717 ], [ 27.07016, 38.020005992185276 ], [ 27.067882, 38.025132992187842 ], [ 27.064708, 38.040594992195615 ], [ 27.055919, 38.045721992198217 ], [ 27.027029, 38.049383992200056 ], [ 26.975434, 38.065252992208102 ], [ 26.949229, 38.067368992209147 ], [ 26.917735, 38.062404992206638 ], [ 26.900076, 38.056788992203771 ], [ 26.893403, 38.056219992203523 ], [ 26.864919, 38.040350992195506 ], [ 26.842052, 38.076076992213565 ], [ 26.847423, 38.088771992219954 ], [ 26.846446, 38.103419992227302 ], [ 26.841563, 38.118231992234804 ], [ 26.835216, 38.131292992241399 ], [ 26.825043, 38.144964992248255 ], [ 26.802989, 38.162420992257005 ], [ 26.79363, 38.172267992262007 ], [ 26.776052, 38.165228992258449 ], [ 26.771495, 38.17747599226464 ], [ 26.773692, 38.207016992279463 ], [ 26.760265, 38.216741992284398 ], [ 26.74464, 38.215643992283816 ], [ 26.727306, 38.210272992281141 ], [ 26.708263, 38.207016992279463 ], [ 26.645763, 38.206731992279316 ], [ 26.635916, 38.203598992277747 ], [ 26.622895, 38.138738992245109 ], [ 26.618175, 38.141505992246501 ], [ 26.617686, 38.142319992246946 ], [ 26.615489, 38.144964992248255 ], [ 26.609223, 38.144964992248255 ], [ 26.576834, 38.132716992242045 ], [ 26.567638, 38.144964992248255 ], [ 26.543305, 38.130519992240941 ], [ 26.523774, 38.147405992249475 ], [ 26.517345, 38.15566599225366 ], [ 26.515473, 38.165716992258737 ], [ 26.519298, 38.179673992265727 ], [ 26.49171, 38.174017992262897 ], [ 26.466563, 38.19061899227124 ], [ 26.442231, 38.211981992281963 ], [ 26.417491, 38.220648992286328 ], [ 26.390147, 38.223821992287917 ], [ 26.391856, 38.234035992293066 ], [ 26.394542, 38.24286499229752 ], [ 26.394867, 38.251653992301911 ], [ 26.390147, 38.261663992306964 ], [ 26.276378, 38.300481992326461 ], [ 26.285899, 38.318670992335576 ], [ 26.307628, 38.323064992337791 ], [ 26.307628, 38.330511992341521 ], [ 26.319347, 38.333644992343075 ], [ 26.324474, 38.331731992342149 ], [ 26.330577, 38.330755992341629 ], [ 26.338634, 38.330511992341521 ], [ 26.346365, 38.328802992340677 ], [ 26.348318, 38.324773992338635 ], [ 26.349783, 38.320135992336311 ], [ 26.35613, 38.31688099233466 ], [ 26.370616, 38.316066992334285 ], [ 26.38502, 38.318426992335482 ], [ 26.391856, 38.325018992338769 ], [ 26.383311, 38.343572992348093 ], [ 26.398936, 38.335516992344026 ], [ 26.405284, 38.335353992343926 ], [ 26.417491, 38.336736992344626 ], [ 26.42921, 38.340765992346618 ], [ 26.4546, 38.354803992353695 ], [ 26.462169, 38.357855992355226 ], [ 26.475922, 38.366888992359783 ], [ 26.477061, 38.386867992369751 ], [ 26.468028, 38.407619992380148 ], [ 26.451508, 38.426092992389393 ], [ 26.476899, 38.416692992384704 ], [ 26.489106, 38.406194992379454 ], [ 26.497895, 38.407293992379991 ], [ 26.513031, 38.432928992392839 ], [ 26.498871, 38.439642992396166 ], [ 26.474294, 38.457342992405039 ], [ 26.453868, 38.463201992407981 ], [ 26.440766, 38.472804992412804 ], [ 26.431, 38.473943992413382 ], [ 26.397227, 38.468694992410725 ], [ 26.403819, 38.487534992420116 ], [ 26.399913, 38.499578992426187 ], [ 26.375824, 38.52855099244065 ], [ 26.373057, 38.540716992446733 ], [ 26.360688, 38.570949992461806 ], [ 26.359141, 38.576971992464827 ], [ 26.360118, 38.583563992468086 ], [ 26.348643, 38.621323992486943 ], [ 26.348969, 38.635483992493967 ], [ 26.351085, 38.650213992501357 ], [ 26.356293, 38.661688992507038 ], [ 26.365977, 38.666326992509347 ], [ 26.381033, 38.668361992510391 ], [ 26.403005, 38.677313992514819 ], [ 26.414073, 38.679388992515875 ], [ 26.440603, 38.677679992514989 ], [ 26.465587, 38.672674992512484 ], [ 26.487641, 38.664292992508322 ], [ 26.505626, 38.652654992502562 ], [ 26.539561, 38.623683992488097 ], [ 26.555837, 38.605413992478987 ], [ 26.560802, 38.590032992471336 ], [ 26.583995, 38.560939992456809 ], [ 26.609223, 38.535345992444029 ], [ 26.618012, 38.528631992440708 ], [ 26.624766, 38.524643992438662 ], [ 26.630382, 38.519231992436012 ], [ 26.635916, 38.508042992430404 ], [ 26.63795, 38.497015992424856 ], [ 26.637462, 38.487208992419987 ], [ 26.638031, 38.477728992415258 ], [ 26.643321, 38.467718992410241 ], [ 26.636729, 38.463445992408097 ], [ 26.633149, 38.461899992407304 ], [ 26.629161, 38.460882992406816 ], [ 26.621349, 38.466619992409704 ], [ 26.61085, 38.46841099241059 ], [ 26.599294, 38.466375992409588 ], [ 26.588145, 38.460882992406816 ], [ 26.605235, 38.453802992403297 ], [ 26.604991, 38.444769992398768 ], [ 26.596365, 38.433172992392933 ], [ 26.588145, 38.418686992385695 ], [ 26.588329828001751, 38.418667941498008 ], [ 26.611827, 38.416245992384461 ], [ 26.622081, 38.405340992379031 ], [ 26.628266, 38.390081992371385 ], [ 26.639659, 38.374578992363581 ], [ 26.657074, 38.328802992340677 ], [ 26.673106, 38.307195992329824 ], [ 26.694591, 38.313177992332825 ], [ 26.699962, 38.325750992339138 ], [ 26.766856, 38.364080992358332 ], [ 26.771495, 38.366115992359369 ], [ 26.78297, 38.369370992360999 ], [ 26.787364, 38.371526992362099 ], [ 26.795095, 38.358628992355619 ], [ 26.809825, 38.360052992356323 ], [ 26.827647, 38.367254992359911 ], [ 26.84547, 38.371526992362099 ], [ 26.924571, 38.377671992365165 ], [ 26.973806, 38.396185992374441 ], [ 26.989757, 38.398870992375763 ], [ 26.994477, 38.400783992376759 ], [ 27.007498, 38.409734992381217 ], [ 27.013357, 38.412501992382595 ], [ 27.023611, 38.412094992382421 ], [ 27.03297, 38.409002992380863 ], [ 27.042491, 38.407619992380148 ], [ 27.054373, 38.412501992382595 ], [ 27.055837, 38.408514992380645 ], [ 27.061209, 38.412501992382595 ], [ 27.07978999655662, 38.405554725137193 ], [ 27.088634, 38.402247992377454 ], [ 27.111827, 38.414007992383404 ], [ 27.135427, 38.433660992393207 ], [ 27.164236, 38.446600992399709 ], [ 27.164236, 38.453436992403098 ], [ 27.15447, 38.459417992406088 ], [ 27.150157, 38.458725992405768 ], [ 27.143077, 38.453436992403098 ], [ 27.136241, 38.460882992406816 ], [ 27.116954, 38.453924992403365 ], [ 27.083344, 38.456731992404769 ], [ 27.074718, 38.453436992403098 ], [ 27.049083, 38.463201992407981 ], [ 27.022309, 38.462469992407641 ], [ 26.959646, 38.441961992397374 ], [ 26.93865, 38.434230992393474 ], [ 26.935395, 38.434881992393805 ], [ 26.945079, 38.446600992399709 ], [ 26.927908, 38.456040992404446 ], [ 26.897634, 38.494695992423729 ], [ 26.884044, 38.501206992426972 ], [ 26.874197, 38.507472992430124 ], [ 26.889822, 38.508042992430404 ], [ 26.889822, 38.514878992433822 ], [ 26.877778, 38.526352992439591 ], [ 26.865082, 38.535548992444149 ], [ 26.851248, 38.542913992447787 ], [ 26.835216, 38.549017992450878 ], [ 26.839366, 38.560776992456738 ], [ 26.844574, 38.585434992469025 ], [ 26.848888, 38.597397992474995 ], [ 26.834239, 38.608221992480416 ], [ 26.779307, 38.61774299248512 ], [ 26.757579, 38.633774992493144 ], [ 26.759451, 38.638413992495451 ], [ 26.733653, 38.663641992508026 ], [ 26.742442, 38.666245992509339 ], [ 26.753184, 38.666326992509347 ], [ 26.737559, 38.730779992541386 ], [ 26.78891, 38.739406992545753 ], [ 26.818207, 38.75543899255365 ], [ 26.823741, 38.753729992552834 ], [ 26.827485, 38.750189992551057 ], [ 26.828949, 38.748276992550132 ], [ 26.830577, 38.747259992549594 ], [ 26.841807, 38.745835992548898 ], [ 26.851573, 38.745672992548826 ], [ 26.874522, 38.737534992544781 ], [ 26.88852, 38.734035992543056 ], [ 26.903494, 38.734564992543305 ], [ 26.897227, 38.748276992550132 ], [ 26.907074, 38.753647992552779 ], [ 26.915294, 38.759954992555919 ], [ 26.923025, 38.762151992557037 ], [ 26.931407, 38.755071992553482 ], [ 26.934418, 38.762884992557403 ], [ 26.935069, 38.77045299256114 ], [ 26.933849, 38.778956992565377 ], [ 26.931407, 38.789251992570442 ], [ 26.943858, 38.808742992580164 ], [ 26.960785, 38.806137992578847 ], [ 26.971446, 38.819158992585301 ], [ 26.958751, 38.844467992597863 ], [ 26.975352, 38.848618992599896 ], [ 26.990896, 38.855047992603119 ], [ 27.003917, 38.862859992606985 ], [ 27.013357, 38.871160992611053 ], [ 27.033539, 38.860499992605789 ], [ 27.055024, 38.87107999261103 ], [ 27.062673, 38.886867992618875 ], [ 27.04127, 38.89166899262122 ], [ 27.057872, 38.918523992634533 ], [ 27.057791, 38.929754992640078 ], [ 27.04127, 38.94008999264517 ], [ 27.024099, 38.928167992639295 ], [ 27.012869, 38.922064992636265 ], [ 27.001231, 38.919866992635185 ], [ 26.982595, 38.919622992635077 ], [ 26.97755, 38.922755992636588 ], [ 26.96754, 38.936915992643648 ], [ 26.962413, 38.94008999264517 ], [ 26.949962, 38.936997992643647 ], [ 26.941661, 38.93187099264118 ], [ 26.934255, 38.930893992640634 ], [ 26.924571, 38.94008999264517 ], [ 26.840099, 38.935857992643129 ], [ 26.825206, 38.94008999264517 ], [ 26.806488, 38.950140992650127 ], [ 26.797211, 38.973130992661531 ], [ 26.799164, 38.998357992673974 ], [ 26.814708, 39.015122992682294 ], [ 26.814708, 39.021958992685647 ], [ 26.806407, 39.033880992691536 ], [ 26.829112, 39.047348992698147 ], [ 26.854015, 39.058416992703613 ], [ 26.873057, 39.062933992705858 ], [ 26.883149, 39.071600992710124 ], [ 26.875255, 39.090887992719608 ], [ 26.851899, 39.121282992734592 ], [ 26.823741, 39.149074992748233 ], [ 26.809825, 39.157456992752401 ], [ 26.778738, 39.170029992758586 ], [ 26.771169, 39.173081992760061 ], [ 26.751638, 39.184637992765758 ], [ 26.737804, 39.197210992771922 ], [ 26.739024, 39.207586992777031 ], [ 26.730968, 39.227606992786846 ], [ 26.726573, 39.247503992796574 ], [ 26.718761, 39.262884992804118 ], [ 26.701427, 39.268987992807112 ], [ 26.670665, 39.282659992813862 ], [ 26.664806, 39.298081992821388 ], [ 26.670258, 39.305975992825275 ], [ 26.681163, 39.310613992827513 ], [ 26.691173, 39.316229992830259 ], [ 26.708751, 39.336899992840337 ], [ 26.814708, 39.399358992870894 ], [ 26.805431, 39.40509699287373 ], [ 26.801036, 39.406194992874255 ], [ 26.801036, 39.412420992877266 ], [ 26.802582, 39.419175992880554 ], [ 26.802745, 39.425115992883498 ], [ 26.801036, 39.433538992887577 ], [ 26.837413, 39.435613992888619 ], [ 26.850841, 39.439764992890595 ], [ 26.863048, 39.44716999289426 ], [ 26.852061, 39.461818992901364 ], [ 26.867931, 39.471502992906096 ], [ 26.925955, 39.485825992913099 ], [ 26.929861, 39.48773799291402 ], [ 26.929698, 39.491440992915834 ], [ 26.931407, 39.501775992920862 ], [ 26.945079, 39.539617992939228 ], [ 26.943858, 39.560980992949673 ], [ 26.937673, 39.574773992956374 ], [ 26.922211, 39.582179992959979 ], [ 26.893403, 39.584376992961033 ], [ 26.870453, 39.576849992957342 ], [ 26.852061, 39.563380992950812 ], [ 26.832856, 39.556829992947662 ], [ 26.807872, 39.57070499295439 ], [ 26.667247, 39.550848992944744 ], [ 26.456798, 39.521185992930292 ], [ 26.434255, 39.513982992926799 ], [ 26.424164, 39.505193992922514 ], [ 26.41391, 39.505315992922554 ], [ 26.369965, 39.485784992913061 ], [ 26.362153, 39.481349992910907 ], [ 26.350108, 39.481349992910907 ], [ 26.297374, 39.488714992914481 ], [ 26.286632, 39.487615992913994 ], [ 26.273611, 39.482407992911433 ], [ 26.26295, 39.481349992910907 ], [ 26.231781, 39.474513992907561 ], [ 26.152843, 39.459214992900137 ], [ 26.112966, 39.459173992900119 ], [ 26.074229, 39.474513992907561 ], [ 26.069998, 39.496282992918189 ], [ 26.094981, 39.548569992943591 ], [ 26.110688, 39.597885992967583 ], [ 26.148204, 39.626043992981245 ], [ 26.156749, 39.649236992992485 ], [ 26.163585, 39.704168993019081 ], [ 26.159353, 39.714910993024304 ], [ 26.140636, 39.742742993037723 ], [ 26.136404, 39.755682993044033 ], [ 26.137869, 39.764552993048298 ], [ 26.1421, 39.767889993049906 ], [ 26.146739, 39.770208993051043 ], [ 26.149913, 39.77610899305391 ], [ 26.149913, 39.799993993065385 ], [ 26.154959, 39.826157993078006 ], [ 26.151703, 39.835149993082382 ], [ 26.136404, 39.837591993083564 ], [ 26.141856, 39.849025993089036 ], [ 26.156749, 39.898992993113119 ], [ 26.156016, 39.905096993116025 ], [ 26.150645, 39.924708993125485 ], [ 26.149913, 39.93378299312981 ], [ 26.152599, 39.942612993134105 ], [ 26.161632, 39.956203993140598 ], [ 26.163585, 39.9645449931446 ], [ 26.167654, 39.973577993148908 ], [ 26.18865, 40.001775993162433 ], [ 26.197765, 40.00885699316585 ], [ 26.25115, 39.994858993159127 ], [ 26.266938, 40.003078993163072 ], [ 26.300304, 40.014389993168486 ], [ 26.311046, 40.01947699317094 ], [ 26.353201, 40.052150993186579 ], [ 26.362153, 40.06346299319199 ], [ 26.365001, 40.071762993195954 ], [ 26.366222, 40.084620993202108 ], [ 26.36964, 40.09080599320508 ], [ 26.370372, 40.094712993206983 ], [ 26.369477, 40.099188993209083 ], [ 26.369395, 40.102931993210859 ], [ 26.372813, 40.104477993211603 ], [ 26.3838, 40.104152993211436 ], [ 26.389008, 40.105169993211931 ], [ 26.39324, 40.108221993213377 ], [ 26.399587, 40.120835993219387 ], [ 26.403494, 40.138982993228076 ], [ 26.403005, 40.157903993237134 ], [ 26.396332, 40.172755993244195 ], [ 26.402843, 40.187444993251184 ], [ 26.40797, 40.193670993254145 ], [ 26.414887, 40.194891993254757 ], [ 26.427582, 40.194484993254548 ], [ 26.441417, 40.196600993255593 ], [ 26.46754, 40.205999993260029 ], [ 26.500743, 40.212957993263331 ], [ 26.519379, 40.225164993269146 ], [ 26.56365, 40.270167993290571 ], [ 26.57252, 40.274562993292626 ], [ 26.581391, 40.277003993293775 ], [ 26.594981, 40.282619993296471 ], [ 26.607595, 40.290431993300189 ], [ 26.71461, 40.3906109933477 ], [ 26.735606, 40.403550993353804 ], [ 26.776703, 40.405503993354671 ], [ 26.863048, 40.399887993352031 ], [ 26.897227, 40.406154993355003 ], [ 26.908214, 40.403712993353871 ], [ 26.934418, 40.392482993348523 ], [ 26.991466, 40.388616993346737 ], [ 27.013357, 40.392482993348523 ], [ 27.04127, 40.409612993356646 ], [ 27.065766, 40.433538993367939 ], [ 27.096365, 40.45229699337682 ], [ 27.143077, 40.453924993377576 ], [ 27.177013, 40.448797993375159 ], [ 27.215343, 40.447698993374651 ], [ 27.237559, 40.451849993376605 ], [ 27.271495, 40.467840993384137 ], [ 27.286957, 40.468206993384335 ], [ 27.303396, 40.458440993379703 ], [ 27.313731, 40.444077993372915 ], [ 27.328624, 40.413559993358511 ], [ 27.32326328310609, 40.410656579820532 ], [ 27.314952, 40.406154993355003 ], [ 27.308116, 40.406154993355003 ], [ 27.303559, 40.410467993357067 ], [ 27.303233, 40.41095599335727 ], [ 27.301768, 40.409002993356388 ], [ 27.294444, 40.406154993355003 ], [ 27.337576, 40.370306993338062 ], [ 27.392914, 40.342107993324703 ], [ 27.452322, 40.322007993315125 ], [ 27.523285, 40.308782993308903 ], [ 27.55128, 40.308823993308877 ], [ 27.562022, 40.310491993309704 ], [ 27.597016, 40.328314993318187 ], [ 27.612966, 40.330999993319431 ], [ 27.64088, 40.326116993317108 ], [ 27.66505, 40.317449993312991 ], [ 27.687999, 40.313787993311259 ], [ 27.71225, 40.324204993316172 ], [ 27.732595, 40.317287993312938 ], [ 27.762706, 40.315374993312048 ], [ 27.789806, 40.320460993314427 ], [ 27.813243, 40.34711299332708 ], [ 27.867361, 40.368882993337351 ], [ 27.883556, 40.38629799334565 ], [ 27.865245, 40.386785993345832 ], [ 27.815278, 40.399887993352031 ], [ 27.800548, 40.393011993348786 ], [ 27.791759, 40.392889993348717 ], [ 27.787852, 40.403021993353526 ], [ 27.785818, 40.412908993358201 ], [ 27.780121, 40.415716993359574 ], [ 27.773448, 40.416489993359932 ], [ 27.767426, 40.420395993361751 ], [ 27.760753, 40.42841199336555 ], [ 27.756358, 40.432602993367517 ], [ 27.75408, 40.438299993370222 ], [ 27.753184, 40.450831993376106 ], [ 27.750173, 40.457586993379309 ], [ 27.6963, 40.506414993402316 ], [ 27.706065, 40.511907993404918 ], [ 27.722423, 40.526271993411648 ], [ 27.733165, 40.530584993413726 ], [ 27.741954, 40.526312993411715 ], [ 27.750173, 40.524725993410939 ], [ 27.76002, 40.537054993416746 ], [ 27.779063, 40.518255993407926 ], [ 27.780447, 40.515325993406556 ], [ 27.789399, 40.514227993406038 ], [ 27.792247, 40.517034993407336 ], [ 27.795177, 40.52090099340915 ], [ 27.804698, 40.522772993410051 ], [ 27.9699, 40.502996993400707 ], [ 28.014171, 40.491155993395132 ], [ 28.034434, 40.474432993387254 ], [ 28.016775, 40.45107699337624 ], [ 27.929942, 40.416937993360101 ], [ 27.903982, 40.399887993352031 ], [ 27.908458, 40.374212993339931 ], [ 27.944672, 40.366033993336025 ], [ 28.027517, 40.372015993338849 ], [ 28.11199, 40.396063993350268 ], [ 28.347992, 40.404038993354021 ], [ 28.400401, 40.397405993350901 ], [ 28.486827, 40.399887993352031 ], [ 28.476085, 40.397934993351093 ], [ 28.46754, 40.394354993349438 ], [ 28.461681, 40.388372993346607 ], [ 28.458832, 40.379461993342403 ], [ 28.499522, 40.391098993347846 ], [ 28.545421, 40.391302993347956 ], [ 28.592784, 40.381902993343544 ], [ 28.637706, 40.365179993335602 ], [ 28.643809, 40.371242993338498 ], [ 28.647472, 40.370021993337893 ], [ 28.651215, 40.366359993336168 ], [ 28.658051, 40.365179993335602 ], [ 28.66684, 40.368108993337003 ], [ 28.677419, 40.376043993340772 ], [ 28.685395, 40.379461993342403 ], [ 28.741873, 40.386419993345669 ], [ 28.757091, 40.396185993350272 ], [ 28.771983, 40.402532993353297 ], [ 28.79127, 40.400457993352333 ], [ 28.82545, 40.392482993348523 ], [ 28.855642, 40.391180993347916 ], [ 28.884044, 40.38629799334565 ], [ 28.89796, 40.381333993343233 ], [ 28.921397, 40.370021993337893 ], [ 28.938731, 40.365179993335602 ], [ 28.956554, 40.36318599333471 ], [ 29.033946, 40.364446993335278 ], [ 29.045149027284157, 40.366279701986301 ], [ 29.051606, 40.367335993336646 ], [ 29.065684, 40.375717993340572 ], [ 29.073904, 40.388657993346733 ], [ 29.082693, 40.4156759933595 ], [ 29.090099, 40.427231993364956 ], [ 29.102794, 40.423040993362974 ], [ 29.118988, 40.423650993363296 ], [ 29.136404, 40.427882993365301 ], [ 29.151541, 40.434067993368245 ], [ 29.133556, 40.450750993376076 ], [ 29.111501, 40.466131993383364 ], [ 29.087901, 40.477483993388709 ], [ 29.065684, 40.481878993390779 ], [ 29.010997, 40.481878993390779 ], [ 29.002452, 40.478663993389269 ], [ 28.980317, 40.464544993382582 ], [ 28.969493, 40.461370993381095 ], [ 28.916677, 40.470892993385604 ], [ 28.828461, 40.513006993405455 ], [ 28.792654, 40.553289993424414 ], [ 28.826834, 40.570623993432584 ], [ 28.897716, 40.591741993442525 ], [ 28.927745, 40.606430993449393 ], [ 28.970063, 40.639471993464852 ], [ 28.986339, 40.644760993467379 ], [ 29.281586, 40.665919993477253 ], [ 29.323253, 40.676743993482347 ], [ 29.36378, 40.69415899349049 ], [ 29.384532, 40.706487993496296 ], [ 29.391856, 40.707830993496891 ], [ 29.399181, 40.702581993494434 ], [ 29.407237, 40.693100993489985 ], [ 29.41684, 40.686753993487031 ], [ 29.428722, 40.690984993489025 ], [ 29.437755, 40.695460993491096 ], [ 29.450369, 40.699367993492906 ], [ 29.461436, 40.704168993495202 ], [ 29.466156, 40.711492993498652 ], [ 29.470063, 40.718939993502104 ], [ 29.479259, 40.72406599350451 ], [ 29.490571, 40.727239993505954 ], [ 29.50115, 40.728908993506721 ], [ 29.511241, 40.727483993506091 ], [ 29.527517, 40.721502993503321 ], [ 29.542247, 40.70966199349774 ], [ 29.548839, 40.690984993489025 ], [ 29.559906, 40.691066993489066 ], [ 29.753266, 40.724554993504718 ], [ 29.867198, 40.728908993506721 ], [ 29.903575, 40.716253993500835 ], [ 29.924164, 40.716456993500934 ], [ 29.939301, 40.735052993509612 ], [ 29.92921, 40.758042993520355 ], [ 29.890147, 40.763494993522912 ], [ 29.809418, 40.755560993519211 ], [ 29.802501, 40.753851993518396 ], [ 29.795258, 40.751124993517109 ], [ 29.786632, 40.74884699351604 ], [ 29.775401, 40.748724993516042 ], [ 29.763845, 40.752752993517888 ], [ 29.743826, 40.76679099352441 ], [ 29.737559, 40.769842993525842 ], [ 29.721528, 40.772039993526903 ], [ 29.686534, 40.781561993531355 ], [ 29.666189, 40.783514993532229 ], [ 29.428722, 40.776067993528763 ], [ 29.410167, 40.771225993526542 ], [ 29.394298, 40.76211199352224 ], [ 29.377778, 40.75653699351966 ], [ 29.356944, 40.762396993522415 ], [ 29.348481, 40.770940993526359 ], [ 29.344249, 40.780218993530724 ], [ 29.339529, 40.787583993534163 ], [ 29.329112, 40.790350993535426 ], [ 29.333018, 40.792425993536398 ], [ 29.335623, 40.794500993537341 ], [ 29.338634, 40.796372993538228 ], [ 29.343435, 40.797796993538896 ], [ 29.339529, 40.807806993543558 ], [ 29.333344, 40.814845993546832 ], [ 29.325206, 40.820053993549266 ], [ 29.31544, 40.8244489935513 ], [ 29.311046, 40.818182993548419 ], [ 29.301768, 40.8244489935513 ], [ 29.297661080154842, 40.821590018058224 ], [ 29.281586, 40.815374993547117 ], [ 29.254568, 40.810776993544948 ], [ 29.254568, 40.817042993547894 ], [ 29.264171, 40.817938993548303 ], [ 29.270763, 40.82184499355013 ], [ 29.274099, 40.82884299355338 ], [ 29.274587, 40.83877199355797 ], [ 29.28419, 40.833929993555714 ], [ 29.288259, 40.831284993554512 ], [ 29.287608, 40.835597993556519 ], [ 29.288422, 40.837794993557523 ], [ 29.291026, 40.838567993557923 ], [ 29.294932, 40.83877199355797 ], [ 29.283865, 40.85162999356394 ], [ 29.263927, 40.869777993572384 ], [ 29.253673, 40.875473993575071 ], [ 29.240977, 40.882553993578327 ], [ 29.201345, 40.893947993583666 ], [ 29.144786, 40.914129993593015 ], [ 29.124278, 40.926906993598969 ], [ 29.103526, 40.94672299360812 ], [ 29.083181, 40.959661993614112 ], [ 29.169688, 41.233099993740119 ], [ 29.199962, 41.229192993738337 ], [ 29.206228, 41.229192993738337 ], [ 29.216156, 41.239406993743046 ], [ 29.231781, 41.24070899374361 ], [ 29.419607, 41.21430099373147 ], [ 29.618826, 41.178899993715227 ], [ 29.884613, 41.148992993701498 ], [ 30.136892, 41.143784993699121 ], [ 30.165212, 41.14663299370045 ], [ 30.180024, 41.151556993702684 ], [ 30.203461, 41.164495993708606 ], [ 30.217052, 41.167140993709857 ], [ 30.22641, 41.172918993712514 ], [ 30.233653, 41.184474993717807 ], [ 30.240489, 41.192327993721435 ], [ 30.248302, 41.18756699371923 ], [ 30.259044, 41.195745993722987 ], [ 30.271251, 41.211167993730051 ], [ 30.282481, 41.215521993732033 ], [ 30.295584, 41.207423993728334 ], [ 30.336681, 41.200831993725302 ], [ 30.369965, 41.181341993716373 ], [ 30.699229, 41.121526993688875 ], [ 30.732432, 41.099432993678683 ], [ 30.748057, 41.091985993675237 ], [ 30.833263, 41.079900993669725 ], [ 31.090587, 41.08514999367209 ], [ 31.115245, 41.096014993677137 ], [ 31.124766, 41.098130993678119 ], [ 31.137055, 41.097601993677848 ], [ 31.158458, 41.093084993675795 ], [ 31.169444, 41.091985993675237 ], [ 31.21046, 41.098130993678119 ], [ 31.216482, 41.097234993677702 ], [ 31.226085, 41.092962993675677 ], [ 31.231212, 41.091985993675237 ], [ 31.23878, 41.093694993676074 ], [ 31.240977, 41.097723993677896 ], [ 31.242931, 41.102361993680049 ], [ 31.248871, 41.105657993681554 ], [ 31.290212, 41.117864993687249 ], [ 31.323578, 41.133856993694586 ], [ 31.378591, 41.17450599371324 ], [ 31.392751, 41.188421993719651 ], [ 31.401052, 41.202093993725889 ], [ 31.40504, 41.21816599373328 ], [ 31.406016, 41.239406993743046 ], [ 31.408051, 41.248357993747092 ], [ 31.417491, 41.268296993756245 ], [ 31.419607, 41.28034099376174 ], [ 31.41505, 41.285874993764303 ], [ 31.403575, 41.316473993778246 ], [ 31.425141, 41.32257699378107 ], [ 31.471039, 41.324773993782081 ], [ 31.476573, 41.329005993783966 ], [ 31.492686, 41.347723993792521 ], [ 31.498302, 41.352036993794506 ], [ 31.508556, 41.35382699379528 ], [ 31.658946, 41.397934993815383 ], [ 31.871593, 41.504583993863839 ], [ 31.993337, 41.549505993884182 ], [ 32.029633, 41.571193993893999 ], [ 32.039399, 41.575587993895972 ], [ 32.134125, 41.599432993906746 ], [ 32.161876, 41.612005993912376 ], [ 32.178396, 41.636907993923614 ], [ 32.243419, 41.69293899394885 ], [ 32.24822, 41.698064993951142 ], [ 32.263357, 41.720159993961076 ], [ 32.297048, 41.727361993964273 ], [ 32.351817, 41.729437993965234 ], [ 32.353689, 41.73574499396809 ], [ 32.361827, 41.737859993968996 ], [ 32.372325, 41.742498993971083 ], [ 32.37436, 41.749415993974225 ], [ 32.377208, 41.754054993976276 ], [ 32.382579, 41.756089993977206 ], [ 32.387218, 41.753851993976234 ], [ 32.396251, 41.744288993971928 ], [ 32.399669, 41.742498993971083 ], [ 32.417247, 41.748927993973957 ], [ 32.439464, 41.767523993982302 ], [ 32.454275, 41.777247993986698 ], [ 32.523204, 41.804510993998846 ], [ 32.534841, 41.810735994001654 ], [ 32.54835, 41.815740994003924 ], [ 32.562836, 41.816880994004414 ], [ 32.57781, 41.811346994001966 ], [ 32.589366, 41.826971994008893 ], [ 32.612559, 41.83954499401456 ], [ 32.663097, 41.834946994012441 ], [ 32.67921, 41.836329994013077 ], [ 32.740408, 41.853175994020617 ], [ 32.755382, 41.85911699402326 ], [ 32.770274, 41.857977994022811 ], [ 32.798513, 41.859686994023569 ], [ 32.827485, 41.864690994025743 ], [ 32.844574, 41.872788994029364 ], [ 32.855642, 41.868312994027363 ], [ 32.926117, 41.881821994033395 ], [ 32.961925, 41.894109994038878 ], [ 33.008067, 41.917303994049185 ], [ 33.165538, 41.956976994066899 ], [ 33.324474, 42.01902899409437 ], [ 33.36085, 42.020656994095091 ], [ 33.434337, 42.010646994090678 ], [ 33.540538, 42.010646994090678 ], [ 33.563243, 42.007716994089371 ], [ 33.613455, 41.993719994083165 ], [ 33.827159, 41.977687994076021 ], [ 33.845225, 41.982651994078282 ], [ 33.873546, 41.974432994074618 ], [ 34.003591, 41.982651994078282 ], [ 34.331309, 41.947942994062792 ], [ 34.445486, 41.972845994073865 ], [ 34.482677, 41.975245994074974 ], [ 34.498709, 41.971909994073449 ], [ 34.527029, 41.960638994068468 ], [ 34.561778, 41.95184999406456 ], [ 34.694184, 41.945949994061976 ], [ 34.746349, 41.95038499406391 ], [ 34.798595, 41.962225994069172 ], [ 34.815115, 41.969142994072286 ], [ 34.852875, 41.991522994082224 ], [ 34.889008, 42.007798994089391 ], [ 34.918793, 42.035548994101674 ], [ 35.003429, 42.085109994123634 ], [ 35.023936, 42.092514994126859 ], [ 35.031098, 42.080633994121655 ], [ 35.04184, 42.072088994117856 ], [ 35.048839, 42.065130994114767 ], [ 35.044444, 42.05780699411153 ], [ 35.044444, 42.051580994108754 ], [ 35.081554, 42.029201994098898 ], [ 35.104503, 42.021876994095649 ], [ 35.1338, 42.023626994096404 ], [ 35.162608, 42.021714994095603 ], [ 35.137543, 42.01951699409458 ], [ 35.11671, 42.006902994089032 ], [ 35.107432, 41.991684994082249 ], [ 35.098806, 41.969712994072481 ], [ 35.093028, 41.946681994062274 ], [ 35.092133, 41.92804599405396 ], [ 35.098643, 41.912664994047113 ], [ 35.125743, 41.87531199403054 ], [ 35.155772, 41.84568899401728 ], [ 35.195811, 41.804510993998846 ], [ 35.201996, 41.791448993993036 ], [ 35.211762, 41.775376993985851 ], [ 35.224783, 41.761867993979784 ], [ 35.253591, 41.750636993974751 ], [ 35.282563, 41.72418899396289 ], [ 35.298188, 41.715154993958848 ], [ 35.357677, 41.696844993950599 ], [ 35.401052, 41.691554993948209 ], [ 35.417328, 41.683416993944611 ], [ 35.449067, 41.660548993934327 ], [ 35.48585, 41.645086993927308 ], [ 35.530121, 41.634262993922434 ], [ 35.576671, 41.629705993920417 ], [ 35.619802, 41.632635993921724 ], [ 35.64088, 41.639308993924701 ], [ 35.678722, 41.656927993932655 ], [ 35.740571, 41.664983993936254 ], [ 35.846202, 41.698716993951464 ], [ 35.870128, 41.701482993952702 ], [ 35.893809, 41.707464993955384 ], [ 35.928966, 41.708929993956076 ], [ 35.930512, 41.693833993949283 ], [ 35.911632, 41.662786993935313 ], [ 35.915294, 41.646225993927828 ], [ 35.922699, 41.646225993927828 ], [ 35.924815, 41.670232993938633 ], [ 35.934337, 41.692124993948447 ], [ 35.947927, 41.710027993956558 ], [ 35.962413, 41.721990993961896 ], [ 35.972911, 41.728582993964821 ], [ 35.977875, 41.729681993965379 ], [ 36.038097, 41.687811993946561 ], [ 36.108775417222162, 41.639152692913456 ], [ 36.120453, 41.627752993919508 ], [ 36.134451, 41.599065993906549 ], [ 36.134451, 41.558172993888121 ], [ 36.131033, 41.548244993883607 ], [ 36.122325, 41.531805993876141 ], [ 36.120779, 41.527044993874 ], [ 36.119965, 41.494329993859161 ], [ 36.12379, 41.479152993852324 ], [ 36.134451, 41.46189999384449 ], [ 36.178884, 41.419988993825406 ], [ 36.204763, 41.406479993819275 ], [ 36.236827, 41.358872993797604 ], [ 36.253266, 41.348821993793024 ], [ 36.303396, 41.32851799378377 ], [ 36.331879, 41.323187993781325 ], [ 36.33725, 41.31854899377921 ], [ 36.339854, 41.31093999377574 ], [ 36.340505, 41.30052299377099 ], [ 36.343761, 41.28872299376556 ], [ 36.352224, 41.283636993763267 ], [ 36.363292, 41.281072993762088 ], [ 36.374522, 41.277003993760218 ], [ 36.380138, 41.272161993758012 ], [ 36.390147, 41.260320993752586 ], [ 36.39503, 41.256414993750774 ], [ 36.40504, 41.253606993749507 ], [ 36.423839, 41.25169499374865 ], [ 36.432465, 41.246242993746137 ], [ 36.45102, 41.240423993743462 ], [ 36.465265686883903, 41.242990675261687 ], [ 36.476085, 41.244939993745568 ], [ 36.512496950261962, 41.260348761489027 ], [ 36.517914, 41.262640993753621 ], [ 36.678433252207171, 41.093923250961559 ], [ 37.01531, 41.274603993759143 ], [ 37.031912, 41.242824993744598 ], [ 37.033865, 41.198797993724355 ], [ 37.039724, 41.181544993716443 ], [ 37.056407, 41.17450599371324 ], [ 37.077485, 41.170843993711557 ], [ 37.115733, 41.153143993703424 ], [ 37.135509, 41.14663299370045 ], [ 37.263438, 41.147853993700949 ], [ 37.299327, 41.14036699369754 ], [ 37.322439, 41.124090993690025 ], [ 37.333507, 41.119329993687842 ], [ 37.354503, 41.114243993685491 ], [ 37.37794, 41.11249399368473 ], [ 37.395356, 41.108465993682849 ], [ 37.419444, 41.087591993673215 ], [ 37.436534, 41.077703993668678 ], [ 37.47755, 41.067775993664107 ], [ 37.481293, 41.062200993661563 ], [ 37.504731, 41.042913993652633 ], [ 37.52475, 41.037176993649979 ], [ 37.564708, 41.04047299365152 ], [ 37.580577, 41.036769993649798 ], [ 37.785167, 41.060003993660523 ], [ 37.802745, 41.042913993652633 ], [ 37.769646231906378, 40.730979520884773 ], [ 38.063346862599992, 40.679187768483466 ], [ 38.633880615399988, 40.679187768483466 ], [ 38.859593918676993, 40.705091968676484 ], [ 38.966300867530798, 40.782838533239556 ], [ 39.0811981202, 40.808765404543983 ], [ 39.319081878799992, 40.808765404543983 ], [ 39.442012944744349, 40.782838533239556 ], [ 39.572866942921067, 40.705091968676484 ], [ 39.77494812, 40.679187768483466 ], [ 40.250392914, 40.679187768483466 ], [ 40.442597936741215, 40.69214194038419 ], [ 40.543809473593562, 40.731012940072276 ], [ 40.581649422590417, 40.769879990732065 ], [ 40.5939563814145, 40.847635711229842 ], [ 40.557384, 41.042466993652447 ], [ 40.58839, 41.057277993659227 ], [ 40.62615, 41.082179993670778 ], [ 40.639659, 41.08514999367209 ], [ 40.670665, 41.087957993673399 ], [ 40.685883, 41.091985993675237 ], [ 40.698253, 41.098130993678119 ], [ 40.757579, 41.158351993705821 ], [ 40.827485, 41.197942993724006 ], [ 40.838878, 41.201238993725511 ], [ 40.854015, 41.199285993724629 ], [ 40.896821, 41.18756699371923 ], [ 40.922048, 41.190618993720641 ], [ 40.959809, 41.210638993729809 ], [ 40.976085, 41.215521993732033 ], [ 40.997081, 41.217718993733058 ], [ 41.020274, 41.223699993735799 ], [ 41.042735, 41.232488993739857 ], [ 41.061371, 41.242824993744598 ], [ 41.100841, 41.274155993758889 ], [ 41.121349, 41.28554899376411 ], [ 41.146658, 41.28998399376615 ], [ 41.172618, 41.291245993766744 ], [ 41.190766, 41.295721993768787 ], [ 41.285004, 41.35382699379528 ], [ 41.310313, 41.360784993798497 ], [ 41.331798, 41.36969599380253 ], [ 41.34254, 41.372503993803811 ], [ 41.377452, 41.376043993805439 ], [ 41.390391, 41.379339993806951 ], [ 41.408946, 41.390325993811906 ], [ 41.424164, 41.407863993819902 ], [ 41.434337, 41.429144993829603 ], [ 41.438162, 41.451360993839685 ], [ 41.448578, 41.456243993841902 ], [ 41.507091, 41.495428993859647 ], [ 41.520763, 41.514227993868218 ], [ 41.586274, 41.602728993908201 ], [ 41.615733, 41.632635993921724 ], [ 41.676036, 41.662176993934999 ], [ 41.692882, 41.692287993948568 ], [ 41.739757, 41.749904993974432 ], [ 41.742361, 41.761663993979681 ], [ 41.742442, 41.770696993983726 ], [ 41.743907, 41.778631993987318 ], [ 41.750011, 41.787501993991285 ], [ 41.766287, 41.804184993998732 ], [ 41.771821, 41.812566994002538 ], [ 41.773936, 41.821600994006545 ], [ 41.773936, 41.902614994042658 ], [ 41.773935997950943, 41.906810196987664 ], [ 42.043347931199996, 41.911441797046592 ], [ 42.182403710935787, 41.885460179214164 ], [ 42.360180756413911, 41.807551109414639 ], [ 42.487722021563997, 41.807551109414639 ], [ 42.692829808231728, 41.885460179214164 ], [ 42.854669211086808, 41.898452820805772 ], [ 43.134818263973969, 41.859494845872462 ], [ 43.314916243655098, 41.88544749811804 ], [ 43.575493361718614, 42.002335100658271 ], [ 43.673663856612528, 42.015336054424857 ], [ 43.707263711344574, 41.937406385570434 ], [ 43.763952261294421, 41.898452820805772 ], [ 43.900368113222861, 41.859494845872462 ], [ 43.920333263445471, 41.79453873221199 ], [ 43.844095245727573, 41.638761899277682 ], [ 43.861833833898295, 41.560918879516144 ], [ 43.990991819461215, 41.483060163161461 ], [ 44.035813496583202, 41.3791929673217 ], [ 44.041476398570651, 41.145729392571539 ], [ 44.084161361317229, 41.029097123700851 ], [ 44.206207967533146, 40.912429243644333 ], [ 44.278604889, 40.873565667574191 ], [ 44.373792267000013, 40.873565667574191 ], [ 44.414430465479526, 40.834664516755147 ], [ 44.441209665187898, 40.718037835032895 ], [ 44.545242309799995, 40.679187768483466 ], [ 44.83050918619999, 40.679187768483466 ], [ 44.918603868994587, 40.640299808592275 ], [ 44.897720754754992, 40.523712035618246 ], [ 44.915537535121764, 40.446000711842061 ], [ 44.989777632781625, 40.329454137823163 ], [ 45.091313846751753, 40.27768047754855 ], [ 45.321610153494426, 40.238839231804874 ], [ 45.423049039702207, 40.187037987841059 ], [ 45.497142653852521, 40.070541766784572 ], [ 45.582730015512865, 40.018790739080565 ], [ 45.765341084332292, 39.979967804105769 ], [ 45.893630296443938, 39.902275676685598 ], [ 46.095833426130021, 39.708218464471805 ], [ 46.305080413399985, 39.643600456989752 ], [ 46.730720519599991, 39.643600456989752 ], [ 46.867936262391567, 39.617724513848088 ], [ 46.853988222203725, 39.540129009575672 ], [ 46.896617126200006, 39.514274589926984 ], [ 47.038407134800003, 39.514274589926977 ], [ 47.090334578726626, 39.540129009575701 ], [ 47.104371883212799, 39.617724513848088 ], [ 47.185539998943632, 39.630664412038811 ], [ 47.414897890012831, 39.59186436521933 ], [ 47.543340720653624, 39.604790386769253 ], [ 47.699511305111869, 39.682392757383688 ], [ 47.877769470199993, 39.708271020021073 ], [ 48.256237029799991, 39.708271020021073 ], [ 48.581401441390049, 39.759979248829069 ], [ 49.179342816152754, 39.915234246290687 ], [ 49.435395, 39.957667993141307 ], [ 49.428233, 39.947454993136432 ], [ 49.423676, 39.93549199313064 ], [ 49.423106, 39.926499993126313 ], [ 49.428233, 39.906439993116692 ], [ 49.439708, 39.884995993106379 ], [ 49.443126, 39.87335799310074 ], [ 49.438487, 39.8617619930952 ], [ 49.429698, 39.854314993091592 ], [ 49.422048, 39.849432993089245 ], [ 49.416515, 39.843735993086497 ], [ 49.414561, 39.834173993081905 ], [ 49.416352, 39.828598993079169 ], [ 49.419688, 39.823309993076684 ], [ 49.422374, 39.817327993073789 ], [ 49.421397, 39.810247993070377 ], [ 49.417166, 39.805853993068204 ], [ 49.40089, 39.796616993063786 ], [ 49.394786, 39.782456993056925 ], [ 49.395193, 39.776189993053947 ], [ 49.40089, 39.769272993050599 ], [ 49.396332, 39.756170993044201 ], [ 49.402029, 39.742498993037657 ], [ 49.424815, 39.71808499302584 ], [ 49.423595, 39.709539993021693 ], [ 49.409841, 39.70136099301773 ], [ 49.383962, 39.690130993012303 ], [ 49.358735, 39.666570993000889 ], [ 49.33725, 39.646429992991159 ], [ 49.318044, 39.621404992979009 ], [ 49.319021, 39.604192992970674 ], [ 49.307384, 39.587591992962565 ], [ 49.29713, 39.56557899295187 ], [ 49.289236, 39.542384992940583 ], [ 49.284923, 39.522202992930779 ], [ 49.285818, 39.495184992917679 ], [ 49.295746, 39.476710992908629 ], [ 49.388845, 39.410792992876509 ], [ 49.408946, 39.386419992864568 ], [ 49.408051, 39.382024992862405 ], [ 49.403575, 39.378484992860699 ], [ 49.397309, 39.345159992844458 ], [ 49.394786, 39.328680992836361 ], [ 49.38559, 39.334946992839427 ], [ 49.378673, 39.342474992843115 ], [ 49.373057, 39.350978992847246 ], [ 49.366873, 39.350978992847246 ], [ 49.370372, 39.30585399282517 ], [ 49.357677, 39.320135992832192 ], [ 49.306407, 39.346502992845068 ], [ 49.273123, 39.336574992840184 ], [ 49.247325, 39.31069599282754 ], [ 49.237071, 39.278956992811999 ], [ 49.237804, 39.169500992758302 ], [ 49.146821, 39.063421992706083 ], [ 49.147716, 39.08344099271595 ], [ 49.136404, 39.102280992725213 ], [ 49.116384, 39.110296992729175 ], [ 49.068614, 39.111395992729726 ], [ 49.068614, 39.120306992734072 ], [ 49.062755, 39.16132199275426 ], [ 49.05893, 39.172796992759935 ], [ 49.041189, 39.184393992765635 ], [ 49.022227, 39.188217992767449 ], [ 48.979503, 39.187078992766928 ], [ 48.967621, 39.183823992765305 ], [ 48.961762, 39.175848992761416 ], [ 48.957856, 39.165675992756398 ], [ 48.949555, 39.151271992749308 ], [ 48.948741, 39.146185992746865 ], [ 48.949067, 39.135320992741512 ], [ 48.946951, 39.127508992737674 ], [ 48.942149, 39.1253929927366 ], [ 48.937266, 39.12543399273661 ], [ 48.934825, 39.124415992736125 ], [ 48.932953, 39.077703992713147 ], [ 48.936371, 39.053126992700989 ], [ 48.952647, 39.031642992690422 ], [ 48.948578, 39.007228992678364 ], [ 48.921723, 38.935451992642918 ], [ 48.918224, 38.928940992639689 ], [ 48.898692, 38.893051992621899 ], [ 48.896251, 38.890732992620777 ], [ 48.867931, 38.863836992607446 ], [ 48.831798, 38.871160992611053 ], [ 48.83253, 38.835638992593466 ], [ 48.834727, 38.81928099258532 ], [ 48.839203, 38.803533992577592 ], [ 48.863129, 38.75665899255425 ], [ 48.8685, 38.602483992477545 ], [ 48.874278, 38.434230992393474 ], [ 48.874278, 38.434067992393388 ], [ 48.877208, 38.346176992349392 ], [ 48.865896, 38.31688099233466 ], [ 48.872895, 38.295558992323976 ], [ 48.874848, 38.242742992297437 ], [ 48.893728, 38.205796992278856 ], [ 48.907725, 38.083481992217258 ], [ 48.949067, 37.96686399215838 ], [ 48.941173, 37.947739992148712 ], [ 48.940196, 37.924993992137217 ], [ 48.944509, 37.903387992126277 ], [ 48.952159, 37.888006992118527 ], [ 48.987478, 37.84247499209544 ], [ 48.987804, 37.832098992090238 ], [ 48.984711, 37.823187992085707 ], [ 48.983165, 37.815984992082029 ], [ 48.993663, 37.776759992062168 ], [ 49.014496, 37.739162992043077 ], [ 49.065196, 37.678859992012484 ], [ 49.132498, 37.623357991984264 ], [ 49.205577, 37.581691991963069 ], [ 49.366873, 37.514959991929103 ], [ 49.441742, 37.494858991918861 ], [ 49.826182, 37.453558991897815 ], [ 49.867442, 37.45856399190037 ], [ 49.901541, 37.469712991906071 ], [ 49.933767, 37.474432991908444 ], [ 49.969493, 37.459702991900933 ], [ 49.959972, 37.458481991900307 ], [ 49.948904, 37.460923991901574 ], [ 49.943126, 37.461614991901897 ], [ 49.935313, 37.453558991897815 ], [ 50.018728, 37.427719991884615 ], [ 50.148774, 37.403875991872432 ], [ 50.195649, 37.389349991865068 ], [ 50.227306, 37.365423991852815 ], [ 50.223318, 37.329331991834422 ], [ 50.232107, 37.315415991827315 ], [ 50.245128, 37.279282991808792 ], [ 50.254242, 37.264837991801443 ], [ 50.268728, 37.246893991792305 ], [ 50.292247, 37.192815991764633 ], [ 50.322276, 37.153265991744405 ], [ 50.357188, 37.126531991730694 ], [ 50.429454, 37.082952991708368 ], [ 50.478852, 37.034979991683819 ], [ 50.493988, 37.02773699168003 ], [ 50.513438, 37.023260991677752 ], [ 50.624034, 36.963283991646954 ], [ 50.644786, 36.959417991645033 ], [ 50.658702, 36.954331991642377 ], [ 50.688243, 36.928696991629266 ], [ 50.703136, 36.918442991623991 ], [ 50.86085, 36.849554991588583 ], [ 51.004731, 36.767645991546459 ], [ 51.088634, 36.737005991530729 ], [ 51.367849, 36.69257199150784 ], [ 51.546072, 36.650945991486395 ], [ 51.730968, 36.624253991472649 ], [ 51.909028, 36.582708991451241 ], [ 52.094086, 36.602524991461486 ], [ 52.258556, 36.650945991486395 ], [ 52.430512, 36.685125991504023 ], [ 52.608653, 36.712387991518057 ], [ 52.779307, 36.740382991532464 ], [ 52.950531, 36.781316991553481 ], [ 53.115733, 36.822251991574568 ], [ 53.447602, 36.881902991605202 ], [ 53.492361, 36.887884991608274 ], [ 53.609141, 36.876898991602644 ], [ 53.616954, 36.86566799159683 ], [ 53.631033, 36.861964991594974 ], [ 53.663829, 36.863226991595603 ], [ 53.643891, 36.857814991592861 ], [ 53.635997, 36.8570009915924 ], [ 53.660167, 36.831203991579159 ], [ 53.70102, 36.81659599157166 ], [ 53.856456, 36.805486991565928 ], [ 53.872081, 36.798406991562281 ], [ 53.889171, 36.793605991559836 ], [ 54.014334, 36.821111991573972 ], [ 54.026215, 36.829087991578049 ], [ 54.033051, 36.845770991586647 ], [ 54.033443671666525, 36.930584308114376 ], [ 54.033539, 36.949122991639712 ], [ 54.028087, 36.966212991648511 ], [ 54.013357, 36.973089991652024 ], [ 53.994395, 36.979152991655148 ], [ 53.997244, 36.993719991662608 ], [ 54.02003, 37.02773699168003 ], [ 53.996267, 37.057317991695243 ], [ 53.980317, 37.094061991714078 ], [ 53.958018, 37.178533991757291 ], [ 53.927745, 37.243800991790728 ], [ 53.923188, 37.258001991797947 ], [ 53.913748, 37.342759991841305 ], [ 53.913748, 37.343003991841442 ], [ 53.899669, 37.468410991905387 ], [ 53.889822, 37.508123991925629 ], [ 53.871104, 37.547796991945809 ], [ 53.865245, 37.567287991955752 ], [ 53.860606, 37.611313991978136 ], [ 53.82488, 37.744858992045998 ], [ 53.80714, 38.031967992191277 ], [ 53.810313, 38.048406992199617 ], [ 53.823985, 38.081528992216292 ], [ 53.834158, 38.130275992240861 ], [ 53.858897, 38.206487992279207 ], [ 53.854991, 38.233709992292923 ], [ 53.866466, 38.265081992308687 ], [ 53.868175, 38.308009992330184 ], [ 53.863048, 38.381414992367048 ], [ 53.861501, 38.389349992371017 ], [ 53.85255, 38.403305992378037 ], [ 53.848155, 38.412501992382595 ], [ 53.845551, 38.422308992387514 ], [ 53.843435, 38.442693992397722 ], [ 53.828298, 38.503566992428141 ], [ 53.826996, 38.525457992439122 ], [ 53.836111, 38.60614699247936 ], [ 53.847423, 38.646307992499359 ], [ 53.863048, 38.679388992515875 ], [ 53.909841, 38.737697992544867 ], [ 53.926931, 38.773667992562729 ], [ 53.917003, 38.803533992577592 ], [ 53.931977, 38.813055992582242 ], [ 53.939789, 38.83104099259117 ], [ 53.945567, 38.851303992601217 ], [ 53.9546, 38.867742992609386 ], [ 53.965587, 38.881902992616361 ], [ 53.97755, 38.901759992626239 ], [ 53.982758, 38.916001992633277 ], [ 54.867608356522688, 39.294375568674894 ], [ 55.35217707872085, 39.565575738702165 ], [ 56.138263606785976, 40.108963126398884 ], [ 56.533833203611195, 40.445701634532 ], [ 56.93192053431865, 40.912127098914382 ], [ 57.31099110652513, 41.287810930141916 ], [ 58.054449563615407, 41.949735308511499 ], [ 58.378130967116583, 42.326842518118539 ], [ 58.600653804050488, 42.794974999389737 ], [ 58.641841438867417, 43.003488181678513 ], [ 58.5402659643023, 43.159706743483987 ], [ 58.513593403516829, 43.237865707289444 ], [ 58.535165486960096, 43.316010523793636 ], [ 58.513813065494226, 43.355094764334439 ], [ 58.428101401702598, 43.394174046444412 ], [ 58.446078000925596, 43.459278590623256 ], [ 58.586132686553434, 43.615657365801525 ], [ 58.731140117553061, 43.615657365801525 ], [ 59.025484141170011, 43.459278590623256 ], [ 59.484791805699679, 43.433250572041842 ], [ 60.569421166366226, 43.511429720896523 ], [ 61.153679745419204, 43.472287871294775 ], [ 61.820125096523789, 43.27688489452602 ], [ 62.142260476350934, 43.224850337142151 ], [ 62.443208014298513, 43.263920463872466 ], [ 62.531864105085404, 43.237855239260909 ], [ 62.496918533408085, 43.120665517651915 ], [ 62.706804568421916, 43.016483556406826 ], [ 63.370407240113323, 42.821277409145004 ], [ 63.675752865892186, 42.717239760570457 ], [ 63.928880005388322, 42.600182788012127 ], [ 64.033468992367929, 42.52216096647652 ], [ 64.094310383117374, 42.405152057939475 ], [ 64.146597290399981, 42.366176599246963 ], [ 64.242562866600011, 42.366176599246963 ], [ 64.479830396403202, 42.144582450495989 ], [ 65.095843738905486, 41.482406433334518 ], [ 65.293614753251418, 41.236582043971644 ], [ 65.27078610887078, 41.158769103674437 ], [ 65.303274887402338, 41.106900715186043 ], [ 65.423474447949928, 41.029108373952837 ], [ 65.455965350634202, 40.977252954510121 ], [ 65.433333544266205, 40.89947892394396 ], [ 65.518082343030514, 40.808709786162922 ], [ 65.794758965929987, 40.614355041535745 ], [ 65.938186885722118, 40.562591785919807 ], [ 66.0919908851873, 40.601453630224121 ], [ 66.13576123553274, 40.588492012210565 ], [ 66.113271335388077, 40.510770624055255 ], [ 66.153292846799999, 40.484874718392192 ], [ 66.295780945199994, 40.484874718392192 ], [ 66.414113164152027, 40.510770624055255 ], [ 66.62681295478427, 40.588492012210565 ], [ 66.705379186812806, 40.640311574921391 ], [ 66.728253608452263, 40.718048984749352 ], [ 66.878582763799997, 40.743972771513782 ], [ 67.306628418200006, 40.743972771513782 ], [ 67.62336317940408, 40.795770495348584 ], [ 68.146425889102716, 40.951300143188568 ], [ 68.329047753340447, 41.029108373952837 ], [ 68.353011650501799, 41.106900715186043 ], [ 68.460348948544038, 41.145808569281201 ], [ 68.758440043610818, 41.184713901510804 ], [ 68.861579454115798, 41.15876005797265 ], [ 68.872904592294518, 41.042062423769345 ], [ 68.928164452474078, 40.964278625212053 ], [ 69.0824765305385, 40.84762447773246 ], [ 69.133773160273535, 40.756895174770001 ], [ 69.133599383662272, 40.601420457764974 ], [ 69.169241913440814, 40.562591785919807 ], [ 69.276175495096822, 40.601453630224121 ], [ 69.303889097550339, 40.588492012210565 ], [ 69.280117460263128, 40.510770624055255 ], [ 69.3038803102, 40.484874718392192 ], [ 69.398870849799991, 40.484874718392192 ], [ 69.474097741045085, 40.420063545673429 ], [ 69.604912900615503, 40.225839257889149 ], [ 69.747305368408462, 40.174109930815874 ], [ 70.142471313, 40.225894921269528 ], [ 70.047711316133757, 40.122325535670697 ], [ 70.083503422563453, 40.031678969383222 ], [ 70.261875543163072, 39.837580560644803 ], [ 70.35289917019999, 39.772949212052332 ], [ 70.447546386799999, 39.772949212052332 ], [ 70.510913575426287, 39.721171053769886 ], [ 70.606462617225816, 39.565966408680374 ], [ 70.815887347627196, 39.475462680757495 ], [ 71.348133391913237, 39.359099208693578 ], [ 71.596757592796521, 39.242698123432973 ], [ 71.810853541812421, 39.010072200969802 ], [ 71.917471026351294, 38.94554333476983 ], [ 72.023186956730157, 38.984306760660559 ], [ 72.046971419562638, 38.958448912787645 ], [ 72.012717060255838, 38.842174703004837 ], [ 72.01705017099998, 38.80344008657751 ], [ 72.064149474999979, 38.80344008657751 ], [ 72.080404685065162, 38.751736985321536 ], [ 72.082286253121254, 38.596752060089131 ], [ 72.123291586592401, 38.46758154225428 ], [ 72.244475527289723, 38.235207372443462 ], [ 72.292465660731978, 37.963796582774343 ], [ 72.317902068378743, 37.38334915873876 ], [ 72.342921447399988, 37.190418234763399 ], [ 72.389668273600009, 37.190418234763399 ], [ 72.398203567518152, 37.164626554709258 ], [ 72.377128153993411, 37.087280530243227 ], [ 72.401274108999985, 37.06150817069738 ], [ 72.49472198499997, 37.06150817069738 ], [ 72.499766408081072, 37.022820029700085 ], [ 72.421640002435524, 36.906820473208199 ], [ 72.426783752199981, 36.868175498598113 ], [ 72.520153808799989, 36.868175498598113 ], [ 72.521791650750387, 36.816593259046257 ], [ 72.433649517641655, 36.661960799743191 ], [ 72.454624343979191, 36.50725291672839 ], [ 72.605869826478624, 36.198098502666284 ], [ 72.646331283899102, 36.056542843043196 ], [ 72.616123540822073, 35.94064628150398 ], [ 72.649249519505588, 35.889155571292861 ], [ 72.77866845655943, 35.850524896311533 ], [ 72.796269563844334, 35.799005231346193 ], [ 72.719859764977357, 35.68313155683952 ], [ 72.736485650350872, 35.567212530041658 ], [ 72.862846838749945, 35.335511216769511 ], [ 72.897563758846573, 35.16816788509103 ], [ 72.875775011445498, 34.897923062705019 ], [ 72.884164428600016, 34.807949056533374 ], [ 72.930448913400014, 34.807949056533374 ], [ 72.907883358262524, 34.717783929563936 ], [ 72.794748196396085, 34.447607760840199 ], [ 72.679937127869962, 34.293286268407932 ], [ 72.448428419762536, 34.100341358173687 ], [ 72.306854180557863, 34.023215654114502 ], [ 72.113078257235259, 33.984630755391912 ], [ 72.039301355821436, 33.93316819732479 ], [ 72.011817296734762, 33.817415826452759 ], [ 71.971972656599988, 33.778850545003571 ], [ 71.879788208399987, 33.778850545003571 ], [ 71.818522098531616, 33.714499592750045 ], [ 71.72734056311991, 33.521602742888106 ], [ 71.663414795319227, 33.444494850126873 ], [ 71.562427560960444, 33.405919107364838 ], [ 71.5228457242996, 33.367337220281478 ], [ 71.505107402212673, 33.290185742252781 ], [ 71.523987801077837, 33.238752976124431 ], [ 71.598319459297642, 33.161606076027304 ], [ 71.608412723002715, 33.071562789595667 ], [ 71.56471491421307, 32.878707132816068 ], [ 71.483253234947753, 32.788751607375822 ], [ 71.282354565740192, 32.711613862447166 ], [ 71.201157626153304, 32.621581314994408 ], [ 71.158672880798605, 32.428746254454154 ], [ 71.111253110470514, 32.351660472609517 ], [ 71.011158514917483, 32.313096173577982 ], [ 70.948567378287976, 32.235921588205933 ], [ 70.861263067211127, 32.043102545905057 ], [ 70.821339300990275, 31.927430841894793 ], [ 70.788687165729627, 31.773181737774941 ], [ 70.79312591579999, 31.721796024973436 ], [ 70.838870239199991, 31.721796024973436 ], [ 70.806451068285483, 31.567280996921166 ], [ 70.665587773459265, 31.104552885543967 ], [ 70.672198573602628, 30.834747557554621 ], [ 70.831395316887793, 30.487699548816323 ], [ 70.869873490467441, 30.217652554680825 ], [ 70.827313727282629, 29.754888840977426 ], [ 70.791439876713298, 29.562305091744225 ], [ 70.724725480720309, 29.446605356759726 ], [ 70.467177359027914, 29.111458692139298 ], [ 69.770814320296253, 28.224355806863766 ], [ 69.462357793403328, 27.903803287287086 ], [ 69.22399116758271, 27.826656384898346 ], [ 69.140492341214312, 27.775225139350379 ], [ 69.128265487323574, 27.698078236916146 ], [ 69.046889930368849, 27.659509197878545 ], [ 68.815000603438691, 27.62093459900936 ], [ 68.676557301480713, 27.505111968986398 ], [ 68.494075815129406, 27.196516891128283 ], [ 68.403518677, 27.093751893993829 ], [ 68.313316345, 27.093751893993815 ], [ 68.243625201552462, 27.02942155765091 ], [ 68.125151734482998, 26.836546407326136 ], [ 68.089685464011808, 26.695087321460381 ], [ 68.101743198315447, 26.463634235598306 ], [ 68.211600644934947, 26.283573336491241 ], [ 68.528926334669478, 25.974966788913182 ], [ 68.629534138919439, 25.833603491078854 ], [ 68.613947327073774, 25.717876286078695 ], [ 68.623770141999984, 25.67931364654147 ], [ 68.66871795699997, 25.67931364654147 ], [ 68.629808752528731, 25.499016493745042 ], [ 68.470704355459077, 24.958966952329014 ], [ 68.309830099168508, 24.62473313458802 ], [ 67.986044857593299, 24.161846554792184 ], [ 68.01352, 23.939275986118489 ], [ 67.994151, 23.811183986093777 ], [ 67.983165, 23.809637986093463 ], [ 67.973399, 23.805242986092651 ], [ 67.961925, 23.804673986092524 ], [ 67.950857, 23.808904986093303 ], [ 67.941661, 23.815862986094629 ], [ 67.937755, 23.826320986096629 ], [ 67.934255, 23.83299398609789 ], [ 67.926036, 23.834051986098107 ], [ 67.916759, 23.833644986098033 ], [ 67.909923, 23.836248986098518 ], [ 67.904633, 23.846258986100416 ], [ 67.905935, 23.859279986102905 ], [ 67.899913, 23.867579986104527 ], [ 67.891938, 23.869573986104907 ], [ 67.883474, 23.864813986104014 ], [ 67.868907, 23.850490986101235 ], [ 67.864513, 23.865789986104204 ], [ 67.863292, 23.902817986111359 ], [ 67.855235, 23.911932986113118 ], [ 67.849132, 23.889471986108735 ], [ 67.839041, 23.823390986096058 ], [ 67.831716, 23.80951598609342 ], [ 67.802582, 23.81281198609409 ], [ 67.773204, 23.821111986095644 ], [ 67.718598, 23.843694986099955 ], [ 67.730724, 23.835597986098382 ], [ 67.741059, 23.823064986095996 ], [ 67.73227, 23.795232986090742 ], [ 67.715668, 23.791692986090112 ], [ 67.693614, 23.793442986090401 ], [ 67.656586, 23.802068986092049 ], [ 67.646495, 23.802882986092197 ], [ 67.637706, 23.801743986091953 ], [ 67.631602, 23.803452986092314 ], [ 67.629242, 23.812648986094061 ], [ 67.630707, 23.82477398609635 ], [ 67.634288, 23.83307498609793 ], [ 67.638845, 23.84064398609933 ], [ 67.642914, 23.850490986101235 ], [ 67.651052, 23.907049986112192 ], [ 67.656586, 23.919378986114577 ], [ 67.656586, 23.925604986115793 ], [ 67.652029, 23.925278986115703 ], [ 67.651052, 23.926906986116038 ], [ 67.651215, 23.929754986116613 ], [ 67.650401, 23.933050986117223 ], [ 67.638031, 23.915919986113902 ], [ 67.63738, 23.874253986105813 ], [ 67.629242, 23.85667598610241 ], [ 67.614513, 23.850083986101158 ], [ 67.59962, 23.854233986101953 ], [ 67.589366, 23.866522986104318 ], [ 67.58839, 23.88466998610782 ], [ 67.566091, 23.876450986106221 ], [ 67.558116, 23.888657986108576 ], [ 67.546641, 23.898260986110468 ], [ 67.532563, 23.899155986110635 ], [ 67.530121, 23.8912619861091 ], [ 67.535899, 23.880031986106903 ], [ 67.525248725677713, 23.875665026342443 ], [ 67.491059, 23.883123986107538 ], [ 67.478526, 23.891505986109124 ], [ 67.488048, 23.893051986109466 ], [ 67.495291, 23.892278986109286 ], [ 67.502615, 23.892889986109424 ], [ 67.512543, 23.898260986110468 ], [ 67.520518, 23.907049986112192 ], [ 67.532237, 23.92914498611648 ], [ 67.540538, 23.939275986118489 ], [ 67.530528, 23.935491986117714 ], [ 67.519867, 23.928289986116315 ], [ 67.509044, 23.923244986115332 ], [ 67.498871, 23.925604986115793 ], [ 67.496918, 23.935613986117726 ], [ 67.499766, 23.951645986120901 ], [ 67.506358, 23.974025986125348 ], [ 67.463634, 23.982000986126931 ], [ 67.451182, 23.98769798612803 ], [ 67.46811, 24.021958986134916 ], [ 67.478201, 24.032415986136986 ], [ 67.492198, 24.028021986136118 ], [ 67.519867, 24.045070986139564 ], [ 67.529796, 24.05491798614154 ], [ 67.533051, 24.070257986144703 ], [ 67.509776, 24.052068986140963 ], [ 67.489106, 24.054103986141421 ], [ 67.467296, 24.064153986143435 ], [ 67.440684, 24.070257986144703 ], [ 67.408019885946288, 24.06828023690532 ], [ 67.383556, 24.066798986143969 ], [ 67.354015, 24.070867986144812 ], [ 67.341319, 24.086370986147962 ], [ 67.337087, 24.118963986154686 ], [ 67.326427, 24.143784986159815 ], [ 67.300304, 24.186264986168716 ], [ 67.295584, 24.199204986171431 ], [ 67.293305, 24.212225986174175 ], [ 67.292328, 24.261867986184765 ], [ 67.288422, 24.269964986186459 ], [ 67.279145, 24.281235986188943 ], [ 67.283865, 24.28790898619037 ], [ 67.289317, 24.298650986192708 ], [ 67.292817, 24.302964986193615 ], [ 67.285981, 24.329575986199398 ], [ 67.305919, 24.342840986202297 ], [ 67.319040667072841, 24.344380747618484 ], [ 67.336436, 24.346421986203072 ], [ 67.362478, 24.343939986202535 ], [ 67.34254, 24.353826986204716 ], [ 67.325369, 24.357610986205508 ], [ 67.28297, 24.357610986205508 ], [ 67.271658, 24.369085986208066 ], [ 67.273611, 24.395086986213808 ], [ 67.286632, 24.439520986223684 ], [ 67.280528, 24.432317986222081 ], [ 67.273611, 24.426946986220859 ], [ 67.2588, 24.419093986219121 ], [ 67.256847, 24.444972986224894 ], [ 67.246837, 24.467962986230066 ], [ 67.230724, 24.488836986234833 ], [ 67.210948, 24.508449986239256 ], [ 67.230805, 24.525091986243055 ], [ 67.226736, 24.532374986244744 ], [ 67.204112, 24.535101986245351 ], [ 67.194591, 24.547267986248166 ], [ 67.18865, 24.561346986251394 ], [ 67.185232, 24.576116986254764 ], [ 67.183604, 24.590317986258086 ], [ 67.199474, 24.584783986256788 ], [ 67.21811, 24.582423986256277 ], [ 67.236664, 24.583969986256601 ], [ 67.252615, 24.590317986258086 ], [ 67.223888, 24.607163986261991 ], [ 67.208995, 24.613755986263531 ], [ 67.200791567221046, 24.615482886812647 ], [ 67.19044, 24.617661986264469 ], [ 67.172699, 24.615870986264042 ], [ 67.159923, 24.612249986263201 ], [ 67.15211, 24.615708986264003 ], [ 67.149587, 24.635076986268555 ], [ 67.156993, 24.662908986275063 ], [ 67.175548, 24.688706986281183 ], [ 67.199962, 24.710638986286391 ], [ 67.22462, 24.726954986290281 ], [ 67.25294, 24.740382986293547 ], [ 67.255544, 24.747991986295347 ], [ 67.245128, 24.761663986298672 ], [ 67.232677, 24.770737986300851 ], [ 67.223806, 24.769720986300602 ], [ 67.212657, 24.764715986299386 ], [ 67.176036, 24.757716986297702 ], [ 67.167328, 24.760158986298286 ], [ 67.161632, 24.78139898630339 ], [ 67.156016, 24.791570986305867 ], [ 67.148204, 24.799790986307862 ], [ 67.139659, 24.803289986308723 ], [ 67.121837, 24.801214986308239 ], [ 67.111095, 24.797755986307379 ], [ 67.099946, 24.797064986307205 ], [ 67.081228, 24.803289986308723 ], [ 67.073741, 24.795802986306892 ], [ 67.08253, 24.774155986301658 ], [ 67.063731, 24.781683986303459 ], [ 67.02296, 24.810044986310377 ], [ 67.005056, 24.813543986311245 ], [ 66.987315, 24.822210986313362 ], [ 66.972992, 24.833156986316009 ], [ 66.965099, 24.843572986318591 ], [ 66.957693, 24.843572986318591 ], [ 66.941173, 24.812566986310983 ], [ 66.921886, 24.824285986313846 ], [ 66.903331, 24.839178986317506 ], [ 66.882091, 24.851019986320416 ], [ 66.85377, 24.852239986320697 ], [ 66.827322, 24.844142986318698 ], [ 66.802501, 24.839544986317591 ], [ 66.779633, 24.851019986320416 ], [ 66.769298, 24.847234986319457 ], [ 66.716319, 24.841538986318071 ], [ 66.679698, 24.830551986315367 ], [ 66.654145, 24.839178986317506 ], [ 66.656749, 24.858709986322303 ], [ 66.677013, 24.879542986327419 ], [ 66.704438, 24.89203498633055 ], [ 66.704438, 24.898870986332234 ], [ 66.681326, 24.910548986335112 ], [ 66.681326, 24.948878986344699 ], [ 66.697032, 25.025457986364056 ], [ 66.699555, 25.08527298637939 ], [ 66.704438, 25.104314986384342 ], [ 66.713552, 25.120753986388596 ], [ 66.73227, 25.143255986394454 ], [ 66.737966, 25.159490986398676 ], [ 66.737153, 25.181097986404346 ], [ 66.721446, 25.212591986412644 ], [ 66.71754, 25.231186986417573 ], [ 66.710216, 25.23924398641973 ], [ 66.674083, 25.269028986427653 ], [ 66.659516, 25.275579986429403 ], [ 66.648285, 25.28318898643148 ], [ 66.595225, 25.330226986444092 ], [ 66.56072, 25.349676986449378 ], [ 66.547862, 25.365626986453691 ], [ 66.553722, 25.385442986459111 ], [ 66.579275, 25.379380986457424 ], [ 66.591156, 25.399603986462957 ], [ 66.587087, 25.426214986470281 ], [ 66.56422, 25.439438986473892 ], [ 66.550548, 25.457098986478798 ], [ 66.541677, 25.492173986488528 ], [ 66.531016, 25.518133986495776 ], [ 66.512706, 25.508367986492996 ], [ 66.51059, 25.512925986494334 ], [ 66.507335, 25.517563986495595 ], [ 66.50587, 25.522039986496853 ], [ 66.492849, 25.518051986495742 ], [ 66.486583, 25.525620986497849 ], [ 66.482921, 25.538234986501386 ], [ 66.477875, 25.549301986504478 ], [ 66.444102, 25.582505986513855 ], [ 66.437022, 25.597723986518162 ], [ 66.41212, 25.590561986516139 ], [ 66.387706, 25.592433986516681 ], [ 66.372569, 25.603908986519915 ], [ 66.375499, 25.625677986526117 ], [ 66.358653, 25.614487986522906 ], [ 66.338552, 25.608099986521101 ], [ 66.303233, 25.604559986520133 ], [ 66.29127, 25.6059429865205 ], [ 66.270518, 25.611639986522121 ], [ 66.258149, 25.612005986522203 ], [ 66.254242, 25.609604986521553 ], [ 66.248383, 25.604681986520141 ], [ 66.239757, 25.599920986518793 ], [ 66.203949, 25.593206986516915 ], [ 66.183442, 25.581609986513627 ], [ 66.167166, 25.566066986509217 ], [ 66.155772, 25.549301986504478 ], [ 66.13738, 25.513820986494544 ], [ 66.131602, 25.508367986492996 ], [ 66.12086, 25.504583986491987 ], [ 66.10963, 25.495428986489433 ], [ 66.099946, 25.484360986486326 ], [ 66.094412, 25.474839986483708 ], [ 66.121104, 25.475164986483776 ], [ 66.097960153280923, 25.446456079541676 ], [ 66.069021, 25.446233986475768 ], [ 66.004649, 25.429632986471233 ], [ 65.92449, 25.418605986468187 ], [ 65.881521, 25.419622986468461 ], [ 65.858409, 25.417547986467877 ], [ 65.823985, 25.402247986463703 ], [ 65.800304, 25.395818986461922 ], [ 65.765391, 25.377996986457049 ], [ 65.724376, 25.371160986455216 ], [ 65.671641, 25.347397986448755 ], [ 65.65211, 25.344467986447963 ], [ 65.629731, 25.34690998644864 ], [ 65.488129, 25.38312398645845 ], [ 65.467784, 25.385442986459111 ], [ 65.446056, 25.381007986457877 ], [ 65.422862, 25.37238198645554 ], [ 65.400727, 25.366684986453958 ], [ 65.382335, 25.371160986455216 ], [ 65.386974, 25.376409986456629 ], [ 65.395356, 25.392278986460983 ], [ 65.362804, 25.390569986460484 ], [ 65.336192, 25.385320986459057 ], [ 65.313243, 25.376857986456752 ], [ 65.292328, 25.36497598645354 ], [ 65.259776, 25.380438986457726 ], [ 65.23227, 25.370672986455062 ], [ 65.211111, 25.347845986448846 ], [ 65.187999, 25.31102098643893 ], [ 65.180186, 25.303655986436926 ], [ 65.170177, 25.299464986435797 ], [ 65.155284, 25.296087986434934 ], [ 65.143403, 25.295884986434849 ], [ 65.118012, 25.301946986436455 ], [ 65.08961, 25.30556898643745 ], [ 65.058849, 25.314520986439828 ], [ 65.042003, 25.316595986440397 ], [ 64.980642, 25.316595986440397 ], [ 64.920665, 25.327052986443235 ], [ 64.889659, 25.3283549864436 ], [ 64.861095, 25.316595986440397 ], [ 64.839122, 25.325343986442768 ], [ 64.807302, 25.328517986443664 ], [ 64.744395, 25.324041986442442 ], [ 64.718516, 25.314398986439816 ], [ 64.695974, 25.297592986435323 ], [ 64.678559, 25.276800986429738 ], [ 64.66863, 25.255112986423953 ], [ 64.662771, 25.229070986417039 ], [ 64.663341, 25.217026986413849 ], [ 64.66863, 25.206731986411086 ], [ 64.679861, 25.201482986409733 ], [ 64.6963, 25.197088986408541 ], [ 64.709158, 25.19065998640685 ], [ 64.710216, 25.179388986403897 ], [ 64.702322, 25.178777986403748 ], [ 64.69754285171588, 25.177457859561059 ], [ 64.640636, 25.16657098640054 ], [ 64.615245, 25.173162986402275 ], [ 64.600352, 25.173162986402275 ], [ 64.626964, 25.211614986412396 ], [ 64.627696, 25.228460986416824 ], [ 64.610606, 25.251694986423008 ], [ 64.593028, 25.261297986425575 ], [ 64.56544, 25.270249986427963 ], [ 64.53712, 25.275864986429458 ], [ 64.518403, 25.275579986429403 ], [ 64.506602, 25.266912986427062 ], [ 64.492035, 25.245672986421443 ], [ 64.480235, 25.24144098642029 ], [ 64.46754, 25.24038298642003 ], [ 64.448009, 25.235744986418798 ], [ 64.439301, 25.234604986418478 ], [ 64.417491, 25.240911986420148 ], [ 64.382823, 25.271469986428293 ], [ 64.360688, 25.283025986431404 ], [ 64.318207, 25.292303986433915 ], [ 64.275076, 25.296087986434934 ], [ 64.265798, 25.298650986435607 ], [ 64.252778, 25.311590986439047 ], [ 64.24464, 25.316595986440397 ], [ 64.18393, 25.318670986440996 ], [ 64.094493, 25.335882986445622 ], [ 64.094737, 25.349920986449419 ], [ 64.099148472158575, 25.358764598675013 ], [ 64.103689, 25.367864986454318 ], [ 64.106944, 25.385442986459111 ], [ 64.101736, 25.390854986460582 ], [ 64.092296, 25.395981986461969 ], [ 64.083507, 25.403509986464048 ], [ 64.0796, 25.416204986467523 ], [ 64.083751, 25.426743986470409 ], [ 64.093761, 25.431788986471798 ], [ 64.106212, 25.433253986472213 ], [ 64.117442, 25.433253986472213 ], [ 64.14088, 25.428859986470982 ], [ 64.15089, 25.432114986471877 ], [ 64.155284, 25.446925986475993 ], [ 64.150727, 25.451401986477187 ], [ 64.140636, 25.453354986477741 ], [ 64.127289, 25.453761986477865 ], [ 64.081554, 25.443751986475107 ], [ 64.056488, 25.441717986474561 ], [ 64.045421, 25.450343986476902 ], [ 63.989594, 25.425441986470052 ], [ 63.976573, 25.412786986466571 ], [ 63.969737, 25.344467986447963 ], [ 63.944102, 25.334905986445388 ], [ 63.906586, 25.341212986447054 ], [ 63.804942, 25.37498598645622 ], [ 63.737804, 25.385320986459057 ], [ 63.669932, 25.383611986458604 ], [ 63.604666, 25.374415986456096 ], [ 63.57252, 25.36497598645354 ], [ 63.554373, 25.356186986451114 ], [ 63.537608, 25.344467986447963 ], [ 63.510509, 25.316595986440397 ], [ 63.495779, 25.291408986433648 ], [ 63.485199, 25.284328986431742 ], [ 63.469493, 25.289251986433069 ], [ 63.474132, 25.273138986428737 ], [ 63.4817, 25.260158986425292 ], [ 63.511974, 25.226710986416389 ], [ 63.516129106373988, 25.224044464847807 ], [ 63.468761, 25.199041986409057 ], [ 63.411143, 25.22247998641528 ], [ 63.376964, 25.22776898641667 ], [ 63.308116, 25.220363986414686 ], [ 63.291352, 25.222804986415351 ], [ 63.244151, 25.24144098642029 ], [ 63.178477, 25.258042986424709 ], [ 63.144054, 25.260931986425465 ], [ 63.113129, 25.255112986423953 ], [ 63.050955, 25.224188986415701 ], [ 63.027843, 25.220363986414686 ], [ 62.942393, 25.22776898641667 ], [ 62.770518, 25.261907986425765 ], [ 62.604959, 25.265996986426831 ], [ 62.527479, 25.264187986426361 ], [ 62.477179, 25.259063986424998 ], [ 62.465017, 25.237249986419201 ], [ 62.467621, 25.22353798641554 ], [ 62.489431, 25.214178986413067 ], [ 62.469493, 25.206731986411086 ], [ 62.444347, 25.213934986413019 ], [ 62.413829, 25.206528986411058 ], [ 62.385265, 25.192449986407311 ], [ 62.365896, 25.179388986403897 ], [ 62.354747, 25.169419986401294 ], [ 62.34311, 25.15546298639762 ], [ 62.30245206611238, 25.17119572781122 ], [ 62.297479, 25.185132986405399 ], [ 62.275184, 25.199889986409271 ], [ 62.254222, 25.212031986412462 ], [ 62.225792, 25.21405398641302 ], [ 62.191809, 25.220080986414626 ], [ 62.145193, 25.218410986414209 ], [ 62.102712, 25.205145986410667 ], [ 62.080031, 25.197151986408578 ], [ 62.068045, 25.178141986403581 ], [ 62.058989, 25.161635986399233 ], [ 62.07309, 25.150579986396362 ], [ 62.077828, 25.127712986390371 ], [ 62.088902, 25.11842198638799 ], [ 62.093296396590269, 25.112422995694281 ], [ 62.075551, 25.100748986383369 ], [ 62.035841, 25.103043986384005 ], [ 61.98911, 25.108073986385289 ], [ 61.929498, 25.109562986385676 ], [ 61.881114, 25.103012986383984 ], [ 61.869884, 25.083888986379041 ], [ 61.866384, 25.075425986376885 ], [ 61.857432, 25.066839986374649 ], [ 61.847341, 25.037908986367242 ], [ 61.835216, 25.038397986367361 ], [ 61.814853, 25.026179986364291 ], [ 61.790478, 25.017762986362087 ], [ 61.754868, 25.013466986361021 ], [ 61.729551, 25.021782986363156 ], [ 61.720064, 25.037435986367161 ], [ 61.725759, 25.058904986372617 ], [ 61.73585, 25.069524986375377 ], [ 61.728526, 25.08307498637884 ], [ 61.732432, 25.09161998638103 ], [ 61.749522, 25.104314986384342 ], [ 61.76002, 25.115382986387214 ], [ 61.762706, 25.121974986388896 ], [ 61.763845, 25.134995986392273 ], [ 61.766775, 25.145656986395089 ], [ 61.780121, 25.162542986399462 ], [ 61.783702, 25.173162986402275 ], [ 61.783051, 25.187973986406142 ], [ 61.779552, 25.191066986406941 ], [ 61.773692, 25.188421986406272 ], [ 61.766856, 25.186224986405694 ], [ 61.763927, 25.184271986405204 ], [ 61.755138, 25.175604986402924 ], [ 61.749522, 25.173162986402275 ], [ 61.744314, 25.174953986402738 ], [ 61.73113, 25.18406798640515 ], [ 61.725352, 25.186224986405694 ], [ 61.713634, 25.188055986406162 ], [ 61.70753, 25.192205986407238 ], [ 61.702485, 25.197007986408519 ], [ 61.694184, 25.200506986409472 ], [ 61.682791, 25.201645986409773 ], [ 61.650157, 25.200506986409472 ], [ 61.634125, 25.20392498641036 ], [ 61.624197, 25.20441298641051 ], [ 61.612437, 25.200506986409472 ], [ 61.588227, 25.202093986409878 ], [ 61.581879, 25.216701986413739 ], [ 61.579763, 25.233465986418182 ], [ 61.562348, 25.244817986421207 ], [ 61.559255, 25.25096298642282 ], [ 61.554454, 25.25409598642366 ], [ 61.544688, 25.248276986422116 ], [ 61.54184, 25.242579986420566 ], [ 61.540375, 25.226507986416337 ], [ 61.537283, 25.220363986414686 ], [ 61.542817, 25.215643986413433 ], [ 61.552745, 25.205063986410686 ], [ 61.55836, 25.200506986409472 ], [ 61.531869998288293, 25.204570224067492 ], [ 61.520763, 25.208644986411599 ], [ 61.504242, 25.208807986411653 ], [ 61.482595, 25.193670986407643 ], [ 61.506196, 25.186834986405842 ], [ 61.515961, 25.181870986404551 ], [ 61.524181, 25.173162986402275 ], [ 61.518809, 25.163519986399724 ], [ 61.503184, 25.145249986394958 ], [ 61.498546, 25.134669986392222 ], [ 61.497406, 25.125433986389805 ], [ 61.489513, 25.118597986388028 ], [ 61.475108, 25.111639986386226 ], [ 61.420584, 25.096868986382432 ], [ 61.24353, 25.111885986386294 ], [ 61.185068, 25.123248986389207 ], [ 61.185476, 25.139607986393493 ], [ 61.170269, 25.164439986399973 ], [ 61.03061, 25.209783986411892 ], [ 60.86671, 25.234604986418478 ], [ 60.727712, 25.264389986426398 ], [ 60.633474, 25.274969986429237 ], [ 60.616954, 25.28318898643148 ], [ 60.632335, 25.296087986434934 ], [ 60.608165, 25.327581986443345 ], [ 60.604991, 25.341050986447016 ], [ 60.604747, 25.397161986462304 ], [ 60.601573, 25.405950986464713 ], [ 60.565196, 25.438624986473695 ], [ 60.549653, 25.446925986475993 ], [ 60.532074, 25.448919986476536 ], [ 60.514171, 25.44733298647607 ], [ 60.445649, 25.428167986470775 ], [ 60.428477, 25.419622986468461 ], [ 60.418956, 25.405991986464702 ], [ 60.403331, 25.388860986460031 ], [ 60.395274, 25.377874986457016 ], [ 60.39503, 25.371323986455252 ], [ 60.382823, 25.320257986441394 ], [ 60.362559, 25.330551986444185 ], [ 60.319223, 25.329850986444011 ], [ 60.290294, 25.351303986449814 ], [ 60.296738765426873, 25.362288650417266 ], [ 60.299653, 25.367254986454132 ], [ 60.303966, 25.371160986455216 ], [ 60.289399, 25.377182986456855 ], [ 60.271251, 25.379583986457487 ], [ 60.235037, 25.377996986457049 ], [ 60.207367, 25.37311398645571 ], [ 60.201508, 25.371160986455216 ], [ 60.192556, 25.362005986452701 ], [ 60.161876, 25.331976986444584 ], [ 60.15089, 25.335272986445446 ], [ 60.11671, 25.339829986446706 ], [ 60.108897, 25.345119986448136 ], [ 60.097911, 25.358139986451636 ], [ 60.082038, 25.365949986453771 ], [ 60.045325, 25.363857986453201 ], [ 59.994423, 25.356849986451326 ], [ 59.940823, 25.354910986450786 ], [ 59.903806, 25.329862986443999 ], [ 59.861696, 25.343056986447571 ], [ 59.819865, 25.379200986457388 ], [ 59.774873, 25.389868986460282 ], [ 59.659134, 25.383360986458527 ], [ 59.613997, 25.383776986458628 ], [ 59.53799, 25.399749986462997 ], [ 59.490443, 25.443466986475013 ], [ 59.453902, 25.461606986480039 ], [ 59.397288, 25.451845986477331 ], [ 59.279145, 25.434718986472593 ], [ 59.251069, 25.43073198647151 ], [ 59.195323, 25.422918986469359 ], [ 59.138357, 25.398504986462658 ], [ 59.117198, 25.394191986461461 ], [ 59.108735, 25.395696986461918 ], [ 59.101329, 25.402247986463703 ], [ 59.094086, 25.406398986464833 ], [ 59.08546, 25.404607986464338 ], [ 59.076182, 25.400701986463268 ], [ 59.066905, 25.398504986462658 ], [ 59.043956, 25.399603986462957 ], [ 59.024181, 25.403224986463965 ], [ 59.007335, 25.409734986465768 ], [ 58.994314, 25.419622986468461 ], [ 58.94809, 25.486517986486959 ], [ 58.923513, 25.513372986494403 ], [ 58.884451, 25.529485986498944 ], [ 58.84962, 25.528794986498745 ], [ 58.840343, 25.532903986499885 ], [ 58.834158, 25.54238498650253 ], [ 58.830577, 25.552313986505361 ], [ 58.825206, 25.560369986507602 ], [ 58.813731, 25.563624986508515 ], [ 58.728038, 25.563624986508515 ], [ 58.546397, 25.593654986517027 ], [ 58.484141, 25.584661986514469 ], [ 58.430512, 25.587957986515388 ], [ 58.411794, 25.596014986517702 ], [ 58.418956, 25.612005986522203 ], [ 58.389659, 25.610296986521735 ], [ 58.357595, 25.604559986520133 ], [ 58.344086, 25.598130986518267 ], [ 58.321056, 25.580796986513356 ], [ 58.305919, 25.577296986512383 ], [ 58.299001, 25.57981998651309 ], [ 58.295584, 25.583888986514243 ], [ 58.290701, 25.583725986514203 ], [ 58.278982, 25.573878986511431 ], [ 58.271007, 25.568670986509929 ], [ 58.260753, 25.565740986509102 ], [ 58.251964, 25.566839986509439 ], [ 58.248302, 25.573878986511431 ], [ 58.242442, 25.571437986510741 ], [ 58.207286, 25.549301986504478 ], [ 58.170421, 25.544093986503007 ], [ 58.137869, 25.549790986504632 ], [ 58.106212, 25.558904986507173 ], [ 58.07309, 25.563624986508515 ], [ 58.046235, 25.574936986511716 ], [ 58.024181, 25.601873986519333 ], [ 57.994314, 25.659165986535651 ], [ 57.963227, 25.693182986545459 ], [ 57.925304, 25.701320986547806 ], [ 57.884044, 25.691635986544995 ], [ 57.843516, 25.672837986539584 ], [ 57.809418, 25.647772986532416 ], [ 57.787446, 25.635442986528897 ], [ 57.771739, 25.635564986528905 ], [ 57.77589, 25.679673986541559 ], [ 57.779796, 25.691147986544841 ], [ 57.782481, 25.696111986546292 ], [ 57.783051, 25.699773986547335 ], [ 57.781505, 25.70758698654959 ], [ 57.771251, 25.730454986556214 ], [ 57.755626, 25.74274298655979 ], [ 57.734711, 25.74770698656123 ], [ 57.709727, 25.748520986561449 ], [ 57.687185, 25.746404986560858 ], [ 57.631847, 25.734930986557501 ], [ 57.61964, 25.737005986558103 ], [ 57.598806, 25.746404986560858 ], [ 57.587169, 25.748520986561449 ], [ 57.575694, 25.747503986561146 ], [ 57.555837, 25.742824986559793 ], [ 57.545584, 25.741766986559508 ], [ 57.520681, 25.743556986560034 ], [ 57.452485, 25.762884986565631 ], [ 57.459972, 25.769028986567427 ], [ 57.326182, 25.777003986569724 ], [ 57.311534, 25.78412498657184 ], [ 57.304373, 25.799749986576412 ], [ 57.298676, 25.848699986590816 ], [ 57.274425, 25.899399986605861 ], [ 57.261974, 25.939886986617967 ], [ 57.253591, 25.958969986623696 ], [ 57.243663, 25.967026986626117 ], [ 57.242035, 25.970892986627284 ], [ 57.219737, 25.995021986634583 ], [ 57.215343, 25.995835986634784 ], [ 57.202647, 25.993882986634194 ], [ 57.198578, 25.995021986634583 ], [ 57.196788, 25.999171986635822 ], [ 57.194102, 26.010971986639372 ], [ 57.180512, 26.046860986650284 ], [ 57.176524, 26.063543986655365 ], [ 57.166759, 26.08299398666135 ], [ 57.164561, 26.094915986664972 ], [ 57.170909, 26.115626986671355 ], [ 57.201996, 26.146225986680776 ], [ 57.212901, 26.166245986687013 ], [ 57.199229, 26.198187986696915 ], [ 57.133067, 26.263738986717463 ], [ 57.138438, 26.290431986725871 ], [ 57.131033, 26.296616986727834 ], [ 57.125255, 26.341863986742201 ], [ 57.118175, 26.364324986749377 ], [ 57.107107, 26.382269986755094 ], [ 57.087901, 26.398992986760419 ], [ 57.083181, 26.406479986762822 ], [ 57.080333, 26.41535098676567 ], [ 57.076671, 26.438217986773047 ], [ 57.076345, 26.447454986776044 ], [ 57.093435, 26.572210986816671 ], [ 57.090017, 26.618800986832039 ], [ 57.024913, 26.850978986909936 ], [ 57.011241, 26.868882986916024 ], [ 56.977306, 26.895330986925089 ], [ 56.96518, 26.911118986930482 ], [ 56.966482, 26.927231986936029 ], [ 56.93572, 26.945542986942307 ], [ 56.925548, 26.955145986945613 ], [ 56.940115, 26.954290986945338 ], [ 56.95102, 26.958156986946669 ], [ 56.961111, 26.963852986948652 ], [ 56.973318, 26.968816986950348 ], [ 56.964854, 26.975652986952706 ], [ 56.963552, 26.985052986955967 ], [ 56.967052, 26.99481798695933 ], [ 56.973318, 27.002996986962192 ], [ 56.917247, 26.996079986959792 ], [ 56.913097, 27.000799986961415 ], [ 56.908214, 27.002996986962192 ], [ 56.903087, 27.00641498696336 ], [ 56.897797, 27.013006986965678 ], [ 56.89088, 27.017034986967083 ], [ 56.871349, 27.008449986964077 ], [ 56.865489, 27.011867986965267 ], [ 56.862966, 27.020086986968153 ], [ 56.863455, 27.030259986971654 ], [ 56.850597, 27.027654986970735 ], [ 56.843761, 27.032903986972578 ], [ 56.844086, 27.040228986975112 ], [ 56.853526, 27.043930986976413 ], [ 56.858409, 27.047430986977638 ], [ 56.875987, 27.06439898698358 ], [ 56.884613, 27.070623986985726 ], [ 56.884613, 27.078069986988361 ], [ 56.855317, 27.08169198698964 ], [ 56.831391, 27.096136986994676 ], [ 56.815196, 27.117010987002015 ], [ 56.808849, 27.139552987009925 ], [ 56.784434, 27.125311987004906 ], [ 56.757335, 27.125229987004893 ], [ 56.742361, 27.129583987006427 ], [ 56.733084, 27.139227987009811 ], [ 56.725597, 27.148829987013201 ], [ 56.716075, 27.153143987014754 ], [ 56.612315, 27.154241987015105 ], [ 56.589692, 27.160630987017392 ], [ 56.582856, 27.153143987014754 ], [ 56.558604, 27.165187987019014 ], [ 56.528575, 27.170721987020951 ], [ 56.466156, 27.173650987021993 ], [ 56.436534, 27.178859987023873 ], [ 56.384125, 27.197495987030447 ], [ 56.353038, 27.201605987031883 ], [ 56.291189, 27.198471987030754 ], [ 56.259613, 27.191229987028226 ], [ 56.236583, 27.177068987023191 ], [ 56.21518, 27.167872987019923 ], [ 56.150157, 27.165350987019046 ], [ 56.123709, 27.160630987017392 ], [ 56.115571, 27.155747987015651 ], [ 56.098888, 27.141017987010446 ], [ 56.095551, 27.136134987008759 ], [ 56.093516, 27.125555987004994 ], [ 56.088145, 27.122218987003869 ], [ 56.080414, 27.120753987003301 ], [ 56.071788, 27.115626987001516 ], [ 56.054535, 27.102606986996946 ], [ 55.987315, 27.066351986984262 ], [ 55.963145, 27.048040986977828 ], [ 55.962738, 27.043930986976413 ], [ 55.95753, 27.040757986975326 ], [ 55.939301, 27.026678986970406 ], [ 55.928396, 27.023423986969281 ], [ 55.8838, 27.018743986967646 ], [ 55.842459, 27.00975198696452 ], [ 55.831798, 27.008733986964156 ], [ 55.79835, 27.00975198696452 ], [ 55.787283, 27.007716986963814 ], [ 55.772472, 26.99827698696058 ], [ 55.763682, 26.996160986959822 ], [ 55.726329, 26.996160986959822 ], [ 55.694835, 27.002752986962086 ], [ 55.684825, 27.002996986962192 ], [ 55.665863, 26.995428986959563 ], [ 55.632335, 26.967514986949912 ], [ 55.61964, 26.96137098694777 ], [ 55.608572, 26.953680986945116 ], [ 55.554454, 26.899887986926661 ], [ 55.568858, 26.90411998692808 ], [ 55.575043, 26.907171986929129 ], [ 55.582367, 26.913559986931318 ], [ 55.586436, 26.889064986922953 ], [ 55.580414, 26.859116986912703 ], [ 55.568533, 26.830796986903067 ], [ 55.554454, 26.810532986896188 ], [ 55.522970132833237, 26.785550043396583 ], [ 55.316742, 26.787094986888281 ], [ 55.270844, 26.792547986890117 ], [ 55.232921, 26.776434986884691 ], [ 55.221039, 26.757391986878272 ], [ 55.215587, 26.739487986872266 ], [ 55.205903, 26.726385986867836 ], [ 55.181651, 26.721176986866112 ], [ 55.16212, 26.719142986865442 ], [ 55.118175, 26.707586986861525 ], [ 55.103282, 26.701320986859432 ], [ 55.037934, 26.648911986842013 ], [ 55.026866, 26.642645986839916 ], [ 54.930675, 26.572658986816808 ], [ 54.822032, 26.515773986798234 ], [ 54.815196, 26.510442986796466 ], [ 54.80893, 26.503851986794327 ], [ 54.801524, 26.498235986792515 ], [ 54.791026, 26.495835986791707 ], [ 54.778494, 26.497869986792395 ], [ 54.761567, 26.506821986795298 ], [ 54.749685, 26.508937986796013 ], [ 54.663829, 26.502020986793752 ], [ 54.619965, 26.508245986795732 ], [ 54.602875, 26.530991986803176 ], [ 54.590587, 26.559962986812664 ], [ 54.56129, 26.58466198682077 ], [ 54.516612, 26.592514986823357 ], [ 54.425629, 26.589341986822312 ], [ 54.389415, 26.605128986827502 ], [ 54.37143, 26.630844986836017 ], [ 54.356619, 26.662827986846601 ], [ 54.337738, 26.69342698685681 ], [ 54.308116, 26.714992986864011 ], [ 54.286876, 26.718654986865239 ], [ 54.266856, 26.715765986864273 ], [ 54.247569, 26.71084198686264 ], [ 54.171397, 26.706121986861092 ], [ 54.150401, 26.708196986861754 ], [ 54.081716, 26.726141986867756 ], [ 54.064464, 26.728582986868592 ], [ 54.053722, 26.73163498686959 ], [ 54.034516, 26.745306986874162 ], [ 54.026215, 26.749090986875469 ], [ 54.015798, 26.749456986875593 ], [ 53.995128, 26.745591986874267 ], [ 53.929373, 26.71800398686505 ], [ 53.883474, 26.712347986863101 ], [ 53.842784, 26.702093986859698 ], [ 53.820811, 26.701320986859432 ], [ 53.776134, 26.714259986863777 ], [ 53.75172, 26.716050986864392 ], [ 53.728282, 26.704738986860615 ], [ 53.716075, 26.708563986861876 ], [ 53.663829, 26.749090986875469 ], [ 53.588634, 26.788763986888831 ], [ 53.491547, 26.854314986911053 ], [ 53.477224, 26.870102986916446 ], [ 53.471446, 26.889634986923106 ], [ 53.469086, 26.937200986939434 ], [ 53.461111, 26.957098986946306 ], [ 53.444102, 26.975652986952706 ], [ 53.41212, 26.9935569869589 ], [ 53.072032, 27.096868986994931 ], [ 53.050141, 27.09857798699554 ], [ 53.028656, 27.104070986997456 ], [ 53.01531, 27.117335987002132 ], [ 53.004731, 27.133245987007712 ], [ 52.992198, 27.146958987012543 ], [ 52.932628, 27.160345987017276 ], [ 52.92335, 27.170232987020778 ], [ 52.914724, 27.191961987028488 ], [ 52.894298, 27.203069987032421 ], [ 52.848318, 27.215276987036795 ], [ 52.767751, 27.27973098705974 ], [ 52.732188, 27.301336987067529 ], [ 52.678803, 27.322373987075061 ], [ 52.601329, 27.352931987086095 ], [ 52.58074, 27.37225998709307 ], [ 52.579112, 27.392767987100505 ], [ 52.588552, 27.405503987105146 ], [ 52.605235, 27.412054987107524 ], [ 52.62615, 27.413885987108173 ], [ 52.644867, 27.413315987108014 ], [ 52.666515, 27.415350987108727 ], [ 52.678966, 27.425278987112325 ], [ 52.670095, 27.448634987120826 ], [ 52.654145, 27.460882987125309 ], [ 52.613536, 27.474676987130376 ], [ 52.598399, 27.485825987134458 ], [ 52.590505, 27.497747987138808 ], [ 52.574474, 27.530584987150885 ], [ 52.567638, 27.540716987154628 ], [ 52.492524, 27.609441987180059 ], [ 52.459646, 27.632635987188639 ], [ 52.423106, 27.646632987193904 ], [ 52.244884, 27.681382987206828 ], [ 52.207205, 27.698227987213158 ], [ 52.089203, 27.795395987249751 ], [ 52.052582, 27.817368987258057 ], [ 52.011241, 27.832708987263864 ], [ 51.963715, 27.838445987266052 ], [ 51.894298, 27.83087798726319 ], [ 51.878429, 27.835353987264885 ], [ 51.85963, 27.845892987268897 ], [ 51.823864, 27.843596987268008 ], [ 51.785295, 27.835453987264899 ], [ 51.722799, 27.825116987260994 ], [ 51.683443, 27.830580987263094 ], [ 51.596934, 27.846665987269162 ], [ 51.585134, 27.849310987270201 ], [ 51.580089, 27.855779987272633 ], [ 51.578868, 27.865301987276283 ], [ 51.575531, 27.872788987279129 ], [ 51.570323, 27.877630987281009 ], [ 51.539135, 27.881626987282495 ], [ 51.496424, 27.893040987286856 ], [ 51.475096, 27.91347998729464 ], [ 51.452077, 27.947514987307724 ], [ 51.428156, 27.961146987312986 ], [ 51.399876, 27.931712987301644 ], [ 51.380271, 27.991417987324603 ], [ 51.36061, 28.016377987334256 ], [ 51.345222, 28.052668987348319 ], [ 51.30753, 28.107131987369488 ], [ 51.290369, 28.121518987375076 ], [ 51.269759, 28.140453987382507 ], [ 51.264822, 28.160548987390349 ], [ 51.286876, 28.214300987411452 ], [ 51.28533, 28.240911987421971 ], [ 51.264822, 28.270452987433643 ], [ 51.229991, 28.298406987444707 ], [ 51.217621, 28.311427987449878 ], [ 51.182384, 28.359767987469088 ], [ 51.149425, 28.390529987481397 ], [ 51.141856, 28.400783987485504 ], [ 51.08074, 28.533921987539063 ], [ 51.07252, 28.565252987551805 ], [ 51.071544, 28.692693987603764 ], [ 51.058849, 28.73590698762154 ], [ 51.036388, 28.772527987636579 ], [ 51.010916, 28.799139987647635 ], [ 50.978689, 28.816635987654845 ], [ 50.936534, 28.825343987658457 ], [ 50.896007, 28.827337987659316 ], [ 50.87615, 28.832016987661216 ], [ 50.867686, 28.842677987665617 ], [ 50.860037, 28.862453987673863 ], [ 50.812999, 28.914699987695627 ], [ 50.804861, 28.933579987703499 ], [ 50.798839, 28.961126987715033 ], [ 50.802582, 28.985825987725335 ], [ 50.823253, 28.996648987729913 ], [ 50.842784, 28.990667987727388 ], [ 50.862478, 28.976141987721306 ], [ 50.878917, 28.957993987713696 ], [ 50.888682, 28.941391987706751 ], [ 50.899262, 28.949448987710117 ], [ 50.89796, 28.956731987713191 ], [ 50.893403, 28.965032987716654 ], [ 50.894867, 28.976141987721306 ], [ 50.902029, 28.98338498772436 ], [ 50.922211, 28.999212987731006 ], [ 50.928966, 29.009669987735375 ], [ 50.932384, 29.031479987744536 ], [ 50.929942, 29.054632987754296 ], [ 50.920177, 29.069036987760388 ], [ 50.901703, 29.064886987758619 ], [ 50.893321, 29.093898987770888 ], [ 50.886567, 29.10407098777517 ], [ 50.87436, 29.113266987779106 ], [ 50.868337, 29.112046987778591 ], [ 50.859141, 29.107814987776823 ], [ 50.850841, 29.105454987775801 ], [ 50.847179, 29.109930987777691 ], [ 50.845958, 29.126857987784852 ], [ 50.844005, 29.135198987788375 ], [ 50.840343, 29.140610987790716 ], [ 50.816417, 29.14419198779223 ], [ 50.738292, 29.140081987790488 ], [ 50.720225, 29.137192987789234 ], [ 50.693696, 29.123439987783428 ], [ 50.665863, 29.126409987784658 ], [ 50.643809, 29.143458987791906 ], [ 50.634939, 29.171331987803761 ], [ 50.633067, 29.195501987814019 ], [ 50.635753, 29.20770898781926 ], [ 50.644786, 29.219793987824385 ], [ 50.651866, 29.23334398783016 ], [ 50.658376, 29.24994498783726 ], [ 50.667491, 29.257269987840385 ], [ 50.682628, 29.243068987834327 ], [ 50.687022, 29.283880987851795 ], [ 50.689464, 29.290838987854784 ], [ 50.679861, 29.293646987856004 ], [ 50.673595, 29.299627987858532 ], [ 50.661469, 29.318792987866789 ], [ 50.66863, 29.343328987877339 ], [ 50.668224, 29.382269987894119 ], [ 50.663097, 29.421941987911275 ], [ 50.655284, 29.449122987923026 ], [ 50.6421, 29.469793987932007 ], [ 50.622732, 29.493068987942117 ], [ 50.607432, 29.499497987944924 ], [ 50.606944, 29.469630987931954 ], [ 50.601085, 29.480657987936695 ], [ 50.572765, 29.51801198795296 ], [ 50.52003, 29.555975987969543 ], [ 50.511404, 29.568914987975184 ], [ 50.504568, 29.586085987982692 ], [ 50.48878, 29.605372987991139 ], [ 50.456065, 29.634100988003727 ], [ 50.396983, 29.654730988012787 ], [ 50.387869, 29.665106988017364 ], [ 50.381602, 29.685003988026097 ], [ 50.367035, 29.704087988034509 ], [ 50.340017, 29.730291988046069 ], [ 50.313324, 29.763982988060945 ], [ 50.267914, 29.836370988093076 ], [ 50.243826, 29.866847988106631 ], [ 50.225108, 29.881170988112991 ], [ 50.183849, 29.90314398812281 ], [ 50.144867, 29.938055988138419 ], [ 50.141368, 29.942571988140436 ], [ 50.138438, 29.954656988145864 ], [ 50.137543, 29.972967988154021 ], [ 50.133962, 29.983546988158778 ], [ 50.149669, 29.985174988159486 ], [ 50.153331, 29.991033988162126 ], [ 50.147472, 29.998235988165373 ], [ 50.133962, 30.004054988167944 ], [ 50.144786, 30.037908988183169 ], [ 50.121837, 30.094549988208691 ], [ 50.127696, 30.120672988220523 ], [ 50.113617, 30.130315988224872 ], [ 50.097911, 30.1485049882331 ], [ 50.084727, 30.168890988242307 ], [ 50.079356, 30.185247988249714 ], [ 50.073416, 30.195745988254519 ], [ 50.058849, 30.204575988258519 ], [ 50.050629, 30.207342988259757 ], [ 50.024099, 30.216253988263823 ], [ 49.988292, 30.219915988265491 ], [ 49.95102, 30.215032988263282 ], [ 49.914561, 30.203924988258208 ], [ 49.600759, 30.030096988179658 ], [ 49.564464, 30.016831988173713 ], [ 49.532237, 30.022934988176477 ], [ 49.50408, 30.058660988192546 ], [ 49.501638, 30.074896988199811 ], [ 49.501231, 30.120062988220255 ], [ 49.493419, 30.137436988228089 ], [ 49.486176, 30.146388988232118 ], [ 49.483653, 30.151800988234591 ], [ 49.479828, 30.156072988236517 ], [ 49.469086, 30.161688988239071 ], [ 49.459321, 30.16518798824066 ], [ 49.44988, 30.167181988241573 ], [ 49.428233, 30.168523988242161 ], [ 49.417654, 30.167466988241653 ], [ 49.396007, 30.162786988239546 ], [ 49.383962, 30.161688988239071 ], [ 49.372813, 30.163763988239985 ], [ 49.358409, 30.173162988244275 ], [ 49.349946, 30.175278988245232 ], [ 49.329275, 30.17226798824386 ], [ 49.29184, 30.158514988237609 ], [ 49.271251, 30.154852988235959 ], [ 49.245128, 30.156479988236701 ], [ 49.235688, 30.165106988240602 ], [ 49.237071, 30.206365988259336 ], [ 49.23406, 30.209417988260711 ], [ 49.220225, 30.21792198826461 ], [ 49.215994, 30.223781988267255 ], [ 49.215505, 30.229192988269713 ], [ 49.215994, 30.24420798827655 ], [ 49.21754, 30.251775988279963 ], [ 49.22169, 30.258204988282891 ], [ 49.221202, 30.264552988285782 ], [ 49.209158, 30.271469988288928 ], [ 49.143321, 30.233546988271662 ], [ 49.134776, 30.246323988277481 ], [ 49.124034, 30.256414988282064 ], [ 49.1067, 30.257798988282715 ], [ 49.083507, 30.264837988285887 ], [ 49.017345, 30.298284988301173 ], [ 49.003673, 30.309393988306233 ], [ 49.001235996962741, 30.321303230119373 ], [ 48.997081, 30.34161998832101 ], [ 48.979503, 30.361761988330205 ], [ 48.953298, 30.37352098833556 ], [ 48.921153, 30.380763988338909 ], [ 48.931814, 30.397161988346426 ], [ 48.948578, 30.401067988348188 ], [ 48.989431, 30.395005988345439 ], [ 49.010753, 30.395940988345849 ], [ 49.043712, 30.405665988350332 ], [ 49.062022, 30.408107988351432 ], [ 49.082367, 30.40379498834946 ], [ 49.123383, 30.385076988340892 ], [ 49.137462, 30.380763988338909 ], [ 49.159679, 30.37885198833801 ], [ 49.176443, 30.372747988335213 ], [ 49.189952, 30.362208988330405 ], [ 49.202891, 30.346624988323263 ], [ 49.208751, 30.360092988329423 ], [ 49.227712, 30.389227988342778 ], [ 49.257172, 30.421860988357761 ], [ 49.262869, 30.432562988362672 ], [ 49.263845, 30.449651988370555 ], [ 49.243175, 30.446030988368886 ], [ 49.228282, 30.45441298837272 ], [ 49.219005, 30.469793988379799 ], [ 49.211192, 30.506333988396673 ], [ 49.199392, 30.501613988394517 ], [ 49.183849, 30.487046988387789 ], [ 49.168224, 30.476995988383148 ], [ 49.169688, 30.489731988389011 ], [ 49.171153, 30.493108988390571 ], [ 49.175059, 30.497462988392584 ], [ 49.166759, 30.508774988397771 ], [ 49.158214, 30.506984988396951 ], [ 49.14796, 30.500392988393941 ], [ 49.134044, 30.497462988392584 ], [ 49.128103, 30.501124988394228 ], [ 49.116954, 30.514878988400636 ], [ 49.110118, 30.51797098840202 ], [ 49.10377, 30.516831988401481 ], [ 49.094412, 30.512192988399352 ], [ 49.089366, 30.511134988398876 ], [ 49.069347, 30.513820988400134 ], [ 49.05128, 30.518377988402225 ], [ 49.034353, 30.519272988402633 ], [ 49.017345, 30.511134988398876 ], [ 48.981456, 30.515610988400933 ], [ 48.952973, 30.500189988393807 ], [ 48.945649, 30.479721988384355 ], [ 48.972667, 30.469467988379662 ], [ 49.004405, 30.464015988377142 ], [ 49.02947, 30.450262988370842 ], [ 49.037283, 30.432521988362677 ], [ 49.017345, 30.41494398835459 ], [ 49.000499, 30.41518798835472 ], [ 48.946462, 30.421575988357645 ], [ 48.934825, 30.418646988356265 ], [ 48.880138, 30.374578988336069 ], [ 48.87615, 30.370102988334011 ], [ 48.867361, 30.35809998832849 ], [ 48.862315, 30.345607988322786 ], [ 48.873709, 30.336655988318704 ], [ 48.86964, 30.329494988315421 ], [ 48.863048, 30.321518988311766 ], [ 48.85963, 30.316229988309381 ], [ 48.867035, 30.294744988299573 ], [ 48.884532, 30.279363988292534 ], [ 48.904796, 30.266017988286467 ], [ 48.921153, 30.250433988279344 ], [ 48.929535, 30.232651988271289 ], [ 48.936046, 30.210109988261006 ], [ 48.941661, 30.165106988240602 ], [ 48.939708, 30.15253298823491 ], [ 48.930837, 30.131984988225646 ], [ 48.927989, 30.120672988220523 ], [ 48.928559, 30.110052988215724 ], [ 48.934255, 30.091009988207112 ], [ 48.934825, 30.079738988202024 ], [ 48.928559, 30.060003988193134 ], [ 48.915294, 30.042181988185089 ], [ 48.897227, 30.029445988179404 ], [ 48.87672, 30.024481988177154 ], [ 48.808849, 30.031439988180278 ], [ 48.791352, 30.024481988177154 ], [ 48.771983, 30.032374988180674 ], [ 48.701996, 30.031927988180499 ], [ 48.659516, 30.052231988189636 ], [ 48.643321, 30.055405988191069 ], [ 48.640636, 30.038071988183276 ], [ 48.645518, 30.026108988177889 ], [ 48.658946, 30.007269988169448 ], [ 48.661632, 29.99347598816323 ], [ 48.658702, 29.983628988158806 ], [ 48.651378, 29.97500198815494 ], [ 48.642345, 29.96796298815179 ], [ 48.6338, 29.963038988149602 ], [ 48.61085, 29.957016988146886 ], [ 48.537446, 29.963038988149602 ], [ 48.537446, 29.969874988152647 ], [ 48.532074, 29.963812988149954 ], [ 48.531016, 29.961329988148819 ], [ 48.530772, 29.960760988148571 ], [ 48.530772, 29.956203988146548 ], [ 48.554942, 29.956487988146637 ], [ 48.559255, 29.946600988142247 ], [ 48.546886, 29.93471898813689 ], [ 48.520518, 29.928899988134326 ], [ 48.411876, 29.938421988138568 ], [ 48.33546, 29.961411988148871 ], [ 48.299571, 29.984523988159214 ], [ 48.264659, 29.993963988163451 ], [ 48.209239, 30.024481988177154 ], [ 48.165782, 30.037542988183031 ], [ 48.119151, 30.044988988186393 ], [ 48.076345, 30.045639988186657 ], [ 48.038259, 30.036850988182724 ], [ 47.969005, 30.004054988167944 ], [ 47.961925, 30.03034098817977 ], [ 47.958507, 30.06061398819341 ], [ 47.951671, 30.088323988205904 ], [ 47.934825, 30.10708198821434 ], [ 47.947113, 30.074529988199657 ], [ 47.948497, 30.062322988194175 ], [ 47.946056, 30.04938398818835 ], [ 47.941742, 30.037257988182883 ], [ 47.940929, 30.026515988178048 ], [ 47.948497, 30.017645988174063 ], [ 47.948009, 29.994044988163477 ], [ 47.955089, 29.977280988155975 ], [ 47.965505, 29.962062988149135 ], [ 47.975271, 29.942571988140436 ], [ 47.979747, 29.921453988130974 ], [ 47.979503, 29.884344988114417 ], [ 47.982677, 29.860662988103876 ], [ 47.995616, 29.827703988089198 ], [ 48.021739, 29.77973098806795 ], [ 48.052419, 29.74298698805169 ], [ 48.078868, 29.743963988052126 ], [ 48.096039, 29.699163988032353 ], [ 48.119151, 29.65452698801268 ], [ 48.161306, 29.601629987989494 ], [ 48.180917, 29.562216987972235 ], [ 48.176758, 29.541915987963396 ], [ 48.154518, 29.539089987962139 ], [ 48.113536, 29.554632987968958 ], [ 48.09254, 29.56582298797386 ], [ 48.085948, 29.575018987977852 ], [ 48.066349, 29.57755598797899 ], [ 48.041923, 29.582092987980932 ], [ 48.023859, 29.584808987982122 ], [ 48.006692, 29.582303987981007 ], [ 47.965531, 29.576297987978425 ], [ 47.935977, 29.554024987968674 ], [ 47.91062, 29.531788987958986 ], [ 47.849258, 29.501978987945975 ], [ 47.807043, 29.467621987931064 ], [ 47.57511023779103, 29.639437025106538 ], [ 47.361082936568685, 29.755133326032684 ], [ 47.22764347645267, 29.780857991674722 ], [ 47.041480160009904, 29.742293692502468 ], [ 46.982337687412631, 29.755143579081121 ], [ 46.991058075077376, 29.832273314743315 ], [ 46.965128590220353, 29.870843258483276 ], [ 46.878572351537919, 29.909407557649089 ], [ 46.802783497009045, 29.909407557649093 ], [ 46.662025755886482, 29.870843258483276 ], [ 46.610092146963709, 29.947884086787717 ], [ 46.595363298596688, 30.217825747109043 ], [ 46.4266171703864, 30.333594554312544 ], [ 45.934551106095739, 30.410718567537636 ], [ 45.607369377702476, 30.603220819033176 ], [ 45.117861023758614, 31.104506944888325 ], [ 44.879986946360013, 31.284767172650383 ], [ 44.656074149788459, 31.323328038541742 ], [ 44.556923576204305, 31.387568236207063 ], [ 44.483479989267408, 31.541812764359989 ], [ 44.198070343069979, 31.836801367159183 ], [ 43.414224948060983, 32.569520478871574 ], [ 43.063809850206027, 32.840177507836145 ], [ 42.79738001899215, 32.917317541699532 ], [ 42.682479530488862, 32.981592676118964 ], [ 42.604320983015683, 33.097308427505261 ], [ 42.475582999471442, 33.174454462119449 ], [ 42.167348008047405, 33.290177079565744 ], [ 42.052248926204513, 33.354478627576803 ], [ 42.015371486566998, 33.431630104972108 ], [ 41.900246206193302, 33.495915691089941 ], [ 41.591560319085936, 33.611652040756958 ], [ 41.476277118064601, 33.675961361294604 ], [ 41.439301259916654, 33.753121993916395 ], [ 41.396249389599994, 33.778850545003571 ], [ 41.304060363399977, 33.778850545003571 ], [ 41.260989404070799, 33.804564677207793 ], [ 41.223974635956203, 33.881732176757673 ], [ 41.151668384173412, 33.920322594907752 ], [ 40.971714630898127, 33.958907493034715 ], [ 40.870104737989621, 34.010338643001901 ], [ 40.745233729943187, 34.126097879913281 ], [ 40.625149054487494, 34.151838841584748 ], [ 40.311470032, 34.100391378168503 ], [ 40.384927935803361, 34.203285099077362 ], [ 40.374029721394187, 34.241880182696882 ], [ 40.286152834797377, 34.28046965880133 ], [ 40.030405416039692, 34.331908962908692 ], [ 39.350569582551721, 34.447688798398147 ], [ 38.896450176897467, 34.383258690720723 ], [ 38.216320226044552, 34.07454135613888 ], [ 37.940021227947369, 33.93316819732479 ], [ 37.789549861267929, 33.817415826452759 ], [ 37.736776498381161, 33.753121993916395 ], [ 37.728779377683729, 33.675961361294604 ], [ 37.695409393399999, 33.650249470937872 ], [ 37.603266143600003, 33.650249470937872 ], [ 37.47245260288733, 33.573020627525949 ], [ 37.172861032825132, 33.341557319739657 ], [ 37.069401523934573, 33.225884985724321 ], [ 37.057980354214592, 33.110164657164162 ], [ 37.023548126199991, 33.071609486643773 ], [ 36.931606292799998, 33.071609486643773 ], [ 36.864020265038114, 33.007275364034641 ], [ 36.753504992217927, 32.81442428473504 ], [ 36.723455935189008, 32.660104098843178 ], [ 36.743796908008605, 32.390136164584113 ], [ 36.703623018568678, 32.287386643815886 ], [ 36.515514374, 32.23596953222571 ], [ 36.632957405707678, 32.184548515372143 ], [ 36.606934580357581, 32.068738152981986 ], [ 36.441532049252231, 31.760237034633917 ], [ 36.393842885520314, 31.567458017496271 ], [ 36.415719631213555, 31.297532404070921 ], [ 36.392656708000011, 31.207649219725774 ], [ 36.301328278000014, 31.207649219725759 ], [ 36.296871371684965, 31.156205360974212 ], [ 36.374851378700981, 31.001963120429171 ], [ 36.334491553970089, 30.886265032882637 ], [ 36.13579968421385, 30.693462002716696 ], [ 36.025408557895538, 30.461831473166395 ], [ 35.893958140375766, 29.960518950730986 ], [ 35.835457611400003, 29.793714511074118 ], [ 35.790003967600008, 29.793714511074118 ], [ 35.781000944960475, 29.677874372085519 ], [ 35.799886437767256, 29.330777110310091 ], [ 35.730706787200006, 29.215217577822425 ], [ 35.503843688800004, 29.215217577822415 ], [ 35.310088627417656, 29.253769491383853 ], [ 34.955577, 29.305120987860914 ], [ 34.962413, 29.359767987884382 ], [ 34.96313839501402, 29.369823009114032 ], [ 34.969005, 29.45083198792376 ], [ 34.976085, 29.477036987935197 ], [ 34.997813, 29.517970987952975 ], [ 34.996837, 29.533880987959886 ], [ 34.976085, 29.552150987967842 ], [ 34.962413, 29.552150987967842 ], [ 34.961599, 29.555405987969305 ], [ 34.961599, 29.558091987970435 ], [ 34.960216, 29.559515987971093 ], [ 34.955577, 29.558986987970826 ], [ 34.951345, 29.545639987965028 ], [ 34.944998, 29.536850987961181 ], [ 34.927745, 29.51801198795296 ], [ 34.91977, 29.507391987948346 ], [ 34.915782, 29.500229987945229 ], [ 34.914073, 29.493800987942461 ], [ 34.910818, 29.489935987940761 ], [ 34.903005, 29.489690987940627 ], [ 34.893728, 29.490545987941008 ], [ 34.886729, 29.490057987940823 ], [ 34.875336, 29.484808987938514 ], [ 34.866873, 29.479192987936091 ], [ 34.859711, 29.472153987933012 ], [ 34.85255, 29.462794987928962 ], [ 34.847016, 29.451116987923921 ], [ 34.843761, 29.440822987919436 ], [ 34.838145, 29.432928987916046 ], [ 34.825369, 29.428615987914153 ], [ 34.828868, 29.427719987913758 ], [ 34.831716, 29.427638987913742 ], [ 34.833263, 29.426173987913071 ], [ 34.832774, 29.421128987910929 ], [ 34.824229, 29.41738498790928 ], [ 34.817638, 29.412176987907063 ], [ 34.815196, 29.406398987904556 ], [ 34.819102, 29.400701987902085 ], [ 34.809581, 29.399114987901388 ], [ 34.805186, 29.396429987900213 ], [ 34.805919, 29.392563987898559 ], [ 34.812266, 29.387640987896447 ], [ 34.800629, 29.37787498789222 ], [ 34.777599, 29.346095987878527 ], [ 34.772716, 29.341863987876696 ], [ 34.761974, 29.336858987874535 ], [ 34.757009, 29.333074987872937 ], [ 34.75294, 29.327093987870342 ], [ 34.749766, 29.321193987867822 ], [ 34.744965, 29.315822987865509 ], [ 34.736583, 29.311264987863524 ], [ 34.736583, 29.305120987860914 ], [ 34.745291, 29.291326987854973 ], [ 34.741954, 29.277003987848854 ], [ 34.734141, 29.263128987842894 ], [ 34.729015, 29.250473987837513 ], [ 34.729015, 29.198919987815486 ], [ 34.723643, 29.186671987810268 ], [ 34.712087, 29.177435987806344 ], [ 34.700369, 29.170355987803298 ], [ 34.694998, 29.164495987800827 ], [ 34.693858, 29.150457987794862 ], [ 34.690115, 29.13446698778808 ], [ 34.683849, 29.119044987781539 ], [ 34.674571, 29.106512987776224 ], [ 34.677013, 29.094915987771316 ], [ 34.674571, 29.034409987745772 ], [ 34.676606, 29.024806987741737 ], [ 34.686534, 29.012436987736557 ], [ 34.688731, 29.000392987731505 ], [ 34.68572, 28.988673987726585 ], [ 34.678233, 28.983139987724226 ], [ 34.669119, 28.980169987723002 ], [ 34.646739, 28.967433987717683 ], [ 34.64324, 28.962062987715413 ], [ 34.64031, 28.948797987709884 ], [ 34.640961, 28.942693987707287 ], [ 34.646007, 28.922348987698825 ], [ 34.647146, 28.86285998767401 ], [ 34.620453, 28.845851987666965 ], [ 34.620453, 28.839585987664343 ], [ 34.623383, 28.830551987660627 ], [ 34.626313, 28.816961987655006 ], [ 34.626313, 28.802394987648967 ], [ 34.620453, 28.79059498764407 ], [ 34.624034, 28.787054987642598 ], [ 34.627289, 28.782537987640747 ], [ 34.633474, 28.770696987635834 ], [ 34.62436, 28.76532598763367 ], [ 34.622813, 28.759832987631395 ], [ 34.625011, 28.753729987628873 ], [ 34.62672, 28.74648698762585 ], [ 34.624522, 28.735988987621571 ], [ 34.619884, 28.729192987618735 ], [ 34.615245, 28.724188987616721 ], [ 34.613048, 28.719183987614645 ], [ 34.607677, 28.701482987607385 ], [ 34.584239, 28.672348987595448 ], [ 34.570323, 28.626165987576567 ], [ 34.530121, 28.572698987554784 ], [ 34.517345, 28.544134987543202 ], [ 34.516368, 28.541489987542178 ], [ 34.516449, 28.53896698754113 ], [ 34.51531, 28.537420987540518 ], [ 34.51059, 28.537990987540713 ], [ 34.523611, 28.507309987528309 ], [ 34.511567, 28.487778987520453 ], [ 34.48878, 28.472723987514367 ], [ 34.469005, 28.455389987507395 ], [ 34.471934, 28.453273987506556 ], [ 34.47283, 28.452825987506369 ], [ 34.475271, 28.447942987504408 ], [ 34.461681, 28.442042987502049 ], [ 34.454275, 28.428899987496735 ], [ 34.444835, 28.384466987478955 ], [ 34.441173, 28.373480987474576 ], [ 34.429373, 28.356756987467932 ], [ 34.427419, 28.356105987467625 ], [ 34.424327, 28.344712987463105 ], [ 34.410167, 28.32001398745329 ], [ 34.406912, 28.308009987448518 ], [ 34.407888, 28.291163987441863 ], [ 34.410655, 28.278143987436685 ], [ 34.41505, 28.267075987432321 ], [ 34.420584, 28.256170987427982 ], [ 34.420584, 28.249944987425529 ], [ 34.412934, 28.233139987418891 ], [ 34.421153, 28.21816598741302 ], [ 34.434337, 28.20441298740759 ], [ 34.443126, 28.188299987401269 ], [ 34.452485, 28.180364987398129 ], [ 34.455333, 28.174871987395981 ], [ 34.455251, 28.167466987393063 ], [ 34.452647, 28.163234987391427 ], [ 34.449962, 28.160345987390293 ], [ 34.448578, 28.157171987389031 ], [ 34.447765, 28.144679987384141 ], [ 34.438639, 28.109556987370443 ], [ 34.426753, 28.081543987359503 ], [ 34.444027, 28.053540987348629 ], [ 34.427419, 27.983058987321371 ], [ 34.434906, 27.975571987318528 ], [ 34.408865, 27.972112987317168 ], [ 34.400727, 27.968735987315871 ], [ 34.397472, 27.963079987313684 ], [ 34.394379, 27.953802987310119 ], [ 34.389985, 27.94525798730686 ], [ 34.376964, 27.938177987304133 ], [ 34.37086, 27.923650987298576 ], [ 34.362559, 27.920355987297317 ], [ 34.354991, 27.919500987296999 ], [ 34.341156, 27.915472987295427 ], [ 34.331309, 27.914129987294945 ], [ 34.333344, 27.910101987293391 ], [ 34.333507, 27.909124987293023 ], [ 34.334483, 27.90875898729286 ], [ 34.338715, 27.906683987292048 ], [ 34.331228, 27.89154698728629 ], [ 34.320974, 27.861273987274746 ], [ 34.31129, 27.852036987271219 ], [ 34.304454, 27.852036987271219 ], [ 34.30128, 27.857326987273229 ], [ 34.292979, 27.859848987274205 ], [ 34.286388, 27.864406987275952 ], [ 34.27947, 27.858343987273624 ], [ 34.272716, 27.83616798726521 ], [ 34.26352, 27.82477398726089 ], [ 34.271739, 27.8124449872562 ], [ 34.259125, 27.801702987252117 ], [ 34.239513, 27.794134987249251 ], [ 34.226085, 27.791245987248182 ], [ 34.216807, 27.791937987248456 ], [ 34.214122, 27.791489987248262 ], [ 34.21811, 27.775783987242331 ], [ 34.208507, 27.775945987242377 ], [ 34.199962, 27.782171987244723 ], [ 34.189789, 27.786769987246466 ], [ 34.174815, 27.791245987248182 ], [ 34.078461, 27.800685987251718 ], [ 34.054454, 27.814520987256984 ], [ 33.987559, 27.886663987284429 ], [ 33.982432, 27.889959987285682 ], [ 33.973806, 27.889227987285388 ], [ 33.916759, 27.935735987303186 ], [ 33.903982, 27.941798987305514 ], [ 33.89088, 27.942531987305809 ], [ 33.879405, 27.934637987302793 ], [ 33.865571, 27.961329987313057 ], [ 33.858897, 27.95514598731064 ], [ 33.849864, 27.964829987314364 ], [ 33.815115, 27.991033987324485 ], [ 33.806895, 27.994573987325818 ] ], [ [ 67.730737464776254, 31.349035279409989 ], [ 67.743453979400016, 31.336183536787239 ], [ 67.789138793599989, 31.336183536787239 ], [ 67.806881868555507, 31.349035279409989 ], [ 67.814439545018075, 31.38759614529771 ], [ 67.801731872800005, 31.400451648818056 ], [ 67.74080658, 31.400451648818056 ], [ 67.730737464776254, 31.349035279409989 ] ] ], [ [ [ 35.517345, 33.902532990066952 ], [ 35.482504165387816, 33.853117346396282 ], [ 35.483002, 33.8651799900478 ], [ 35.483246, 33.872462990051517 ], [ 35.479991, 33.884262990057593 ], [ 35.473806, 33.893865990062473 ], [ 35.47047, 33.902085990066709 ], [ 35.475841, 33.909979990070781 ], [ 35.486583, 33.912990990072302 ], [ 35.499766, 33.911199990071374 ], [ 35.511241, 33.907049990069289 ], [ 35.517345, 33.902532990066952 ] ] ], [ [ [ 35.95064713832339, 35.187945293137794 ], [ 35.939791915376496, 35.178720539804523 ], [ 35.941254, 35.180568990726123 ], [ 35.951684893537973, 35.1891343199228 ], [ 35.95064713832339, 35.187945293137794 ] ] ], [ [ [ 53.947602, 36.898748991613843 ], [ 53.876475, 36.891668991610189 ], [ 53.957774, 36.919622991624571 ], [ 54.004242, 36.914617991622009 ], [ 53.947602, 36.898748991613843 ] ] ], [ [ [ 40.449726422828171, 41.036071560282842 ], [ 40.424422820803493, 41.030211318361069 ], [ 40.464854, 41.050441993656079 ], [ 40.48402458957159, 41.044014581821955 ], [ 40.452640212193884, 41.0367463720656 ], [ 40.499685, 41.038763993650718 ], [ 40.529145, 41.036281993649567 ], [ 40.449726422828171, 41.036071560282842 ] ] ], [ [ [ 58.430307905624225, 42.639216571239551 ], [ 58.440870798837445, 42.678236344260227 ], [ 58.4604202274, 42.691246027387614 ], [ 58.50848999059999, 42.691246027387614 ], [ 58.52098095965134, 42.678236344260227 ], [ 58.506877899, 42.626213068359647 ], [ 58.442809295799997, 42.626213068359647 ], [ 58.430307905624225, 42.639216571239551 ] ] ], [ [ [ 62.065122667333021, 43.289968735853407 ], [ 62.076715528566695, 43.329043440573578 ], [ 62.096668243599993, 43.342071527662299 ], [ 62.144916534399982, 43.342071527662299 ], [ 62.157123235440281, 43.329043440573585 ], [ 62.141647339, 43.276947015635251 ], [ 62.07734069819999, 43.276947015635251 ], [ 62.065122667333021, 43.289968735853407 ] ] ] ] } }
]
}
